index,id,url,#reviewers,#messages,#inline_comments,#unsolved_inline_comments,len_messages,churn,#revisions,#files,duration,len_description,subject categories,subject keywords,description categories,description keywords,subject,description
779,pyside%2Fpyside-setup~dev~Id10f03d06f7dd82fdd90a93d8f8df9e1bd36ae85,https://codereview.qt-project.org/332307,1,3,0,0,180,37,1,1,75.1825,161,refactoring/,refactor|,refactoring/,refactor|,WIP: Refactor using,WIP: Refactor using  todo  is this needed at all(binding-wise due to the base class)  see however libsample  Change-Id: Id10f03d06f7dd82fdd90a93d8f8df9e1bd36ae85
921,pyside%2Fpyside-setup~dev~I5d306f5e551b2783362fd0aed3050172f68402d1,https://codereview.qt-project.org/325851,1,7,1,0,372,147,3,3,1099.045,106,refactoring/,refactor|,refactoring/,refactor|,WIP: shiboken6: Refactor operator function detection,WIP: shiboken6: Refactor operator function detection  Change-Id: I5d306f5e551b2783362fd0aed3050172f68402d1
1054,qt%2Fqtdeclarative~5.9~I836e47199daee9522d41143f839d2444588ec9a4,https://codereview.qt-project.org/196433,1,4,0,0,86,41,2,1,7976.60055555556,238,refactoring/,refactor|,refactoring/,refactor|,Refactor the identifier() code in the QV4::Codegen,"Refactor the identifier() code in the QV4::Codegen  Prepare is, so we can record more exactly which variables of a context can escape and need to be stored as locals in the CallContext  Change-Id: I836e47199daee9522d41143f839d2444588ec9a4"
1771,qt%2Fqtdeclarative~5.11~I48f71d4e86058005bced9353b69ee49ec6229bed,https://codereview.qt-project.org/220386,1,4,0,0,86,25,2,2,21.3486111111111,231,refactoring/,refactor|,refactoring/,refactor|,"Refactor fromQmlScopeObject(), fromQmlContextObject()","Refactor fromQmlScopeObject(), fromQmlContextObject()  Pass QQmlPropertyData so that these functions can calculate stuff themselves instead of relying on the call site to do it.  Change-Id: I48f71d4e86058005bced9353b69ee49ec6229bed"
1772,qt%2Fqtbase~dev~I33f6f5f12a78c25931f072c528c5766539776fe1,https://codereview.qt-project.org/219699,2,3,0,0,272,219,1,3,165.775,130,refactoring/,refactor|,refactoring/,refactor|,WIP: WIP: Refactor tst_qmenu + suppres spurious mouse WINdows,WIP: WIP: Refactor tst_qmenu + suppres spurious mouse WINdows  Do not submit  Change-Id: I33f6f5f12a78c25931f072c528c5766539776fe1
1834,qt%2Fqtbase~dev~Iec64f9accff62e9acb08942b2fa95ab15c3546b5,https://codereview.qt-project.org/213429,9,6,7,0,557,529,1,17,1673.62416666667,233,refactoring/,refactor|,refactoring/,refactor|,Refactor qt_mac_toQPixmap to handle HiDPI and template images,Refactor qt_mac_toQPixmap to handle HiDPI and template images  This will allow us to get better conversion fidelity from NSImage and prepare for its use in more creative arenas...  Change-Id: Iec64f9accff62e9acb08942b2fa95ab15c3546b5
1918,qt-creator%2Fqt-creator~master~I03680d14dcce077e5cece1fb18a25d46ee8c347e,https://codereview.qt-project.org/219124,4,6,6,0,1283036,451,2,13,6.18722222222222,106,refactoring/,refactor|,refactoring/,refactor|,Clang: Refactor TokenInfos,Clang: Refactor TokenInfos  Remove code duplication.  Change-Id: I03680d14dcce077e5cece1fb18a25d46ee8c347e
2255,qt-creator%2Fqt-creator~master~Ia0de109e92b128aef4c18255621767280e0dcfef,https://codereview.qt-project.org/214955,5,9,1,0,318,171,4,4,525.579444444444,240,refactoring/,refactor|,refactoring/,refactor|,QmlDesigner: Refactor DesignDocument and DesignDocumentView,QmlDesigner: Refactor DesignDocument and DesignDocumentView  We want to be able to reuse the copy and paste code in other parts. Therefore we move most of the code to DesignDocumentView.  Change-Id: Ia0de109e92b128aef4c18255621767280e0dcfef
2892,qt%2Fqtbase~5.10~I1461a0f8eb7d417486fd2db1b88f9c2e6002d089,https://codereview.qt-project.org/210125,4,6,0,0,370,14,1,1,20.5225,708,refactoring/,refactor|,refactoring/,refactor|,Refactor childIdListForAccessibleObject,"Refactor childIdListForAccessibleObject  It has several problems:  1. It could potentially create an intArray with uninitialized elements.    This could happen because the index for getting interfaces were the    same as the storage index.  This was not correct, because they could    diverge if iface->child() returned an invalid interface.  2. The count of accessible child elements could change while iterating.    This could cause out-of-bounds condition when calling    SetIntArrayRegion as described in QTBUG-45855. Instead now, we call    SetIntArrayRegion only once, after we have gathered all the child    interface ids.  Change-Id: I1461a0f8eb7d417486fd2db1b88f9c2e6002d089 Task-number: QTBUG-45855"
3367,qt%2Fqtwayland~dev~I3daed9f9193b0871a0939739e43d7b556072ec2a,https://codereview.qt-project.org/207173,1,4,0,0,218,114,2,3,19.855,174,refactoring/,refactor|,refactoring/,refactor|,Refactor QWaylandPointer,Refactor QWaylandPointer  Makes it easier to follow enter and leave logic. Also add a missing buttonPressedChanged emit.  Change-Id: I3daed9f9193b0871a0939739e43d7b556072ec2a
3928,qt%2Fqtbase~5.8~Id7d6ee98a587cfd495bf5a7899f7b195e30ae790,https://codereview.qt-project.org/169774,2,2,1,0,224,517,1,7,9388.78333333333,627,refactoring/,refactor|,refactoring/,refactor|,Cocoa: Refactor QCococaGLContext,"Cocoa: Refactor QCococaGLContext  Prepare for supporting 	QCocoaWindow/QNSView that uses a NSOpenGLLayer subclass as a backing layer. NSOpenGLLayer has a callback-based API and handles tasks like making the context current at draw time.  Factor out functions for creating native pixel format and context objects in to static helper functions to make them accessible from the layer subclass.  Modify the context virtual functions to work when using a layer: makeCurrent() and doneCurrent() become no-ops, defaultFramebufferObject() asks QCocoaWindow what the current FBO is.  Change-Id: Id7d6ee98a587cfd495bf5a7899f7b195e30ae790"
3976,qt%2Fqtbase~dev~I6e931c419a654b0161ecf6e41fa658e417ffb07a,https://codereview.qt-project.org/167791,6,8,14,0,302,102,2,2,9858.14972222222,149,refactoring/,refactor|,refactoring/,refactor|,inotify: refactor event reading code,inotify: refactor event reading code  In preparation of larger refactoring in follow-up commit.  Change-Id: I6e931c419a654b0161ecf6e41fa658e417ffb07a
4255,qt%2Fqtbase~5.7~I1498b3378889ba56c9cd695c55fb931215c804af,https://codereview.qt-project.org/154390,2,2,0,0,149,147,1,1,13037.8322222222,296,refactoring/,refactor|,refactoring/,refactor|,AtSpiAdaptor: refactor some code,AtSpiAdaptor: refactor some code  Extract Method getAttributeSet()  Replace substring functions that return QString with corresponding functions that return QStringRef where it's possible.  Create QString from QStringRef only where necessary.  Change-Id: I1498b3378889ba56c9cd695c55fb931215c804af
4311,qt-creator%2Fqt-creator~master~I238c53adfb36dcf0695b462709a3400ec7c9134c,https://codereview.qt-project.org/151297,5,8,3,0,323,641,3,8,13730.1377777778,329,refactoring/,refactor|,refactoring/,refactor|,Clang: Refactor CodeCompletionsExtractor and optimize it,Clang: Refactor CodeCompletionsExtractor and optimize it  The CodeCompletionsExtractor was not very streamlined but is very performance sensitive. To improve the performance the code patter is change to a format which can be better optimized and is better understandable too.  Change-Id: I238c53adfb36dcf0695b462709a3400ec7c9134c
4826,qt%2Fqtdeclarative~dev~I03b556295b75f919c2c22f8f8884b1d54d6654c0,https://codereview.qt-project.org/205028,1,2,0,0,51,30,1,2,0.0113888888888889,156,refactoring/,refactor|,refactoring/,refactor|,refactor sendFilteredMouseEvent to match sendFilteredPointerEvent,refactor sendFilteredMouseEvent to match sendFilteredPointerEvent  and eliminate more temporary QSets.  Change-Id: I03b556295b75f919c2c22f8f8884b1d54d6654c0
4958,qt%2Fqtbase~dev~Ie05c6480d8a44fda817ffffd14d9ad4707aa8a92,https://codereview.qt-project.org/202388,5,5,8,0,249,98,1,4,414.953611111111,394,refactoring/,refactor|,refactoring/,refactor|,Refactor QNetworkAddress not to keep a full QHostAddress,"Refactor QNetworkAddress not to keep a full QHostAddress  QHostAddressPrivate is one QString and 24 bytes, allocated on the heap, which is WAY too heavy for something that fits into 8 bits. So instead of storing the expanded netmask inside QNetworkAddressEntryPrivate, we store the simple prefix length and calculate the mask only if asked.  Change-Id: Ie05c6480d8a44fda817ffffd14d9ad4707aa8a92"
5477,qt%2Fqtbase~dev~I3f54f68ff9e847fcbc66c187fd40deabec46cc25,https://codereview.qt-project.org/198124,7,23,4,0,1655,52,3,1,5.56805555555556,383,refactoring/,refactor|,refactoring/,refactor|,Refactor tst_QShaderNodesLoader,Refactor tst_QShaderNodesLoader  Pass the JSON input as QByteArray along with the OpenMode as test data instead of a shared pointer to a QBuffer. Move QFETCH to top of function before doing any checks. The test appears to be flaky which shows in COIN as well as sometimes when run under valgrind (despite no errors being logged).  Change-Id: I3f54f68ff9e847fcbc66c187fd40deabec46cc25
5917,qt%2Fqttools~dev~I9fed1b82d5afd0458b772475d303d2c0179ac73e,https://codereview.qt-project.org/193230,1,2,0,0,51,1116,1,47,0.0344444444444444,87,refactoring/,refactor|,refactoring/,refactor|,Refactor connect to use Qt5 style,Refactor connect to use Qt5 style  Change-Id: I9fed1b82d5afd0458b772475d303d2c0179ac73e
6208,qt%2Fqtbase~dev~I25d85d86649448d5b2b3fffd1450c6ac86e25dce,https://codereview.qt-project.org/159940,10,47,11,0,24961,191,7,4,39899.0988888889,305,refactoring/,refactor|,refactoring/,refactor|,Refactor the Unix event dispatchers to use QDeadlineTimer,"Refactor the Unix event dispatchers to use QDeadlineTimer  This simplifies a lot of code, since the logic of handling timeouts and the current time is now inside QDeadlineTimer.  This commit also removes the debugging code that I added back in Qt 5.0.  Change-Id: I25d85d86649448d5b2b3fffd1450c6ac86e25dce"
6288,pyside%2Fpyside-setup~dev~I8495cb1c410404018fdaf8c54d462dcb65149645,https://codereview.qt-project.org/325833,1,3,0,0,120,71,1,2,42.2241666666667,86,refactoring/,refactor|,refactoring/,refactor|,WIP: Refactor operator functions,WIP: Refactor operator functions  Change-Id: I8495cb1c410404018fdaf8c54d462dcb65149645
7406,qt%2Fqtwebengine~dev~I638023214cdc98a5101d190486452cc4a1229486,https://codereview.qt-project.org/184670,1,2,1,0,126,148,1,9,0.0122222222222222,272,refactoring/,refactor|,refactoring/,refactor|,Refactor release and debug handling,"Refactor release and debug handling  Fix release and debug builds. Refactor ninja and gn builds as a sub project, these are only build as release. Call core_generator and gn_run separately for debug and release builds.  Change-Id: I638023214cdc98a5101d190486452cc4a1229486"
7586,qt%2Fqtbase~dev~Ibcbcd835f26bc7070fb35158effbe028afe3c420,https://codereview.qt-project.org/182999,2,5,2,0,290,212,2,2,67.2511111111111,737,refactoring/,refactor|,refactoring/,refactor|,WIP - refactor HSTS cache,"WIP - refactor HSTS cache  While the original idea with tree-like struct was okeysh, since it reduces to minimum the number of string comparisons, the first implementation using a vector has a serious problem: removing 'Domains' from this vector is impossible without invalidating way too many indices in 'DomainLables' (I guess it would require heroic efforts and complexity to fix-up all indices after a removal, but I got a headache after 2.35 seconds of thinking about this). Now while the idea and even code are quite similar to the previous version, I have something more like a real tree. This means, we can remove/delete 'Domains' if/when their STS policies were invalidated.  Change-Id: Ibcbcd835f26bc7070fb35158effbe028afe3c420"
7597,qt%2Fqtserialbus~dev~I750165c0017af3b6004f0008eeb1c29020a93e70,https://codereview.qt-project.org/175169,1,6,2,0,408,25,3,2,2009.045,109,refactoring/,refactor|,refactoring/,refactor|,SocketCAN: Refactor max. payload length error handling,*** SocketCAN: Refactor max. payload lenght calculation  Change-Id: I750165c0017af3b6004f0008eeb1c29020a93e70
7727,qt-labs%2Fvstools~dev~I8064452b8242ee36c3b6fd064282de58df7a582e,https://codereview.qt-project.org/178475,1,2,1,0,165,2176,1,5,985.513055555555,118,refactoring/,refactor|,refactoring/,refactor|,WIP: Refactor MOC releated code into separate class/ source file,WIP: Refactor MOC releated code into separate class/ source file  Change-Id: I8064452b8242ee36c3b6fd064282de58df7a582e
7747,installer-framework%2Finstaller-framework~master~I12426a767a42832a0917bae92b486c23b09a8c89,https://codereview.qt-project.org/111916,1,7,2,0,578,974,2,13,14736.69,84,refactoring/,refactor|,refactoring/,refactor|,WIP: Rename and refactor code.,WIP: Rename and refactor code.  Change-Id: I12426a767a42832a0917bae92b486c23b09a8c89
7837,qt%2Fqtquickcontrols~5.5~Iba020de6aafa4a3930f0716cdf47189543f04fdd,https://codereview.qt-project.org/112093,7,20,2,0,3437,130,7,3,14164.045,83,refactoring/,refactor|,refactoring/,refactor|,Refactor loading of style,WIP Refactor loading of style  Change-Id: Iba020de6aafa4a3930f0716cdf47189543f04fdd
7907,qt-creator%2Fqt-creator~master~Ic460f4c0ad4bfc11ede1688eb1a2099c0fcd0178,https://codereview.qt-project.org/180045,2,4,0,0,86,210,2,4,20.1230555555556,91,refactoring/,refactor|,refactoring/,refactor|,CppTools: Refactor ProjectPartChooser,CppTools: Refactor ProjectPartChooser  Change-Id: Ic460f4c0ad4bfc11ede1688eb1a2099c0fcd0178
7930,qt%2Fqtlocation~dev~I01bcb809148626b505251007a385c150553899cd,https://codereview.qt-project.org/167488,7,18,8,0,3033,845,4,13,3048.26944444444,532,refactoring/,refactor|,refactoring/,refactor|,Refactor how shape nodes are implemented to support other backends,"WIP: Refactor how shape nodes are implemented to support other backends  This commit introduces an intermediate node called MapShapeNode that is responsible for creating the correct node for the respective Qt Quick screengraph backend.  This will create a custom QSGGeometry node when the backend is OpenGL, and a custom QSGRenderNode when the backend is the Software renderer. It should also be possible to add any additional nodes needed to support other backends when needed.  Change-Id: I01bcb809148626b505251007a385c150553899cd"
8029,qt%2Fqtdeclarative~5.8~I4e646cda9635c1a5f3e80315443e4b83474a5315,https://codereview.qt-project.org/178458,2,5,0,0,112,41,2,2,49.4708333333333,221,refactoring/,refactor|,refactoring/,refactor|,Refactor the calling code in SimpleScriptFunction,"Refactor the calling code in SimpleScriptFunction  Refactor the code, so that we can do function calls directly on a QV4::Function, without requiring a FunctionObject.  Change-Id: I4e646cda9635c1a5f3e80315443e4b83474a5315"
8149,qt%2Fqtdeclarative~5.8~Ifa2e563f78566e92a71d7fec15dfdbb9a6e0515d,https://codereview.qt-project.org/177538,1,2,0,0,51,50,1,1,0.0277777777777778,175,refactoring/,refactor|,refactoring/,refactor|,QQuickWindow: refactor ungrab on mouse release,"QQuickWindow: refactor ungrab on mouse release  We need to ungrab any PointerHandler which is grabbing, not only an Item.  Change-Id: Ifa2e563f78566e92a71d7fec15dfdbb9a6e0515d"
8173,qt%2Fqtquickcontrols2~5.8~I1a9108e803e8be97493cbe0484c41e43cd66c488,https://codereview.qt-project.org/177091,1,2,0,0,90,19,1,1,16.1933333333333,98,refactoring/,refactor|,refactoring/,refactor|,WIP: Contact List: refactor the ContactModel,WIP: Contact List: refactor the ContactModel  Change-Id: I1a9108e803e8be97493cbe0484c41e43cd66c488
8459,qt%2Fqtbase~5.6~Ic25840762a305b7c79db4dd46594f8bf1741bde8,https://codereview.qt-project.org/172790,4,5,1,0,785,124,1,48,190.618333333333,1107,refactoring/,refactor|,refactoring/,refactor|,iOS: refactor platform plugin into subdir 'core',"iOS: refactor platform plugin into subdir 'core'  Starting from iOS 10, apps that tries to access photos on the device need to specify the reason for this up front by adding the key 'NSPhotoLibraryUsageDescription' into Info.plist. If the key is missing, the app will be rejected from AppStore.  This causes problems for the iOS plugin as it stands since parts of it already tries to access photos, e.g to show an image picker dialog if a file dialog is set to open QStandardPaths::PicturesLocation. This means that currently, all apps written with Qt will be rejected from AppStore unless the developer adds this key, whether he tries to access photos or not.  To solve this, we choose to split the plugin into two parts, one that contains the core functionality, and one that contains optional support. The latter will need to be enabled explicit by the developer in the pro file, or in this case, indirectly by adding the right key to the Info.plist.  This patch will prepare the split by moving the current plugin code into a subfolder named 'core'.  Change-Id: Ic25840762a305b7c79db4dd46594f8bf1741bde8"
8648,qt%2Fqtwayland~5.8~I787ccc24477fb10f8fa068cdaa15824a6032ebb3,https://codereview.qt-project.org/171737,4,8,5,0,398,561,3,11,118.397222222222,158,refactoring/,refactor|,refactoring/,refactor|,WIP Refactor client buffer integration,WIP Refactor client buffer integration  Subclass buffers instead of mapping from wl_buffer all the time.  Change-Id: I787ccc24477fb10f8fa068cdaa15824a6032ebb3
8653,qt-creator%2Fqt-creator~4.0~Ia7a9f8516a3382ac0bd89af4b18d2ba57b5ffa4c,https://codereview.qt-project.org/151047,1,2,0,0,37,46,1,1,4995.65416666667,123,refactoring/,refactor|,refactoring/,refactor|,QMakeProjectImporter: Refactor some code,QMakeProjectImporter: Refactor some code  No change in functionality.  Change-Id: Ia7a9f8516a3382ac0bd89af4b18d2ba57b5ffa4c
8706,qt-creator%2Fqt-creator~master~Ia24cc1baa226416c29aa8964055e8c5090082fdf,https://codereview.qt-project.org/168799,9,4,0,0,581,2872,1,69,694.316944444444,171,refactoring/,refactor|,refactoring/,refactor|,Refactor and rename Ios plugin to AppleDevice,Refactor and rename Ios plugin to AppleDevice  This prepares the plugin to support additional device types like tvOS.  Change-Id: Ia24cc1baa226416c29aa8964055e8c5090082fdf
8936,qt%2Fqtnetworkauth~dev~I9cc697a4f63ec4cda0c10488db5a99a15117780a,https://codereview.qt-project.org/169524,2,3,0,0,186,32,1,2,0.0430555555555556,245,refactoring/,refactor|,refactoring/,refactor|,QOAuth1 constructor refactor,QOAuth1 constructor refactor  Added the client credentials pair to the private implementation constructor. QOAuth1 constructors now are calling the main constructor instead of the base class.  Change-Id: I9cc697a4f63ec4cda0c10488db5a99a15117780a
9014,qt%2Fqtdeclarative~wip%2Fpointerhandler~Ieb8482c81472f4b4447f8f23a1f4db833ab38aac,https://codereview.qt-project.org/162809,3,16,2,0,678,623,7,21,1587.71861111111,357,refactoring/,refactor|,refactoring/,refactor|,WIP refactor the event hierarchy,"WIP refactor the event hierarchy  We want the event classes to have an API which can be maintained for Qt 6: then we will be able to change the hierarchy in qevent.h to match what's being done here, and events handled in QML will be actual events rather than QtQuick-specific wrappers as they are today.  Change-Id: Ieb8482c81472f4b4447f8f23a1f4db833ab38aac"
9015,qt%2Fqtdeclarative~wip%2Fpointerhandler~I6c7bc6abb842c525f7b94979d2a0a1d6f62705fb,https://codereview.qt-project.org/163302,3,17,13,0,722,337,5,8,1464.43194444444,904,refactoring/,refactor|,refactoring/,refactor|,WIP refactor the event hierarchy even more: store everything,"WIP refactor the event hierarchy even more: store everything  Now it looks even more like Qt 6: we don't store the old-style event pointer, so we have to copy every field that we care about.  One thing that's still not canonical is that all QPointerEvent subclasses still have the QEvent::type as Pointer, so we can't tell them apart that way.  That made it pretty hard to rewrite the QQuickItem::grabPointer(QPointerEvent *, bool) function, so let's not do it that way anymore.  Hopefully it was redundant.  Delivery of QPointerEvents in QQuickWindowPrivate::deliverTouchPoints is synchronous at the moment anyway.  After delivery, it grabs/ungrabs based on whether the event was accepted.  Maybe that's enough.  QQuickItem::pointerEvent() also grabs/ungrabs based on the result of filterPointerEvent() (which might or might not be the right thing).  Change-Id: I6c7bc6abb842c525f7b94979d2a0a1d6f62705fb"
9137,qt%2Fqtbase~dev~Ida86c223593328980b3f23b044d24d8bfd76936f,https://codereview.qt-project.org/167550,1,2,0,0,129,130,1,2,144.393611111111,268,refactoring/,refactor|,refactoring/,refactor|,WIP - refactor HTTP/2 frame reader/writer logic,WIP - refactor HTTP/2 frame reader/writer logic  Introduce a new class Frame and move all frame related code into this new class' methods. Simplify reader/writer by just ... reading and writing this frame's buffer.  Change-Id: Ida86c223593328980b3f23b044d24d8bfd76936f
9577,qt%2Fqtlocation~dev~I60fb0b4e2c5daac40f671f25a9daea5a06dc9d47,https://codereview.qt-project.org/163949,5,8,0,0,4920,2,1,1,21.9686111111111,153,refactoring/,refactor|,refactoring/,refactor|,Refactor: use std::log2,Refactor: use std::log2  C++11 introduces std::log2. This patch uses that in place of log division.  Change-Id: I60fb0b4e2c5daac40f671f25a9daea5a06dc9d47
10121,qt%2Fqtmultimedia~5.6~Iaf141472dea82579ad085b3318624f9a57aa46d8,https://codereview.qt-project.org/147972,3,24,5,0,14329,3908,6,32,2616.22055555556,377,refactoring/,refactor|,refactoring/,refactor|,DirectShow: refactor custom renderer filter.,DirectShow: refactor custom renderer filter.  Refactor out some of the filter and pin logic into the DirectShowBaseFilter and DirectShowPin abstract classes. This will avoid code duplication when implementing the probe filter. The existing source filter (for qrc files) can also be refactored to use these abstract classes.  Change-Id: Iaf141472dea82579ad085b3318624f9a57aa46d8
11257,qt%2Fqtquickcontrols2~5.6~Ie79ce714221031f54a1ca02c9282abe78f782799,https://codereview.qt-project.org/143992,1,2,0,0,137,324,1,6,2035.61416666667,74,refactoring/,refactor|,refactoring/,refactor|,WIP: Refactor Drawer,WIP: Refactor Drawer  Change-Id: Ie79ce714221031f54a1ca02c9282abe78f782799
11947,qt%2Fqtbase~dev~I3c1df05fc49127b74110e25fe59907bd263aa259,https://codereview.qt-project.org/316204,1,18,12,2,884,48,2,3,242.750555555556,457,refactoring/,refactor|,refactoring/,refactor|,QColorSpace: refactor the named colorspace constructor,"QColorSpace: refactor the named colorspace constructor  The constructor taking a named colorspace reuses ""pool"" of QColorSpacePrivate to avoid recreating them (expensive).  This pool had two problems:  1) it wasn't thread-safe, which caused QColorSpace not to be thread-safe either;  2) it was leaked at shutdown.  Refactor the pool to use atomics, and clean them up in ~QGuiApplication to avoid a leak.  Change-Id: I3c1df05fc49127b74110e25fe59907bd263aa259"
12112,qt%2Fqtlocation~5.6~I6a906df405f212436cdd35ac76f95b559e6b7aae,https://codereview.qt-project.org/125763,6,16,0,0,724,226,5,6,3406.03916666667,422,refactoring/,refactor|,refactoring/,refactor|,Refactor prefetching tiles,"Refactor prefetching tiles  Current implementation uses same QGeoCameraTiles object to calculate visible tiles and tiles which should be prefetched. This is semi optimal since frustum intersection algorithm uses bunch of different parameters.  Simplify the logic and use separate objects, this way values in both cases are cached and calculation is done when required.  Change-Id: I6a906df405f212436cdd35ac76f95b559e6b7aae"
12140,qt-creator%2Fqt-creator~master~I54f1cfe9dec24dd6d25ed1e900134a16023e557e,https://codereview.qt-project.org/145941,5,22,0,0,1700,82,8,3,475.0025,681,refactoring/,refactor|,refactoring/,refactor|,CppEditor: Show refactor marker on editor's left margin,"WIP: CppEditor: Show refactor marker on editor's left margin  The light bulb is used to indicate the availability of a function signature synchronization. Before this change, it was shown on the right side of the declaration/definition.  This resulted in the following problems:  * For long lines or enough editor splits the light bulb was not    visible.  * The light bulb did not scale with the font size. (* Extra positioning code required.)  TODO:  * Provide a tool tip (separate change put in front?)  * Make the marker clickable to run the action   * Check if we can get rid of more in *Link  * QML/JS (follow-up change?)  Change-Id: I54f1cfe9dec24dd6d25ed1e900134a16023e557e"
12785,qt%2Fqtbase~5.6~I521e98e17146c530ab2972efaa91c63fb732803d,https://codereview.qt-project.org/140009,5,3,0,0,155,113,1,1,3.31055555555556,650,refactoring/,refactor|,refactoring/,refactor|,Refactor tst_QGraphicsWidget::setTabOrderAndReparent().,"Refactor tst_QGraphicsWidget::setTabOrderAndReparent().  The test produces compiler warnings in release builds: tst_qgraphicswidget.cpp: In member function 'void tst_QGraphicsWidget::setTabOrderAndReparent()': tst_qgraphicswidget.cpp:1521:89: warning: 'w2' may be used uninitialized in this function [-Wmaybe-uninitialized] tst_qgraphicswidget.cpp:1536:88: warning: 'w1' may be used uninitialized in this function [-Wmaybe-uninitialized]  Use arrays instead of the variables w1,2... and rewrite the helper function compareFocusChain() to work on iterators allowing to remove some temporary lists.  Change-Id: I521e98e17146c530ab2972efaa91c63fb732803d"
13429,qt%2Fqt3d~dev~I9807255ea1ea6485b482e611bfc7cde5b9462c32,https://codereview.qt-project.org/101429,5,11,3,0,1196,931,4,16,7097.43444444444,523,refactoring/,refactor|,refactoring/,refactor|,Refactor QUniformValue and QGraphicsUtils::valueArrayFromVariant.,"WIP: Refactor QUniformValue and QGraphicsUtils::valueArrayFromVariant.  We now use inheritance instead of QVariants everywhere. This allows us to store the QMatrix4x4 directly as a data member and return its data directly from there as well, without any QVariant conversions inbetween. Such conversions are costly, as they require temporary allocations.  With this code in place, and a proper unit test suite, we can now add more uniform value subclasses in the future.  Change-Id: I9807255ea1ea6485b482e611bfc7cde5b9462c32"
13627,qt%2Fqtbase~dev~I847c8c023640d2a2890ebc696b75584ae7fa58ab,https://codereview.qt-project.org/92928,3,7,0,0,273,174,3,8,9582.43194444444,617,refactoring/,refactor|,refactoring/,refactor|,Refactor QCocoaGLContext implementation.,"Refactor QCocoaGLContext implementation.  Move the makeCurrent/swapBuffer implementation to QNSView in anticipation of layer-backed QNSViews where the behavior of these functions will change based on the QNSView configuration.  We can almost get rid of the window <-> context bookkeping. In the end we need to look up the current context for a window for at least two use cases: - QCocoaNativeInterface::nativeResourceForWindow - Proper [context update] handling. (update should   be called whenever the window changes geometry,   according to the documentation.)  Change-Id: I847c8c023640d2a2890ebc696b75584ae7fa58ab"
13904,qt%2Fqtserialport~5.4~I4320c2e29ad42a394e07753cbaea804d0faf6b78,https://codereview.qt-project.org/102924,1,3,1,0,129,163,1,3,5818.43527777778,706,refactoring/,refactor|,refactoring/,refactor|,WIP Refactor the setBaudRate() method,"WIP Refactor the setBaudRate() method  The internal implementation of this method is a little tangled (at least in *nix). It is reasonable to simplify it:  1. Removed the setBaudRate_helper() method, since it is equivalent to setStandardBaudRate() method.  2. Added the clearCustomBaudRate() method, which is implemented for Linux only (on other platforms we not need it).  3. Now the setStandardBaudRate() and the setCustomBaudRate() are self- sufficient methods (can setup a speed and an error codes internally) and return a boolean values.  4. The code of validation of incorrect baud rate value is moved to QSP::setBaudRate().  Bla bla ... continue  Change-Id: I4320c2e29ad42a394e07753cbaea804d0faf6b78"
14192,qt%2Fqtdeclarative~5.6~Id40c99e9c3d74834dbe6ab94f6965d5586a7759b,https://codereview.qt-project.org/123365,1,2,0,0,90,36,1,5,84.7627777777778,81,refactoring/,refactor|,refactoring/,refactor|,WIP: refactor worker script,WIP: refactor worker script  Change-Id: Id40c99e9c3d74834dbe6ab94f6965d5586a7759b
14197,qbs%2Fqbs~master~I4980059d3e11d29570e5dcb92aba4ff5c8ad8a70,https://codereview.qt-project.org/95183,4,20,0,0,541,138,10,1,7939.09861111111,273,refactoring/,refactor|,refactoring/,refactor|,"Refactor prepareCompiler a bit, rolling in additionalCompilerFlags.","Refactor prepareCompiler a bit, rolling in additionalCompilerFlags.  There was no clear reason for this to be separated. The input filename is the now the last argument to the compiler, making logs a bit easier to read.  Change-Id: I4980059d3e11d29570e5dcb92aba4ff5c8ad8a70"
14225,qt-creator%2Fqt-creator~master~Ib911f5c7c6b101a86ef45ad262b31a87007d4b4a,https://codereview.qt-project.org/123110,2,3,0,0,335,57,1,1,22.3005555555556,215,refactoring/,refactor|,refactoring/,refactor|,Utils::transform: refactor duplicating type declarations,Utils::transform: refactor duplicating type declarations  moving them up to transform function template arguments. Also added wrapper around ContainerType trait.  Change-Id: Ib911f5c7c6b101a86ef45ad262b31a87007d4b4a
15498,qt%2Fqtquickcontrols~5.5~I7388ff648f70ba20a1f944485724a28249524848,https://codereview.qt-project.org/109695,3,2,1,0,120,693,1,6,0.0336111111111111,474,refactoring/,refactor|,refactoring/,refactor|,Refactor: Move some common code up to QQuickLayout,"Refactor: Move some common code up to QQuickLayout  This should make them available to other types of layouts, such as StackLayout  * geometryChanged() is now reimplemented in QQuickLayout, and will call   the virtual rearrange() * As a consequence, isReady() is also moved up to QQuickLayout * invalidateSenderItem() is moved up * Moved some of the itemChange() code up  Change-Id: I7388ff648f70ba20a1f944485724a28249524848 Reviewed-by: J-P Nurmi <jpnurmi@theqtcompany.com>"
15821,qtsdk%2Fqtsdk~refactor~I1f454a1d621195e7696a5703b0b6828d45ef42f9,https://codereview.qt-project.org/107609,3,3,0,0,122,0,1,0,2.5075,89,refactoring/,refactor|,refactoring/,refactor|,Merge branch 'master' into refactor,Merge branch 'master' into refactor  Change-Id: I1f454a1d621195e7696a5703b0b6828d45ef42f9
16099,qt%2Fqtbase~dev~I3863bf847bc4024b8955d3bdb9af3cdd2abc1e5e,https://codereview.qt-project.org/105886,6,4,0,0,126,233,1,1,143.545555555556,404,refactoring/,refactor|,refactoring/,refactor|,Windows: Refactor FreeType font database.,"Windows: Refactor FreeType font database.  - Split apart Windows CE/Windows code paths, moving   code out of addFontToDatabase() to separate   static functions. - Pass faceName/fullName as separate parameters to   addFontToDatabase().  This is preparatory work for introducing the delayed font population scheme for FreeType.  Task-number: QTBUG-43774 Change-Id: I3863bf847bc4024b8955d3bdb9af3cdd2abc1e5e"
16428,qt%2Fqtconnectivity~dev~I6748c09c54eb9b3f0838037543f297c8e92eadce,https://codereview.qt-project.org/85660,4,9,9,0,1293,163,3,2,5955.96,160,refactoring/,refactor|,refactoring/,refactor|,Refactor QDeclarativeBluetoothService,"Refactor QDeclarativeBluetoothService  Simplify code, fix coding style, make use of C++11 friendly defines  Change-Id: I6748c09c54eb9b3f0838037543f297c8e92eadce"
16540,qtsdk%2Fqtsdk~refactor~Ib51e32558996636ad77b706eef58ffd1da0ae698,https://codereview.qt-project.org/104044,4,2,0,0,63,0,1,0,0.5175,89,refactoring/,refactor|,refactoring/,refactor|,Merge branch 'master' into refactor,Merge branch 'master' into refactor  Change-Id: Ib51e32558996636ad77b706eef58ffd1da0ae698
16541,qtsdk%2Fqtsdk~refactor~Ic68eed6a2bd04011f618f7e1f53b8f46e98196d0,https://codereview.qt-project.org/104045,1,2,0,0,63,0,1,0,0.337222222222222,89,refactoring/,refactor|,refactoring/,refactor|,Merge branch 'master' into refactor,Merge branch 'master' into refactor  Change-Id: Ic68eed6a2bd04011f618f7e1f53b8f46e98196d0
16658,qt%2Fqtwebengine~dev~Iee4207e747e589ba67d5353cb4c18f156e555c11,https://codereview.qt-project.org/103369,6,8,1,0,459,149,2,7,20.0877777777778,315,refactoring/,refactor|,refactoring/,refactor|,Refactor our build skipping logic,"Refactor our build skipping logic  Move the logic to mkspecs to keep the .pro files robust. Add a C++11 requirement so that we can land the new snapshot.  Add the basic infrastructure for config.tests, the first one of which will ensure we have libcap on linux.  Change-Id: Iee4207e747e589ba67d5353cb4c18f156e555c11"
16746,qtsdk%2Fqtsdk~refactor~I44c950b81905c7949d8eeb9c77195815e66d1739,https://codereview.qt-project.org/102854,3,2,0,0,76,0,1,0,3.13722222222222,89,refactoring/,refactor|,refactoring/,refactor|,Merge branch 'master' into refactor,Merge branch 'master' into refactor  Change-Id: I44c950b81905c7949d8eeb9c77195815e66d1739
17241,pyside%2Fpyside-setup~dev~Id3c35c6b2c4e7eebfe1d25b555ab62468cb89f1d,https://codereview.qt-project.org/313201,1,5,0,0,198,10,2,1,144.201388888889,184,refactoring/,refactor|,refactoring/,refactor|,WIP: shiboken2: Refactor primitive type lists in overload decisor,shiboken2: Refactor primitive type lists in overload decisor  Add the missing long long on this occasion.  Task-number: PYSIDE-1372 Change-Id: Id3c35c6b2c4e7eebfe1d25b555ab62468cb89f1d
17554,qtsdk%2Fqtsdk~master~Id46f862560200cc21b8b48dbb16efc6b6b09dc70,https://codereview.qt-project.org/100244,1,4,0,0,129,202,2,1,137.950833333333,200,refactoring/,refactor|,refactoring/,refactor|,Refactor how qt5 version numbers and snapshot directories are used.,Refactor how qt5 version numbers and snapshot directories are used.  Instead of reading the qt version from command line read it from environment.  Change-Id: Id46f862560200cc21b8b48dbb16efc6b6b09dc70
17583,qt%2Fqtserialport~dev~Ic9e0afc5549311283aef7ec2ed841f5e418b7edf,https://codereview.qt-project.org/97062,1,2,0,0,210,2071,1,13,913.349722222222,104,refactoring/,refactor|,refactoring/,refactor|,WIP Deep refactor of QSPI,WIP Deep refactor of QSPI  Task-number: QTBUG-41262 Change-Id: Ic9e0afc5549311283aef7ec2ed841f5e418b7edf
17591,qtsdk%2Fqtsdk~refactor~I7482fc064c3ec6f3900abff3018b6000ab60b9d6,https://codereview.qt-project.org/100444,3,3,0,0,82,0,1,0,5.26694444444444,89,refactoring/,refactor|,refactoring/,refactor|,Merge branch 'master' into refactor,Merge branch 'master' into refactor  Change-Id: I7482fc064c3ec6f3900abff3018b6000ab60b9d6
17682,qt%2Fqtdeclarative~dev~I89d75ea71d3ad82ba83ca5d2082b21f86bce4947,https://codereview.qt-project.org/99977,1,2,0,0,37,95,1,5,0.0638888888888889,157,refactoring/,refactor|,refactoring/,refactor|,"Refactor arrayData allocation, part 2","Refactor arrayData allocation, part 2  Make realloc independent of the object containing the arrayData.  Change-Id: I89d75ea71d3ad82ba83ca5d2082b21f86bce4947"
17731,qtsdk%2Fqtsdk~refactor~I977c4841edffbaac137e6d840e3d02e0c4ab1ebb,https://codereview.qt-project.org/99735,5,3,0,0,132,9,1,1,0.964444444444444,135,refactoring/,refactor|,refactoring/,refactor|,Merge branch 'master' into refactor,Merge branch 'master' into refactor  Conflicts: 	packaging-tools/build_wrapper.py  Change-Id: I977c4841edffbaac137e6d840e3d02e0c4ab1ebb
17732,qtsdk%2Fqtsdk~refactor~I19cf9f99cf3da39877e697c37a71452ba9cba7ae,https://codereview.qt-project.org/99718,3,2,0,0,65,9,1,1,0.587222222222222,135,refactoring/,refactor|,refactoring/,refactor|,Merge branch 'master' into refactor,Merge branch 'master' into refactor  Conflicts: 	packaging-tools/build_wrapper.py  Change-Id: I19cf9f99cf3da39877e697c37a71452ba9cba7ae
18409,qt%2Fqtbase~dev~Id4a77a6ee480c65150c37905636c63852376a23c,https://codereview.qt-project.org/56121,3,3,0,0,826,664,1,2,12738.1269444444,967,refactoring/,refactor|,refactoring/,refactor|,WIP - refactor spans in QTableView,"WIP - refactor spans in QTableView  In order to do more work with spans in QTableView a new less complex model seems to be a must. It is hard to break that into minor pieces - even though more things are done in this patch.  First of all the spans gets integrated more. It is good to make different things unaware of eachother - but in this case, there if we consider visual/logical indexes - or the virtual span function (not yet implemented) we probably do want to have more interaction.  Secondly this new model is far more simple. Beside some huge functions to maintain the spans it was also arranged in two layers. (so that rows had a subtree of columns). However ln2(rowspans) + ln2(colspans) = ln2(rowspans * colspans).  The performance will be a weaker at some things, but also much faster at others, but if we consider doing something more dynamic. (e.g support of swap/moveSections) this will be better.  Change-Id: Id4a77a6ee480c65150c37905636c63852376a23c"
18469,qtsdk%2Fqtsdk~master~I09c086f3c60e03604552c761d62125b11f68fe5c,https://codereview.qt-project.org/80450,2,2,0,0,300,1187,1,2,5547.01722222222,84,refactoring/,refactor|,refactoring/,refactor|,WIP: refactor build_wrapper.py,WIP: refactor build_wrapper.py  Change-Id: I09c086f3c60e03604552c761d62125b11f68fe5c
18515,qt%2Fqtconnectivity~master~Ief9bddee627c024c1a2e77b853da32b2b113699f,https://codereview.qt-project.org/46649,4,3,0,0,221,817,1,18,15121.9833333333,101,refactoring/,refactor|,refactoring/,refactor|,Refactor ndefeditor example and add SP support.,Refactor ndefeditor example and add SP support.  Change-Id: Ief9bddee627c024c1a2e77b853da32b2b113699f
18911,qt-creator%2Fqt-creator~master~Ibe092e045b321fd26a63f86f380156ae46276950,https://codereview.qt-project.org/45859,6,6,5,0,635,256,1,13,15357.4872222222,88,refactoring/,refactor|,refactoring/,refactor|,Refactor building of QML Dump tool,Refactor building of QML Dump tool  Change-Id: Ibe092e045b321fd26a63f86f380156ae46276950
19209,qt%2Fqtbase~5.4~I29011eba6438bf9b3daad354cbec4b8e2b98ed81,https://codereview.qt-project.org/96840,5,2,0,0,54,31,1,1,0.0238888888888889,154,refactoring/,refactor|,refactoring/,refactor|,tst_QString: refactor the op+= tests,tst_QString: refactor the op+= tests  ... using the framework developed for testing QString::append.  Change-Id: I29011eba6438bf9b3daad354cbec4b8e2b98ed81
19210,qt%2Fqtbase~5.4~I609b8a05203f8a1ea12827d1798313ace5b719f2,https://codereview.qt-project.org/96839,5,2,0,0,54,112,1,1,0.0211111111111111,426,refactoring/,refactor|,refactoring/,refactor|,tst_QString: refactor the insert tests,"tst_QString: refactor the insert tests  It is tedious to test all the overloads of QString::insert, so get the help of the compiler to do it. The framework was originally developed for testing append.  This change showed that the insert(int, QStringRef), insert(int, const char*) and insert(int, QByteArray) overloads were missing. They will be added in a separate commit.  Change-Id: I609b8a05203f8a1ea12827d1798313ace5b719f2"
19211,qt%2Fqtbase~5.4~Ic3d6ad011bedc6ee7d5024094d7c3529b1b9d669,https://codereview.qt-project.org/96838,5,2,0,0,54,90,1,1,0.0186111111111111,397,refactoring/,refactor|,refactoring/,refactor|,tst_QString: refactor the prepend tests,"tst_QString: refactor the prepend tests  It is tedious to test all the overloads of QString::prepend, so get the help of the compiler to do it. The framework was originally developed for testing append.  This change showed that prepend(QStringRef) and prepend(const QChar*, int) overloads were missing. They will be added in a separate commit.  Change-Id: Ic3d6ad011bedc6ee7d5024094d7c3529b1b9d669"
19212,qt%2Fqtbase~5.4~I89df581b6d037a5af80b34dd6b5d37ac7484c774,https://codereview.qt-project.org/96837,5,2,0,0,54,213,1,1,0.0158333333333333,292,refactoring/,refactor|,refactoring/,refactor|,tst_QString: refactor the append tests,"tst_QString: refactor the append tests  It is tedious to test all the overloads of QString::append, so get the help of the compiler to do it. The framework developed for this will be used in subsequent commits for prepend and insert, too.  Change-Id: I89df581b6d037a5af80b34dd6b5d37ac7484c774"
19264,qt%2Fqtserialport~5.3~I424aa09cfaf62a6a332f882f7c7dc325328d3b70,https://codereview.qt-project.org/96411,4,5,0,0,730,56,1,2,18.0711111111111,292,refactoring/,refactor|,refactoring/,refactor|,"Refactor of QSPI on *nix related with removing of ""struct"" keywords","Refactor of QSPI on *nix related with removing of ""struct"" keywords  It is reasonable to remove of ""struct"" keywords since is used C++ compiler.  Tested on ArchLinux with on-board serial ports using Qt4 and then Qt5, no regressions found.  Change-Id: I424aa09cfaf62a6a332f882f7c7dc325328d3b70"
19424,qt%2Fqtbase~5.4~Ic7493b8be5995179b18506cc107a54930b67d892,https://codereview.qt-project.org/93911,2,12,0,0,1306,635,6,8,338.689444444444,83,refactoring/,refactor|,refactoring/,refactor|,WIP: iOS: Refactor text input,WIP: iOS: Refactor text input  Change-Id: Ic7493b8be5995179b18506cc107a54930b67d892
19806,qt%2Fqtbase~dev~Ie090a39ceddd7e58a0d8baf7d01f2a08c70162e5,https://codereview.qt-project.org/92369,6,10,2,0,701,41,3,3,1.14805555555556,527,refactoring/,refactor|,refactoring/,refactor|,refactor disconnectFromFtp to remove cached entries when necessary,"refactor disconnectFromFtp to remove cached entries when necessary  In cases where a cached ftp connection fails to connect, or a file transfer has failed, we should removed the cached connection. Since qnam has an idea of a single internal QFtp per full operation, when file transfers failed previously the cached connection would be reused for subsequent connections and thus fail.  [ChangeLog][QNetworkAccessManager][ftp] clear cached ftp connections on transfer failure  Change-Id: Ie090a39ceddd7e58a0d8baf7d01f2a08c70162e5"
20042,qt-creator%2Fqt-creator~3.1~Ib2902406f39009f9be5385abb2227589d5ac5426,https://codereview.qt-project.org/81235,3,15,0,0,722,80,7,8,3235.74972222222,107,refactoring/,refactor|,refactoring/,refactor|,WIP QmlDesigner: Refactor code in ItemLibrarySectionModel,QmlDesigner: Refactor code in ItemLibrarySectionModel  Change-Id: Ib2902406f39009f9be5385abb2227589d5ac5426
20484,qt-creator%2Fqt-creator~master~I6d5085b591439cc2e79ca0f9872a1c0497c5f220,https://codereview.qt-project.org/88418,2,2,0,0,37,10,1,2,2.555,119,refactoring/,refactor|,refactoring/,refactor|,QmlDesigner: Refactor currentModel() getters in QmlDesignerPlugin,QmlDesigner: Refactor currentModel() getters in QmlDesignerPlugin  Change-Id: I6d5085b591439cc2e79ca0f9872a1c0497c5f220
20485,qt-creator%2Fqt-creator~master~I01017b9e8f6ea5a444a6927756b8fb5370020e90,https://codereview.qt-project.org/88417,2,2,0,0,157,26,1,2,2.55305555555556,125,refactoring/,refactor|,refactoring/,refactor|,QmlDesigner: Refactor the rewriterView getters in the QmlDesignerPlugin,QmlDesigner: Refactor the rewriterView getters in the QmlDesignerPlugin  Change-Id: I01017b9e8f6ea5a444a6927756b8fb5370020e90
20598,qt%2Fqtmultimedia~stable~I02ebfc239dfe380314389ee5d38c99db3525222f,https://codereview.qt-project.org/83647,3,7,1,0,664,2215,3,15,1513.37138888889,614,refactoring/,refactor|,refactoring/,refactor|,DirectShow: Refactor camera backend.,DirectShow: Refactor camera backend.  Almost entire rewrite of the camera backend. It doesn't provide new features but is more stable and behave as it should.  - Correctly report camera state and status - Correctly report if the camera is ready to capture - Emit imageExposed() signal - Save captured images in an appropriate directory - Images can be captured even without a viewport - Better error handling  Removed the custom QVideoWidgetControl as it doesn't provide anything more than the QVideoWidget's renderer control fallback.  Task-number: QTBUG-33782 Change-Id: I02ebfc239dfe380314389ee5d38c99db3525222f
20762,qtsdk%2Fqtsdk~master~Iaac7c2955b6fb983710922cd7f72e506f547b040,https://codereview.qt-project.org/76116,3,2,0,0,189,65,1,1,3214.90055555556,77,refactoring/,refactor|,refactoring/,refactor|,WIP: Refactor ICU build,WIP: Refactor ICU build  Change-Id: Iaac7c2955b6fb983710922cd7f72e506f547b040
21091,playground%2Fuihelpers~master~I9948384e593c98371e50e09925e0c22dce940556,https://codereview.qt-project.org/27402,2,6,0,0,307,85,3,35,16896.0977777778,257,refactoring/,refactor|,refactoring/,refactor|,WIP: Refactor the UiHelpers build system,WIP: Refactor the UiHelpers build system  This refactor aims to fix issues with make install in some architectures. The new structure is based on how the qtdeclarative module builds its libs and plugins.  Change-Id: I9948384e593c98371e50e09925e0c22dce940556
21264,qt%2Fqtconnectivity~dev~If449420d936c96e62518fc408e6a1e35b79988a8,https://codereview.qt-project.org/83390,4,5,11,0,641,20,1,3,68.2766666666667,231,refactoring/,refactor|,refactoring/,refactor|,Refactor disconnection signals emittance in QBluetoothSocket,Refactor disconnection signals emittance in QBluetoothSocket  This fixes a duplicate switching to the unconnected state in case the disconnect signal is being used to reconnect.  Change-Id: If449420d936c96e62518fc408e6a1e35b79988a8
21328,qtsdk%2Fqtsdk~master~Iabe04a1bd9071290e35d4931c6232579737aa693,https://codereview.qt-project.org/76040,1,2,0,0,115,83,1,1,1917.12138888889,99,refactoring/,refactor|,refactoring/,refactor|,WIP: Refactor handle_qt_desktop_release_build,WIP: Refactor handle_qt_desktop_release_build  Change-Id: Iabe04a1bd9071290e35d4931c6232579737aa693
21356,qbs%2Fqbs~1.2~I9668ba213953698bc438ef3777cef77665a09072,https://codereview.qt-project.org/82929,3,2,0,0,148,83,1,4,18.0719444444444,178,refactoring/,refactor|,refactoring/,refactor|,Refactor JavaScript functions into more sensible locations.,Refactor JavaScript functions into more sensible locations.  NOTE: Gcc.removePrefixAndSuffix had no callers and was removed.  Change-Id: I9668ba213953698bc438ef3777cef77665a09072
21579,qt-creator%2Fqt-creator~master~I307bd880e0534f46e1740a5c31cfb99a457e290c,https://codereview.qt-project.org/80565,6,9,20,0,1249,3991,2,32,334.811388888889,805,refactoring/,refactor|,refactoring/,refactor|,"Refactor cmakeplugin to make the UX more qmakeproject like, make it possible to have different cmake instances","Refactor cmakeplugin to make the UX more qmakeproject like, make it possible to have different cmake instances  Making the cmakeplugin more convenient to use and the user experience more like using the qmakeprojectmanager. The CMakeOpenProjectWizard was dropped and replaced by a new project wizard that uses the TargetSetup page and settings in the buildconfigurations. CMake is run automatically in the background whenever project settings change, the output is shown in the general messages tab, like qmakeprojectmanager does it. Introduces also a new CMakeTool class, that represents a cmake instance on the host, every Kit can have a own cmake tool, however if not otherwise registered every kit will have the same default cmake tool like before.  Change-Id: I307bd880e0534f46e1740a5c31cfb99a457e290c"
21617,qt%2Fqtwebengine~master~Ifed55b3ec9f5327bfb8e43260bd97d78cc6d9fcb,https://codereview.qt-project.org/78600,6,13,12,0,3410,453,4,6,649.295,267,refactoring/,refactor|,refactoring/,refactor|,Refactor WebEngineHistory and WebEngineHistoryItem,WIP: Refactor WebEngineHistory and WebEngineHistoryItem  Move WebEngineHistory and WebEngineHistoryItem private classes to the core providing common functionality of the history handling for widget and quick APIs.  Change-Id: Ifed55b3ec9f5327bfb8e43260bd97d78cc6d9fcb
21704,test%2Fproject~master~I5677b9d5b18f8ce9848f5d30dfd4db81994138fe,https://codereview.qt-project.org/80573,1,2,0,0,102,1,1,1,4.78833333333333,805,refactoring/,refactor|,refactoring/,refactor|,"Refactor cmakeplugin to make the UX more qmakeproject like, make it possible to have different cmake instances","Refactor cmakeplugin to make the UX more qmakeproject like, make it possible to have different cmake instances  Making the cmakeplugin more convenient to use and the user experience more like using the qmakeprojectmanager. The CMakeOpenProjectWizard was dropped and replaced by a new project wizard that uses the TargetSetup page and settings in the buildconfigurations. CMake is run automatically in the background whenever project settings change, the output is shown in the general messages tab, like qmakeprojectmanager does it. Introduces also a new CMakeTool class, that represents a cmake instance on the host, every Kit can have a own cmake tool, however if not otherwise registered every kit will have the same default cmake tool like before.  Change-Id: I5677b9d5b18f8ce9848f5d30dfd4db81994138fe"
21941,qtsdk%2Fqtsdk~master~Ie3b8ff19974f2727e36a19f239f50ab27dc5135d,https://codereview.qt-project.org/74511,2,4,0,0,225,128,2,2,1365.06055555556,98,refactoring/,refactor|,refactoring/,refactor|,WIP: Refactor online/offline installer build,WIP: Refactor online/offline installer build  Change-Id: Ie3b8ff19974f2727e36a19f239f50ab27dc5135d
21942,qtsdk%2Fqtsdk~master~Ic3aead2848bb378cda1c8f3bcf2847c799fd8594,https://codereview.qt-project.org/77027,4,15,0,0,682,81,7,2,626.880277777778,78,refactoring/,refactor|,refactoring/,refactor|,Refactor installer build,Refactor installer build  Change-Id: Ic3aead2848bb378cda1c8f3bcf2847c799fd8594
21947,qt-creator%2Fqt-creator~master~I8bdf3830e230b5db3d6041fae0d22c05cfc047d8,https://codereview.qt-project.org/79250,1,2,0,0,71,28,1,1,0.0075,68,refactoring/,refactor|,refactoring/,refactor|,Small refactor,Small refactor  Change-Id: I8bdf3830e230b5db3d6041fae0d22c05cfc047d8
21981,qtsdk%2Fqtsdk~master~If00226fdd69c1d368ab074e0faa65df30bf2618b,https://codereview.qt-project.org/76860,5,6,2,0,267,166,2,1,622.179722222222,121,refactoring/,refactor|,refactoring/,refactor|,Refactor build_wrapper.py,Refactor build_wrapper.py  Remove redundant code and some cleanups.  Change-Id: If00226fdd69c1d368ab074e0faa65df30bf2618b
22864,pyside%2Fpyside-setup~dev~I9c893a8e0068d7d5d6eff4c7ae44c5f754211bdd,https://codereview.qt-project.org/307800,1,3,0,0,68,124,1,2,0.0344444444444444,185,refactoring/,refactor|,refactoring/,refactor|,shiboken2: Refactor generating return values of virtual functions,shiboken2: Refactor generating return values of virtual functions  Split out a function returning the return statement as a string.  Change-Id: I9c893a8e0068d7d5d6eff4c7ae44c5f754211bdd
22892,pyside%2Fpyside-setup~dev~I38f21eb559585b625c3365e0efd1bb3ca6cab2c5,https://codereview.qt-project.org/307198,1,3,1,0,186,141,1,5,45.7322222222222,207,refactoring/,refactor|,refactoring/,refactor|,WIP: Dummy shiboken2/clangparser: Refactor code snippet extraction handling,WIP: Dummy shiboken2/clangparser: Refactor code snippet extraction handling  copy of same change in 5.15  Task-number: PYSIDE-1339 Task-number: PYSIDE-904 Change-Id: I38f21eb559585b625c3365e0efd1bb3ca6cab2c5
23265,qt%2Fqtdeclarative~dev~Ia04d838c232c112cb944c8b8f0309d7305d86136,https://codereview.qt-project.org/74779,1,2,0,0,103,363,1,6,14.5080555555556,85,refactoring/,refactor|,refactoring/,refactor|,WIP: further refactor of arrays,WIP: further refactor of arrays  Change-Id: Ia04d838c232c112cb944c8b8f0309d7305d86136
23429,qt-creator%2Fqt-creator~master~Ic2a052d05b0fa4174f76618f704d0acd558c4bfe,https://codereview.qt-project.org/72390,3,10,11,0,988,140,3,3,336.122777777778,106,refactoring/,refactor|,refactoring/,refactor|,WIP: Refactor the way to activate/deactivate targets,WIP: Refactor the way to activate/deactivate targets  Change-Id: Ic2a052d05b0fa4174f76618f704d0acd558c4bfe
23764,qt-creator%2Fqt-creator~master~I0ebc4eaf2bf9f2bcff3be25bbe6c14e3087f8c56,https://codereview.qt-project.org/71503,5,3,0,0,118,466,1,2,34.4269444444444,167,refactoring/,refactor|,refactoring/,refactor|,CppEditor: Refactor tests,CppEditor: Refactor tests  * Use more data functions * Better use of QEXPECT_FAIL * Less noise when adding a test  Change-Id: I0ebc4eaf2bf9f2bcff3be25bbe6c14e3087f8c56
23935,qt%2Fqtserialport~stable~Id9a940f07021866e28ffa7e5031076b477242d76,https://codereview.qt-project.org/64821,4,9,0,0,2422,115,1,2,1515.32916666667,240,refactoring/,refactor|,refactoring/,refactor|,WIP: Windows: Refactor of handling of policies for received data,WIP: Windows: Refactor of handling of policies for received data  This serious change.  ... Here I will add its description later ...  Also this patch fix a bug:  Task-number: QTBUG-33076 Change-Id: Id9a940f07021866e28ffa7e5031076b477242d76
24030,qt%2Fqtbase~dev~I3a4c7b1c1bf07107861dc9df2a0590b130a2a752,https://codereview.qt-project.org/69682,6,16,31,0,980,93,4,6,28.66,506,refactoring/,refactor|,refactoring/,refactor|,Refactor file handling and plugin loading for WinRT,"Refactor file handling and plugin loading  Remove all checks for UNC as WinRT does not support this. Furthermore, some native calls do not allow to be specified absolute with a starting separator, hence remove those right before the call to still stay consistent inside of Qt. This also fixes the problem of having the application executable outside the root directory. Now build directories can be packaged and application launched from debug/release.  Change-Id: I3a4c7b1c1bf07107861dc9df2a0590b130a2a752"
24069,qt%2Fqtbase~dev~I1afd64a813bc084c0893b958aa191d4a25c32b9d,https://codereview.qt-project.org/63656,10,41,79,0,4015,1577,9,15,1610.08611111111,523,refactoring/,refactor|,refactoring/,refactor|,WIP: Refactor QQnxWindow,"WIP: Refactor QQnxWindow  This patch does following things: * Introduce QQnxEglWindow and QQnxRasterWindow which have QQnxWindow as base class * Make QQnxWindow abstract * Remove the root window: First window which is created will serve as a root window * Allow creation of more that one application window (with every app window having an own window group) on one screen (not yet implemented properly) * Allow the creation of ""just"" child windows (not implemented yet)  Change-Id: I1afd64a813bc084c0893b958aa191d4a25c32b9d"
24659,qt%2Fqtdeclarative~wip%2Fv4~I582e0fb167a62c0c527c6bfa3452550e37944069,https://codereview.qt-project.org/65596,1,2,0,0,159,716,1,17,39.6027777777778,403,refactoring/,refactor|,refactoring/,refactor|,Refactor our NaN boxing to be more efficient,"Refactor our NaN boxing to be more efficient  * Use a unified way to store all Managed objects inside a Value, instead of distinguishing between strings and other objects.  * On 64 bit we store pointers as pointers, so accessing them through Scoped<> objects is cheap. This implies that doubles are now stored in a mangled form (xor'ed with a mask).  Change-Id: I582e0fb167a62c0c527c6bfa3452550e37944069"
24678,qt-creator%2Fqt-creator~master~I130a5cb5e4c10689901e6c47085e4ed86a521ac3,https://codereview.qt-project.org/64361,3,9,0,0,394,109,3,6,357.312222222222,115,refactoring/,refactor|,refactoring/,refactor|,CMake: Refactor CMakeOpenProjectWizard,CMake: Refactor CMakeOpenProjectWizard  TO BE SQUASHED LATER!  Change-Id: I130a5cb5e4c10689901e6c47085e4ed86a521ac3
25235,qt%2Fqtserialport~stable~I349f04fb87a3d287e086888465af2bb546a6350b,https://codereview.qt-project.org/60914,6,29,25,0,6684,29,3,1,311.1475,518,refactoring/,refactor|,refactoring/,refactor|,Windows: Refactor of devicePortName() function,"Windows: Refactor of devicePortName() function  Optimization of speed at the expense of reduction of repeat of calls of the SetupDiOpenDevRegKey() function. We do assumption that the name of the device can't have the size more than 64 bytes.  In case if the name of the device has more than 64 bytes, the SetupDiOpenDevRegKey() function will be executed twice, as before.  Also this optimization theoretically has to reduce the size of a binary code on the output.  Change-Id: I349f04fb87a3d287e086888465af2bb546a6350b"
25851,qt-creator%2Fqt-creator~master~I9dc0a3a2807f06b9942a846663523c7527f4215c,https://codereview.qt-project.org/55388,4,8,1,0,2181,28,1,2,460.210277777778,95,refactoring/,refactor|,refactoring/,refactor|,"TextEditor: larger ""lamp"" refactor marker","TextEditor: larger ""lamp"" refactor marker  Change-Id: I9dc0a3a2807f06b9942a846663523c7527f4215c"
25885,qt-creator%2Fqt-creator~master~I85784f32f515ff896c73f35303c7de26f8006f59,https://codereview.qt-project.org/55902,4,12,4,0,2373,151,2,4,251.224722222222,243,refactoring/,refactor|,refactoring/,refactor|,Git: Refactor stash handling,"Git: Refactor stash handling  * Replace RebaseManager with ConflictHandler * Store StashGuard in GitClient, allow popping after   a whole process is done (e.g. pull with resolved conflicts)  Change-Id: I85784f32f515ff896c73f35303c7de26f8006f59"
26005,qt%2Fqtbase~master~If87d73e908ab428ea5955ef19685ca53392aa7bb,https://codereview.qt-project.org/29986,2,3,0,0,212,76,1,2,7490.68944444444,162,refactoring/,refactor|,refactoring/,refactor|,WIP - QHeaderView refactor hide. (18) - remove unused functions,WIP - QHeaderView refactor hide. (18) - remove unused functions  This removes a lot of now unused functions.  Change-Id: If87d73e908ab428ea5955ef19685ca53392aa7bb
26006,qt%2Fqtbase~master~I145a84db025a831590b0496ec52437d75ac280e7,https://codereview.qt-project.org/29985,2,3,0,0,212,12,1,2,7490.77138888889,162,refactoring/,refactor|,refactoring/,refactor|,WIP - QHeaderView refactor hide. (17) - inline trivial calls,WIP - QHeaderView refactor hide. (17) - inline trivial calls  This inlines some calls to the hide interface.  Change-Id: I145a84db025a831590b0496ec52437d75ac280e7
26007,qt%2Fqtbase~master~I00719173b1623c56083e164ae1b5f480ab7cf91e,https://codereview.qt-project.org/29983,2,3,0,0,212,2,1,1,7491.17055555556,181,refactoring/,refactor|,refactoring/,refactor|,WIP - QHeaderView refactor hide. (16) - clean up initialize Sections,WIP - QHeaderView refactor hide. (16) - clean up initialize Sections  Remove a few hidelines in QHeaderView::initializeSections  Change-Id: I00719173b1623c56083e164ae1b5f480ab7cf91e
26008,qt%2Fqtbase~master~I3b1df9de0e9bf1368bc4985c49e9038c7767dab9,https://codereview.qt-project.org/29982,2,3,0,0,212,10,1,1,7491.23833333333,166,refactoring/,refactor|,refactoring/,refactor|,WIP - QHeaderView refactor hide. (15) - clean up resize section,WIP - QHeaderView refactor hide. (15) - clean up resize section  Inline hide calls in QHeaderView::resizeSection  Change-Id: I3b1df9de0e9bf1368bc4985c49e9038c7767dab9
26009,qt%2Fqtbase~master~I4150eec4c75ff5b0e2071adaf4a453a75d79f4db,https://codereview.qt-project.org/29980,2,3,0,0,212,4,1,1,7491.35694444445,153,refactoring/,refactor|,refactoring/,refactor|,WIP - QHeaderView refactor hide. (14) - clean up moveSection,WIP - QHeaderView refactor hide. (14) - clean up moveSection  Removes the hide parts in moveSection  Change-Id: I4150eec4c75ff5b0e2071adaf4a453a75d79f4db
26010,qt%2Fqtbase~master~Ib1c1cc0d91cb4ca7e16ef6e2392b22788c828cc9,https://codereview.qt-project.org/29979,2,3,0,0,212,12,1,2,7491.35361111111,181,refactoring/,refactor|,refactoring/,refactor|,WIP - QHeaderView refactor hide. (13) - clean up setSectionHidden 2,WIP - QHeaderView refactor hide. (13) - clean up setSectionHidden 2  This cleans up a bit more in QHeaderView::setSectionHidden  Change-Id: Ib1c1cc0d91cb4ca7e16ef6e2392b22788c828cc9
26011,qt%2Fqtbase~master~Idde6fe02dd2798c5907fe47718b9f37c6e18057a,https://codereview.qt-project.org/29977,2,3,0,0,212,11,1,1,7491.40777777778,179,refactoring/,refactor|,refactoring/,refactor|,WIP - QHeaderView refactor hide. (12) - clean up setSectionHidden 1,WIP - QHeaderView refactor hide. (12) - clean up setSectionHidden 1  This cleans up a little in QHeaderView::setSectionHidden  Change-Id: Idde6fe02dd2798c5907fe47718b9f37c6e18057a
26012,qt%2Fqtbase~master~Idc67eb9a9691aaeb823d502b858ca1b914648898,https://codereview.qt-project.org/29975,2,3,0,0,212,124,1,2,7491.49694444444,179,refactoring/,refactor|,refactoring/,refactor|,WIP - QHeaderView refactor hide. (11) - clean up misc,WIP - QHeaderView refactor hide. (11) - clean up misc  This patch cleans up usage of the old way of handling hidden sections.  Change-Id: Idc67eb9a9691aaeb823d502b858ca1b914648898
26013,qt%2Fqtbase~master~I0f1eaf9e7f352200df626e5f1b2a360a1742d689,https://codereview.qt-project.org/29974,3,4,0,0,385,125,1,2,7491.52638888889,251,refactoring/,refactor|,refactoring/,refactor|,WIP - QHeaderView refactor hide. (10) - replace impl. (Main change),WIP - QHeaderView refactor hide. (10) - replace impl. (Main change)  Now we replace the behavior with a new one - where the hidden info is stored on the section rather than some strange structures.  Change-Id: I0f1eaf9e7f352200df626e5f1b2a360a1742d689
26014,qt%2Fqtbase~master~I1fb50adcc47cf836305af9b843660d460fe0e01b,https://codereview.qt-project.org/29973,2,3,0,0,212,14,1,2,7491.675,216,refactoring/,refactor|,refactoring/,refactor|,WIP - QHeaderView refactor hide (9) - use raw size in move and swap,WIP - QHeaderView refactor hide (9) - use raw size in move and swap  This makes use of raw section size in swap and moveSection. Currently there is no difference.  Change-Id: I1fb50adcc47cf836305af9b843660d460fe0e01b
26015,qt%2Fqtbase~master~Id755fd208db714b5a11848ad751d9d1abafd77a8,https://codereview.qt-project.org/29952,2,3,0,0,212,22,1,2,7500.33694444444,237,refactoring/,refactor|,refactoring/,refactor|,WIP - QHeaderView refactor hide (8) - ensure enough size in arrays,WIP - QHeaderView refactor hide (8) - ensure enough size in arrays  When we clear one of the hidden structs we actually should clear both. Therefore we merge these functions into one.  Change-Id: Id755fd208db714b5a11848ad751d9d1abafd77a8
26017,qt%2Fqtbase~master~I0788d5c7985e0eb38accf1af5f9b74622f924fad,https://codereview.qt-project.org/29949,2,3,0,0,212,3,1,1,7501.29111111111,659,refactoring/,refactor|,refactoring/,refactor|,WIP - QHeaderView refactor hide (6) - resize instantly to 0 on hide,"WIP - QHeaderView refactor hide (6) - resize instantly to 0 on hide  I have been considering removing this if before (and actually even uploaded a patch). This patch is similar to the previous patch, but this does change semantics slightly.  Now we regardless of autosize of sections resize the section to 0. However (auto) resizeSections does not use the size information on the section so we can go ahead an do it right away.  Actually the behavior before this patch seems to be a bit strange. If we hide e.g section 2 - then an emit of a resize of section 1 could occour before the resize of section 2.  Change-Id: I0788d5c7985e0eb38accf1af5f9b74622f924fad"
26018,qt%2Fqtbase~master~Ic65d0c3682ea3d99b306d87b24fbb87b989d6f78,https://codereview.qt-project.org/29948,2,4,0,0,305,1,1,1,7501.33277777778,352,refactoring/,refactor|,refactoring/,refactor|,WIP - QHeaderView refactor hide (5) - enforce size 0 before show,WIP - QHeaderView refactor hide (5) - enforce size 0 before show  At restore we now set the sectionSize to 0. That is currently not problem since it is already 0. However later we have already removed the hidden flag - and the section has a size. In that situation we want to emit a correct resize.  Change-Id: Ic65d0c3682ea3d99b306d87b24fbb87b989d6f78
26020,qt%2Fqtbase~master~Ie3fc04b3a0b660006ab02084cb62144f019b6506,https://codereview.qt-project.org/29946,2,3,0,0,213,21,1,1,7501.40611111111,949,refactoring/,refactor|,refactoring/,refactor|,WIP - QHeaderView refactor hide (3) - clean up initialize Sections,"WIP - QHeaderView refactor hide (3) - clean up initialize Sections  initializeSections(int, int) is only called by initializeSections()  The current situation before this patch:  initializeSections(int, int) does a lot of work to ensure that if we have any hiddenSectionSizes outside the new range (if any sections are removed) - then these are removed.  Afterwards initializeSections() calls updateHiddenSections with index range of all the current valid indexes. updateHiddenSections takes arguments that are a range that can't have hidden sections (see _q_sectionsRemoved) (This has probably been added later)  Unless we have an inconsistent model these two operations should ensure that we end up with no hidden sections. It is just done in an unreadable/clumsy way.  So lets do it in a more simple way. We also plan to skip updateHiddenSections.  (This is similar to an old WIP patch I had)  Change-Id: Ie3fc04b3a0b660006ab02084cb62144f019b6506"
26021,qt%2Fqtbase~master~I8ebfbb67bb71fb51ede1f80073ebc0b6b8a4be23,https://codereview.qt-project.org/29945,2,3,0,0,219,151,1,2,7501.44638888889,295,refactoring/,refactor|,refactoring/,refactor|,WIP - QHeaderView refactor hide (2) - wrap hide with functions,"WIP - QHeaderView refactor hide (2) - wrap hide with functions  Now we remove a lot usage of sectionsHidden and hiddenSectionSize, that is we enforce that usage of them goes through functions. (Since we want to remove these variables later).  Change-Id: I8ebfbb67bb71fb51ede1f80073ebc0b6b8a4be23"
26022,qt%2Fqtbase~master~I23d51b7a04f860daf1fac1a18ef5d9f6b0526877,https://codereview.qt-project.org/29944,2,4,0,0,285,21,2,2,7501.77888888889,1295,refactoring/,refactor|,refactoring/,refactor|,WIP - QHeaderView refactor hide (1) - make size private in Section,WIP - QHeaderView refactor hide (1) - make size private in Section  This makes the size member on section a private member. The reason for this is that we later also uses the size for the hidden size.  The main goal is to store hidden sections sizes on the sections rather that on a separate structure. Every patch should work by itself and pass CI and only one patch has a minor behavior change. (that is part 6 - resize instantly to 0 on hide).  After patch 18 we are in the following situation: (performance is mostly by looking at the qheaderview benchmark)  cons: * recalcSectionStartPos is 30-50% slower. (It is an important function to execute fast - but I still think it is fast. However we can optimize it further.)  pros: * We have removed nearly 100 lines in qheaderview.cpp and qheadview_p.h (And still a couple of cleanups could be made)  * The code is less complex - at least it has a simpler model * Hide and show section is about one factor faster * MoveSection is (worst case) about 2.5 factors faster (nice) * Removal of one section in a model is about a factor faster (important) * Insert of one section in a model is about 2-3 fac. faster (important) * We can now easily solve a problem where we leave 0-sections on reset  Change-Id: I23d51b7a04f860daf1fac1a18ef5d9f6b0526877
26259,qt-creator%2Fqt-creator~master~Idc7aeb2a137e3b524af3ed85affb7020da385a89,https://codereview.qt-project.org/50447,1,2,0,0,106,81,1,4,1079.69,84,refactoring/,refactor|,refactoring/,refactor|,Mer: Refactor VBoxManager APIs,Mer: Refactor VBoxManager APIs  Change-Id: Idc7aeb2a137e3b524af3ed85affb7020da385a89
26264,qt-creator%2Fqt-creator~master~If6afbcbfec8f2534263ff13a900cb559c4a48a2f,https://codereview.qt-project.org/50442,1,2,0,0,419,236,1,15,1079.68194444444,86,refactoring/,refactor|,refactoring/,refactor|,Mer: Refactor - cosmetic changes,Mer: Refactor - cosmetic changes  Change-Id: If6afbcbfec8f2534263ff13a900cb559c4a48a2f
26450,%7Bgraveyard%7D%2Fv4vm~master~I4f2142cce3e18f7731238eee2c175a59d356ade0,https://codereview.qt-project.org/53217,1,2,0,0,103,81,1,2,93.9397222222222,113,refactoring/,refactor|,refactoring/,refactor|,WIP: refactor property descriptor to use PropertyAttributes,WIP: refactor property descriptor to use PropertyAttributes  Change-Id: I4f2142cce3e18f7731238eee2c175a59d356ade0
26856,qt%2Fqtwebkit~dev~Id9b55d37c7ad839a27029e92872f36bbf202e660,https://codereview.qt-project.org/51603,4,4,0,0,409,140,1,5,17.0363888888889,1863,refactoring/,refactor|,refactoring/,refactor|,[Qt][WK2] Refactor handling of content suspension to properly cover corner cases,"[Qt][WK2] Refactor handling of content suspension to properly cover corner cases  https://bugs.webkit.org/show_bug.cgi?id=111751  This is a back-port from upstream patch http://trac.webkit.org/changeset/146355      Reviewed by Jocelyn Turcotte.  The current suspend / resume infrastructure turned out to be insufficient to cover all corner cases during transitions between gestures of complex gesture chains.  The requirements for robust suspend / resume handling are:     - Keep the content suspended while the user is continuously interacting, eg. does not lift the finger between transition from a pan to a pinch gesture and vice versa.     - The content should not be suspended unnecessarily (like for a tap gesture), only during panning and scroll animation (flick), as well as pinch zoom and scale animation (also includes double-tap-to-zoom).     - The content should never end up stuck in suspended state after long gesture chains and continuous interaction.  This patch reintroduces reference counting based suspension in form of a new ViewportInteractionTracker member class to make it possible to reliably control the suspend / resume cycles during scrolling and scaling. During continuous gestures, while the user is interacting, the reference count is increased without actually suspending the content to prevent resuming unnecessarily during continuous interaction. At the same time this also assures that the page is not suspended for simple tap gestures, which was a side-effect of the previous approach based on update deferrers. The newly added functionality replaces boolean members that tried to achive the above requirements. Additionally this patch also removes the redundant m_hasSuspendedContent member from the PageViewportController since WebPageProxy already keeps this information.  Change-Id: Id9b55d37c7ad839a27029e92872f36bbf202e660"
27789,%7Bgraveyard%7D%2Fv4vm~master~I501dc045805e28da7605459f7866d9a0e42538b8,https://codereview.qt-project.org/43507,5,27,2,0,1073,389,9,11,910.568055555556,160,refactoring/,refactor|,refactoring/,refactor|,Refactor StringPool.,WIP: Refactor StringPool  TODO: make it reentrant in c++98 TODO: write a proper commit msg TODO: polish it  Change-Id: I501dc045805e28da7605459f7866d9a0e42538b8
27937,qt%2Fqtquickcontrols~master~I7e5ee9487b89e6e75ce96c8bafaf383c9911958a,https://codereview.qt-project.org/45012,3,4,0,0,207,368,1,9,20.1891666666667,88,refactoring/,refactor|,refactoring/,refactor|,refactor QQuickControl out of Item,refactor QQuickControl out of Item  Change-Id: I7e5ee9487b89e6e75ce96c8bafaf383c9911958a
28407,qt%2Fqttools~5.14~I9be29d98f230ac54a325d3c8b6ca93ff63499426,https://codereview.qt-project.org/289018,5,10,4,2,11965,2101,2,132,2520.32527777778,88,refactoring/,refactor|,refactoring/,refactor|,QDoc refactor test output location,QDoc refactor test output location  Change-Id: I9be29d98f230ac54a325d3c8b6ca93ff63499426
28743,qt%2Fqtbase~master~I09e8304f4d01bd7e471db4a625f797f9cbb024fd,https://codereview.qt-project.org/39641,8,12,0,0,3166,9,1,2,748.845,399,refactoring/,refactor|,refactoring/,refactor|,QHash: refactor the seed usage,"QHash: refactor the seed usage  Instead of storing it into each QHash's private, just load() it as needed.  The only function that uses it is findNode, and the code path that uses it can't be triggered without initializing the seed first (QHashData's detaching from shared_null is still used as the condition to trigger the seed initialization).  Change-Id: I09e8304f4d01bd7e471db4a625f797f9cbb024fd"
29271,qt%2Fqtbase~winrt~I3b277316b1befbb57613b465fc5bbedc6b2305f7,https://codereview.qt-project.org/39828,3,2,0,0,57,56,1,1,0.241666666666667,219,refactoring/,refactor|,refactoring/,refactor|,Refactor create_cmake to re-use the computed stem.,Refactor create_cmake to re-use the computed stem.  Change-Id: I3b277316b1befbb57613b465fc5bbedc6b2305f7 Reviewed-by: Oswald Buddenhagen <oswald.buddenhagen@digia.com> Reviewed-by: Stephen Kelly <stephen.kelly@kdab.com>
29320,qt%2Fqtbase~winrt~I2c8a85de0cf8187468798cf5faff0006da4b9623,https://codereview.qt-project.org/39812,3,2,0,0,57,2192,1,9,0.119722222222222,361,refactoring/,refactor|,refactoring/,refactor|,Refactor and cleanup QGtk(2)Painter,"Refactor and cleanup QGtk(2)Painter  Move all the GTK2 specific function resolving and painting routines to QGtk2Painter. A GTK3 specific and Cairo based QGtk3Painter will be introduced later, and it will be QGtkStyle's job to choose between the two.  Change-Id: I2c8a85de0cf8187468798cf5faff0006da4b9623 Reviewed-by: Jens Bache-Wiig <jens.bache-wiig@digia.com>"
29498,qt%2Fqtbase~master~Id97a21a0804c17bde4774c83e71d6e042508fcd3,https://codereview.qt-project.org/38511,3,4,0,0,174,351,2,8,19.3975,247,refactoring/,refactor|,refactoring/,refactor|,Mac: refactor scrollbar animations,Mac: refactor scrollbar animations  Get rid of QWidget-centric QMacStyle::eventFilter() and implement the fade out animations for scrollbars using QNumberStyleAnimation-based QFadeOutAnimation.  Change-Id: Id97a21a0804c17bde4774c83e71d6e042508fcd3
29835,qt-creator%2Fqt-creator~2.6~I38812100b4fffcf7386fd6921880f5c7723f2288,https://codereview.qt-project.org/34253,5,11,6,0,713,547,3,27,455.226666666667,302,refactoring/,refactor|,refactoring/,refactor|,Refactor code,Refactor code   * Make sure the top level kit configuration widget has a different    base class than the config widgets of the individual kitinformation  * Make kit name editable in the top level configuration widget  Task-number: QTCREATORBUG-7805 Change-Id: I38812100b4fffcf7386fd6921880f5c7723f2288
30149,qt%2Fqtsensors~master~I90a7d2f7890209b191383d9434e2ec4af919c783,https://codereview.qt-project.org/32621,6,8,45,0,924,5969,1,47,201.046944444444,169,refactoring/,refactor|,refactoring/,refactor|,WIP: refactor sensors declarative plugin.,WIP: refactor sensors declarative plugin.  removing qtmobility namespace. add proper c++ tilt sensor add auto tests  Change-Id: I90a7d2f7890209b191383d9434e2ec4af919c783
30157,qt%2Fqtbase~master~I3e25905e3258ee6a8885982bb423ad32f4de3860,https://codereview.qt-project.org/33087,3,4,0,0,427,39,1,1,1.51805555555556,129,refactoring/,refactor|,refactoring/,refactor|,Refactor the metatype registration in an effort to reduce code duplication.,Refactor the metatype registration in an effort to reduce code duplication.  Change-Id: I3e25905e3258ee6a8885982bb423ad32f4de3860
30349,qt-creator%2Fqt-creator~2.6~Ic5278fd7d2eff5ea967c1ca5b7cf3e5df5f2fde7,https://codereview.qt-project.org/31637,1,2,0,0,116,79,1,4,3.64111111111111,119,refactoring/,refactor|,refactoring/,refactor|,WIP: Refactor maemo deploy module.,WIP: Refactor maemo deploy module.  - becomes more self-contained  Change-Id: Ic5278fd7d2eff5ea967c1ca5b7cf3e5df5f2fde7
31081,qt-creator%2Fqt-creator~master~Ic2f9f54e45e2e870e09769d0d28e4047bd683137,https://codereview.qt-project.org/10640,3,12,0,0,884,24,4,7,3386.75916666667,244,refactoring/,refactor|,refactoring/,refactor|,QmlDebugging: Refactor BreakOnQmlSignalHandler,QmlDebugging: Refactor BreakOnQmlSignalHandler  BreakOnQmlSignalHandler is now BreakOnQmlSignal. The breakpoint takes the name of the signal instead of the signal handler as input parameter.  Change-Id: Ic2f9f54e45e2e870e09769d0d28e4047bd683137
31354,qt%2Fqtbase~master~Ia5cb35c1748cefe246afe6ddf6cb31415aedcd9a,https://codereview.qt-project.org/22734,4,6,0,0,520,36,2,2,4.05777777777778,554,refactoring/,refactor|,refactoring/,refactor|,Cocoa: refactor cocoa font dialog initialization,"Cocoa: refactor cocoa font dialog initialization  Delegate is not set when calling currentFont right after dialog is created. Create the delegate in constructor to avoid the crash and create font dialog layout just before the dialog is shown, otherwise there is another crash because dialog options are not yet set.  Note: this just fixes the crash, the test will still fail due to missing missing logic in qfontdialog's internal handling of font families and native dialogs.  Task-number: QTBUG-24321 Change-Id: Ia5cb35c1748cefe246afe6ddf6cb31415aedcd9a"
31542,qt%2Fqtbase~master~If97f7bc4547d69b0a2bd7716f949723be6b4fdca,https://codereview.qt-project.org/1767,3,13,7,0,875,49,4,1,6049.62833333333,335,refactoring/,refactor|,refactoring/,refactor|,"Refactor out the extension detection, and also search qmake-based ""QTDIR""","Refactor out the extension detection, and also search qmake-based ""QTDIR""  This allows us to resolve tools in the yet-to-be-installed QtBase module, so modules can be compiled and installed at the same time as QtBase. (Ergo, no need to 'make install' each module in order anymore.)  Change-Id: If97f7bc4547d69b0a2bd7716f949723be6b4fdca"
31776,qt%2Fqtbase~master~Ic68b3e2393c0be061c6550816c460032867ccdb0,https://codereview.qt-project.org/14218,1,2,0,0,103,193,1,3,1201.10833333333,89,refactoring/,refactor|,refactoring/,refactor|,WIP: Cocoa Window handling refactor,WIP: Cocoa Window handling refactor  Change-Id: Ic68b3e2393c0be061c6550816c460032867ccdb0
31888,qt-creator%2Fqt-creator~2.5~I529e3e819f4f470657745e852fe3fcd68b41e49f,https://codereview.qt-project.org/19085,4,8,0,0,439,9185,3,44,31.3111111111111,327,refactoring/,refactor|,refactoring/,refactor|,QmlProfiler: Refactor,"QmlProfiler: Refactor  The code of the qmlprofiler client has become a bit too complex, this patch reorganizes the modules in a more sensible way, having the modules communicate with each other through a state machine instead of the excess of signals and slots from before.  Change-Id: I529e3e819f4f470657745e852fe3fcd68b41e49f"
32061,qt%2Fqtwayland~master~Ia4dc18b426a11c7d00c37e4c29e9623a334c7d28,https://codereview.qt-project.org/18167,2,3,0,0,140,1,1,1,0.781388888888889,173,refactoring/,refactor|,refactoring/,refactor|,Brainfart. I have no explanation why I introduced this in the refactor,Brainfart. I have no explanation why I introduced this in the refactor  patch: 6182685f5293e8a6adef8ed2d94dfa4821068d4f  Change-Id: Ia4dc18b426a11c7d00c37e4c29e9623a334c7d28
32108,qt%2Fqtbase~api_changes~Id5422cac5967d45dcaf2eb71b941d9c45e3b4dee,https://codereview.qt-project.org/17725,3,2,0,0,71,152,1,4,0.459166666666667,214,refactoring/,refactor|,refactoring/,refactor|,Refactor input context tests,Refactor input context tests  Combined test input context instances and adapted changed interfaces a bit.  Change-Id: Id5422cac5967d45dcaf2eb71b941d9c45e3b4dee Reviewed-by: Joona Petrell <joona.t.petrell@nokia.com>
32307,%7Bgraveyard%7D%2Fqtjsondb~master~Id1e00b0c5dc87b33d1cc01acc482ea8ee2eb5391,https://codereview.qt-project.org/15532,5,6,0,0,1524,3996,1,47,247.129166666667,97,refactoring/,refactor|,refactoring/,refactor|,Refactor: renaming daemon files and classes,Refactor: renaming daemon files and classes  Change-Id: Id1e00b0c5dc87b33d1cc01acc482ea8ee2eb5391
32326,qt-creator%2Fqt-creator~master~I1e0a26ee0442a0f90141a043ce111df3b4afe19a,https://codereview.qt-project.org/16266,4,2,0,0,217,860,1,25,47.4913888888889,317,refactoring/,refactor|,refactoring/,refactor|,Console: Refactor,Console: Refactor  Move QML/JS independent classes to common Debugger code. A Debugger Engine needs to derive from ConsoleDelegate to provide engine specific console handling and the DebuggerEngine::consoleDelegate() needs to be overridden to return the instance.  Change-Id: I1e0a26ee0442a0f90141a043ce111df3b4afe19a
32362,qt-creator%2Fqt-creator~master~I635ee42eb8a08c0843e012011e666572e769edda,https://codereview.qt-project.org/13668,3,7,17,0,390,1512,2,13,607.682222222222,267,refactoring/,refactor|,refactoring/,refactor|,Console: Refactor ScriptConsole to Console,Console: Refactor ScriptConsole to Console  Refactor QMLJSScriptConsole to make it more modular. Debugger now has a generic Console Window. Individual engines can subclass Console and set it to the Console Window.  Change-Id: I635ee42eb8a08c0843e012011e666572e769edda
32898,qt%2Fqtpim~master~I532c2006c02f143c7fb92ebe9fc69ef02e98e07d,https://codereview.qt-project.org/10072,1,2,0,0,87,66,1,1,66.9872222222222,190,refactoring/,refactor|,refactoring/,refactor|,Refactor contacts qml tests.,Refactor contacts qml tests.  Remove dependency of extended detail e2e tests to test helper and unify model saving with other e2e tests.  Change-Id: I532c2006c02f143c7fb92ebe9fc69ef02e98e07d
32899,qt%2Fqtpim~master~I805e9e4c92bed9ba198a01cecf5553bdbca907ce,https://codereview.qt-project.org/10073,1,2,0,0,87,45,1,1,66.9833333333333,150,refactoring/,refactor|,refactoring/,refactor|,Refactor contacts qml tests.,Refactor contacts qml tests.  Unify model saving in clear details e2e test with other e2e tests.  Change-Id: I805e9e4c92bed9ba198a01cecf5553bdbca907ce
32973,qt%2Fqtlocation~master~Ic177625ccff7e89c80c1b6bd014d81f768be77ea,https://codereview.qt-project.org/8371,4,10,0,0,5037,411,3,23,385.256388888889,463,refactoring/,refactor|,refactoring/,refactor|,Refactor initialization code,"Refactor initialization code      * moves newtwork handling from QGeoMappingManager to QGeoMappingManagerEngine     * adds Map factory method to QGeoMappingManager     * moves TileCache to core impelementation     * QGeoMappingManager owns Map and QGeoMappingManagerEngine instances     * core uses QGeoMappingManagerEngine as network handler, decouple form QGeoMappingManager     * some function name cleanup  Change-Id: Ic177625ccff7e89c80c1b6bd014d81f768be77ea"
33169,qt%2Fqtbase~master~I8aa4945e26fe1eb7cf6b8ab2442e97371c537797,https://codereview.qt-project.org/7954,3,14,0,0,1055,503,3,4,121.540277777778,509,refactoring/,refactor|,refactoring/,refactor|,Refactor QMetaType types.,Refactor QMetaType types.  QMetaType::Type enum is the main source of type ids. Currently there are many tasks that can be replaced by a smart macro that can iterate over all types. The patch introduces series of FOR_EACH_ macros that may be used for code generation.  As the first step the macro was used for Q_DECLARE_BUILTIN_METATYPE to make sure that no type was forgotten.  Second step was to use created macros in autotest to improve tests coverage.  Change-Id: I8aa4945e26fe1eb7cf6b8ab2442e97371c537797
33215,qt%2Fqtbase~master~If95118b44456eb7ff2b26392067041497b98ce94,https://codereview.qt-project.org/7340,6,18,16,0,1111,632,4,4,196.595833333333,509,refactoring/,refactor|,refactoring/,refactor|,Refactor QMetaType types.,Refactor QMetaType types.  QMetaType::Type enum is the main source of type ids. Currently there are many tasks that can be replaced by a smart macro that can iterate over all types. The patch introduces series of FOR_EACH_ macros that may be used for code generation.  As the first step the macro was used for Q_DECLARE_BUILTIN_METATYPE to make sure that no type was forgotten.  Second step was to use created macros in autotest to improve tests coverage.  Change-Id: If95118b44456eb7ff2b26392067041497b98ce94
33453,qt-creator%2Fqt-creator~2.3~I9f90b6fe7695f8b6b65b0abf5be7041918c0ac5d,https://codereview.qt-project.org/2444,3,9,0,0,1212,953,4,2,1343.14944444444,81,refactoring/,refactor|,refactoring/,refactor|,"GdbDebugger: Refactor tests, undoing removal of extra-indention",GdbDebugger: Refactor tests  Change-Id: I9f90b6fe7695f8b6b65b0abf5be7041918c0ac5d
33466,qt%2Fqtdeclarative~master~Ib5ce8ba6413747ea287451de43422c49f2b647dd,https://codereview.qt-project.org/5175,2,6,0,0,2863,5558,3,33,70.13,93,refactoring/,refactor|,refactoring/,refactor|,WIP:refactor the declarative animations,WIP:refactor the declarative animations  Change-Id: Ib5ce8ba6413747ea287451de43422c49f2b647dd
33470,qt%2Fqtbase~master~I40722fc2a3aef0461181b04fff0c98e39279c59f,https://codereview.qt-project.org/5378,1,2,0,0,363,1119,1,44,0.605277777777778,809,refactoring/,refactor|,refactoring/,refactor|,Refactor accessibility for Qt5,"Refactor accessibility for Qt5  * Moved most stuff to gui\accessible * Moved widget-specific stuff to widgets\accessible * Moved platform-specific code to either the bridge plugin (this was already the case)   or to the platform plugin. * Added several classes and functions. These have not yet gone through an API   review. The plan is to do that in a later commit.   Classes:    - QPlatformAccessibility    - QWindowsAccessibility   Functions:    - QWindow *QAccessibleInterface::window();    - QPlatformAccessibility *QPlatformIntegration::accessibility()  * The bridge code can now either be a plugin or integrated into the platform plugin * Mac accessibility is left out for now. Unix ""should still work"" (tm). These platforms   should be fixed soon.  Change-Id: I40722fc2a3aef0461181b04fff0c98e39279c59f"
33492,%7Bgraveyard%7D%2Fquick3d~master~I09d1374aaddc4ad627e471cb4a1cdb1da4285a2b,https://codereview.qt-project.org/5218,2,5,0,0,401,7010,1,74,0.297222222222222,70,refactoring/,refactor|,refactoring/,refactor|,Port to refactor,Port to refactor  Change-Id: I09d1374aaddc4ad627e471cb4a1cdb1da4285a2b
33498,%7Bgraveyard%7D%2Fquick3d~qml2~I09d1374aaddc4ad627e471cb4a1cdb1da4285a2b,https://codereview.qt-project.org/4980,6,16,0,0,1881,6994,4,65,117.088333333333,70,refactoring/,refactor|,refactoring/,refactor|,Port to refactor,Port to refactor  Change-Id: I09d1374aaddc4ad627e471cb4a1cdb1da4285a2b
34056,qt%2Fqtdoc~master~I8e2fdf925d8cef931e23203a584e9509df30fb22,https://codereview.qt-project.org/4866,2,2,0,0,101,4,1,2,2.23916666666667,93,refactoring/,refactor|,refactoring/,refactor|,Build fix after graphics stack refactor,Build fix after graphics stack refactor  Change-Id: I8e2fdf925d8cef931e23203a584e9509df30fb22
34075,qt%2Fqtxmlpatterns~refactor~Ia9a36af853ae83eb211d30bde89b7d3a260fb527,https://codereview.qt-project.org/4693,2,3,0,0,125,30,1,14,0.0233333333333333,78,refactoring/,refactor|,refactoring/,refactor|,Compile against refactor,Compile against refactor  Change-Id: Ia9a36af853ae83eb211d30bde89b7d3a260fb527
34244,qt%2Fqtdeclarative~refactor~Ia97f0262e8f31fba89b02cf8a4db92777d530bd1,https://codereview.qt-project.org/2847,2,3,0,0,125,32,1,5,5.73944444444444,288,refactoring/,refactor|,refactoring/,refactor|,Merge branch 'master' into refactor,Merge branch 'master' into refactor  Conflicts: 	src/declarative/declarative.pro 	src/imports/gestures/gestures.pro 	src/imports/inputcontext/inputcontext.pro 	src/qtquick1/graphicsitems/qdeclarativeitem.cpp 	src/qtquick1/qtquick1.pro  Change-Id: Ia97f0262e8f31fba89b02cf8a4db92777d530bd1
34245,qt%2Fqtdeclarative~refactor~Ifbb2e228b8181a7f673d5beddb7cec23eff22c37,https://codereview.qt-project.org/2848,2,3,0,0,125,0,1,0,5.70166666666667,135,refactoring/,refactor|,refactoring/,refactor|,Merge branch 'refactor' of codereview.qt.nokia.com:qt/qtdeclarative into refactor,Merge branch 'refactor' of codereview.qt.nokia.com:qt/qtdeclarative into refactor  Change-Id: Ifbb2e228b8181a7f673d5beddb7cec23eff22c37
34375,%7Bgraveyard%7D%2Fquick3d~master~I61229080f366d0a4ada4b915d182bb173225f871,https://codereview.qt-project.org/1116,2,9,0,0,6607,2868,3,103,24.1825,974,refactoring/,refactor|,refactoring/,refactor|,Initial refactor of packaging for qtc.,"Initial refactor of packaging for qtc.  Packaging was always not so good.  With the arrival of yet another packaging system to support, with QtSDK and Harmattan, it was overdue time to refactor the build system.  Factored out all the places where Qt3D and QtQuick3D dependencies were exactly 3 levels below the source .pro file.  This catches all of the examples and all of the demos, except for the ones in the tutorials directories.  It is fine if those don't appear in packages, since their main value is in examining them in the IDE, rather than just having a package run them for you.  It also catches both of the import plugins.  Thus we save a huge amount of duplication of packaging information and can place the Qt SDK Harmattan packaging into a couple of variables in a new pkg.pri file.  The two deps are now in a qt3d_pkg_dep.pri and qt3dquick_pkg_dep.pri file.  Also start creating the debian rules for qtc.  Change-Id: I61229080f366d0a4ada4b915d182bb173225f871"
34660,qt%2Fqtqa~master~Ie8ce7300c7c82676439a5a2dd6e71a91a6205e0b,https://codereview.qt-project.org/291665,1,5,0,0,164,241,2,5,95.8077777777778,330,refactoring/,refactor|,refactoring/,refactor|,Refactor cherry-pick bot to fix a few issues,Refactor cherry-pick bot to fix a few issues  Standardize naming of cherryPickJSON variable to proper camelCase Wrap decrementPickCountRemaining() calls to fix premature execution Ensure event listenr timeouts are cancelled if the event is received  Task-number: QTQAINFRA-3382 Change-Id: Ie8ce7300c7c82676439a5a2dd6e71a91a6205e0b
34820,qt%2Fqtwinextras~5.14~If0ec9a51790d661017ae410d6ebe89acbed6e2da,https://codereview.qt-project.org/290548,3,9,0,0,533,212,4,23,5.68583333333333,117,refactoring/,refactor|,refactoring/,refactor|,Code refactor,Code refactor  Use enum class everywhere. Logic is not touched.  Change-Id: If0ec9a51790d661017ae410d6ebe89acbed6e2da
34865,pyside%2Fpyside-setup~5.15~I342f25f39950811493b1d00479063f4828752f23,https://codereview.qt-project.org/286952,3,17,1,1,867,255,7,4,617.114166666667,379,refactoring/,refactor|,refactoring/,refactor|,shiboken: Refactor writing of get/setattro methods,WIP: shiboken: Refactor writing of get/setattro methods  get/setattro functions are needed for smartpointers to dispatch to the pointee functions and for QObjects to handle properties. Split apart those 2 cases.  todo : Make getattro flags more fine grained to contain     classNeedsGetattroFunction()  Task-number: PYSIDE-803 Change-Id: I342f25f39950811493b1d00479063f4828752f23
34940,qt%2Fqt5~5.14~I28d34e8a135efaf80be46201912e45f3a09b80a6,https://codereview.qt-project.org/289353,1,3,1,0,187,28,1,2,3.71611111111111,421,refactoring/,refactor|,refactoring/,refactor|,Refactor python3 installation in SLES-15 provisioning,Refactor python3 installation in SLES-15 provisioning  + Use DownloadURL to download from local cache + Verify download SHA + Silence the tarball extraction + Install some generic packages in 02-zypper.sh + Use some other generic facilities from common.sourced.sh + Other minor changes  Task-number: QTQAINFRA-3528 Change-Id: Ic085d43381e220a0a4a52ef6d5bb0cf8a9bf7032  Change-Id: I28d34e8a135efaf80be46201912e45f3a09b80a6
35111,qt%2Fqtmultimedia~dev~Ie6fe901f35989c5076eedaea4edf3b8c4d3f35f4,https://codereview.qt-project.org/341926,1,3,1,0,133,563,1,9,0.191944444444444,797,refactoring/,refactor|,refactoring/,refactor|,Further refactor the video sink implementation on macOS/iOS.,"Further refactor the video sink implementation on macOS/iOS.  Make sure we can deliver both SW buffers, textures and render onto native surfaces.  As we need different implementations for the player and capture pipelines, AVFVideoSink is now acting as a proxy to the class doing the actual rendering.  Fold the windowed mode handling into the AVFVideoRenderer class and use it when rendering windowed or fullscreen.  This also required some changes in AVFMediaPlayer to ensure that we always have a AVPlayerLayer available because loading content happends asynchronously, but we need the layer directly.  With this playback works both onto QVideoWidget and the QML VideoItem, although there are some R<->B issues when rendering using software.  Change-Id: Ie6fe901f35989c5076eedaea4edf3b8c4d3f35f4"
35335,qt-creator%2Fqt-creator~4.15~I2121cc804378865f733e37af8146cb65c86ac154,https://codereview.qt-project.org/340592,2,3,1,0,212,1794,1,22,0.0075,173,refactoring/,refactor|,refactoring/,refactor|,Refactor AnnotationEditors to support different views,Refactor AnnotationEditors to support different views  Change-Id: I67797e911c320d77b8d6a2eba75de69546b30546  Last fixes  Change-Id: I2121cc804378865f733e37af8146cb65c86ac154
35604,qt%2Fqtwebengine~wip%2Fqtpdf~Ib6dd93f87bf6278992000f5d2698f587e41a7bc2,https://codereview.qt-project.org/287232,1,3,0,0,121,57,1,3,1.52638888888889,105,refactoring/,refactor|,refactoring/,refactor|,WIP refactor to remove PdfDocument from PdfPageView,WIP refactor to remove PdfDocument from PdfPageView  Change-Id: Ib6dd93f87bf6278992000f5d2698f587e41a7bc2
36500,qbs%2Fqbs~1.14~I0439e8b3e0273593c8456d32b1c099ff09498f16,https://codereview.qt-project.org/275486,1,3,0,0,58,62,1,14,0.0711111111111111,438,refactoring/,refactor|,refactoring/,refactor|,Refactor the map file generation property,"Refactor the map file generation property  1. It is makes sense to define this property once inside of CppModule, instead of duplicate it in each other module.  2. A new property name 'generateLinkerMapFile' will be better than a previous, so, we can rename this property.  3. The map file generation is not necessary to be always enabled, so, we can disable this property by default.  Change-Id: I0439e8b3e0273593c8456d32b1c099ff09498f16"
37007,qt%2Fqtbase~dev~I28a473896539b79bbd4b6729b3a417631f9ac8c6,https://codereview.qt-project.org/270316,4,19,11,3,973,183,5,6,28.0322222222222,238,refactoring/,refactor|,refactoring/,refactor|,Refactor instantiation and lookup of calendars,Refactor instantiation and lookup of calendars  Get rid of the macros for the different calendar systems as well as having an instance of each calendar in read-write memory in Qt Core.  Change-Id: I28a473896539b79bbd4b6729b3a417631f9ac8c6
37057,qt%2Fqttools~dev~Ie6734f44af37bc502712a1c7405cf0b989cabf77,https://codereview.qt-project.org/269684,1,3,0,0,58,42,1,2,22.8872222222222,95,refactoring/,refactor|,refactoring/,refactor|,test: Refactor lupdate with friends in .h,test: Refactor lupdate with friends in .h  Change-Id: Ie6734f44af37bc502712a1c7405cf0b989cabf77
37195,qt-apps%2Fneptune3-ui~dev~I9811b871f4f49e0944d2acafff6d1dafed66fa96,https://codereview.qt-project.org/268865,3,3,1,0,133,304,1,11,0.218611111111111,201,refactoring/,refactor|,refactoring/,refactor|,[monitor] refactor network status,[monitor] refactor network status   Task-number: AUTOSUITE-799 Change-Id: I9811b871f4f49e0944d2acafff6d1dafed66fa96 Reviewed-by: Bramastyo Harimukti Santoso <bramastyo.harimukti.santoso@pelagicore.com>
37388,qt%2Fqtremoteobjects~5.11~Ic0b8a27c0537771b58966afab18e10e2c7d5233d,https://codereview.qt-project.org/228584,3,5,3,0,202,11,1,1,10121.8133333333,88,refactoring/,refactor|,refactoring/,refactor|,WIP: Refactor QIOQnxSource cleanup,WIP: Refactor QIOQnxSource cleanup  Change-Id: Ic0b8a27c0537771b58966afab18e10e2c7d5233d
37799,qt%2Fqtremoteobjects~5.12~I50bc111c19a0d033c85755ad44e90a02840c4e06,https://codereview.qt-project.org/262199,3,2,0,0,245,47,1,1,13.7163888888889,223,refactoring/,refactor|,refactoring/,refactor|,Refactor gadget enum checks,"Refactor gadget enum checks  Since the property logic (using QMetaProperty's enumerator() method) could fail anyway, extract the logic into one method used in all cases.  Change-Id: I50bc111c19a0d033c85755ad44e90a02840c4e06"
38232,qt%2Fqtdeclarative~5.12~I42851789787b8da96618d82227b34c53ace15e9b,https://codereview.qt-project.org/255649,2,3,0,0,323,63,1,3,116.621388888889,190,refactoring/,refactor|,refactoring/,refactor|,Refactor transform code in pinchhandler to a separate function,Refactor transform code in pinchhandler to a separate function  This is needed in order for the wheel handler to have the same behavior.  Change-Id: I42851789787b8da96618d82227b34c53ace15e9b
38255,qt%2Fqtwayland~dev~I747a47ffff01b7b5f6a0ede3552ab37884c4fa60,https://codereview.qt-project.org/255904,2,2,1,0,112,655,1,13,0.0261111111111111,1549,refactoring/,refactor|,refactoring/,refactor|,Client: Refactor cursors and fix various bugs,"Client: Refactor cursors and fix various bugs  This patch is mostly a cleanup to prepare for implementations of xcursor-configuration, but also fixes a couple of issues.  Most of the logic has now been moved out of QWaylandDisplay and QWaylandCursor and into QWaylandInputDevice and QWaylandInputDevice::Pointer. QWaylandDisplay now only contains mechanisms for avoiding loading the same theme multiple times.  There is now only one setCursor method on QWaylandInputDevice, accepting a QCursor and storing its values so changing scale factor doesn't require calling setCursor again. QWaylandInputDevice::Pointer::updateCursor() is called instead.  Cursor buffer scale is now set according to enter/leave events of the cursor surface itself instead of the current window, this fixes incorrect buffer scales for cursors on windows that span multiple outputs. The window buffer scale can still be passed into the seat as a fallback until the first enter event is received.  This also fixes a bug where the QWaylandBuffer of a bitmap cursor could be deleted while it was being used as a cursor.  [ChangeLog][QPA plugin] Fixed a bug where the DPI of bitmap cursors were not sent to the compositor, leading to the compositor incorrectly scaling the cursor up or down.  [ChangeLog][QPA plugin] Fixed a bug where bitmap cursor hotspots were off when the screen scale factor was different from the bitmap cursor device pixel ratio.  Task-number: QTBUG-68571 Change-Id: I747a47ffff01b7b5f6a0ede3552ab37884c4fa60 Reviewed-by: Paul Olav Tvete <paul.tvete@qt.io>"
38702,qt%2Fqtbase~dev~Idc1d7ef086fbc24b9d070e17b4a86550ce2c3811,https://codereview.qt-project.org/249093,3,16,6,0,620,431,5,2,157.226388888889,247,refactoring/,refactor|,refactoring/,refactor|,WIP: Refactor the data structures for connections,"Refactor the ConnectionListVector  Move it to be a member of QObjectPrivate and avoid one memory allocation. Do proper refcounting on it, and remove the need for the orphaned and inUse members.  Change-Id: Idc1d7ef086fbc24b9d070e17b4a86550ce2c3811"
38760,qt%2Fqtbase~dev~Ibba4b1a8dbd09de75146a9c37dfbd5f55c4f6a48,https://codereview.qt-project.org/249107,1,2,0,0,84,4,1,1,6.95527777777778,94,refactoring/,refactor|,refactoring/,refactor|,fixup! Refactor the ConnectionListVector,fixup! Refactor the ConnectionListVector  Change-Id: Ibba4b1a8dbd09de75146a9c37dfbd5f55c4f6a48
38794,qt%2Fqtbase~5.12~I1d567eee7427db374669e874794865238a383507,https://codereview.qt-project.org/247405,3,11,0,0,2044,429,2,5,354.796666666667,549,refactoring/,refactor|,refactoring/,refactor|,uic: Refactor include statement generation,WIP: uic: Refactor include statement generation  Introduce a datatype to represent an include with formatting with the intention of having the data available at the time of writing out the target language construct.  Split the code paths for Qt classes and custom widgets to make the handling clearer and not execute heuristics for known Qt classes. Populate a hash of known Qt widgets directly by initializer list.  Add some warnings about legacy form conversion errors.  Task-number: PYSIDE-797 Change-Id: I1d567eee7427db374669e874794865238a383507
38795,qt%2Fqtbase~5.12~Idc0c71663cc49d39138deb93f893208ae73ca9d5,https://codereview.qt-project.org/247404,1,4,0,0,166,116,2,5,354.795555555556,352,refactoring/,refactor|,refactoring/,refactor|,uic: Refactor CustomWidgetsInfo::extends(),"WIP: uic: Refactor CustomWidgetsInfo::extends()  Add a extendsOneOf() helper that takes a QStringList to be searched and simplify the code accordingly.  In WriteInitialization::acceptWidget(), move the variable CustomWidgetsInfo *cwi up and reuse everywhere to shorten code.  Task-number: PYSIDE-797 Change-Id: Idc0c71663cc49d39138deb93f893208ae73ca9d5"
38796,qt%2Fqtbase~5.12~Ie4c9dc371c33a6071172432e5df16783055203bf,https://codereview.qt-project.org/247403,3,5,1,0,278,120,2,3,354.793611111111,220,refactoring/,refactor|,refactoring/,refactor|,uic: Refactor DOM class lookup in class Driver,WIP: uic: Refactor DOM class lookup in class Driver  Change the API to take const Dom * classes and use a helper function to do the insertion.  Task-number: PYSIDE-797 Change-Id: Ie4c9dc371c33a6071172432e5df16783055203bf
38907,qt%2Fqtbase~5.12~I079f5c92bae85d6246c14077db06e381b572cda5,https://codereview.qt-project.org/247384,1,2,0,0,165,120,1,3,2.85055555555556,220,refactoring/,refactor|,refactoring/,refactor|,WIP: uic: Refactor DOM class lookup in class Driver,WIP: uic: Refactor DOM class lookup in class Driver  Change the API to take const Dom * classes and use a helper function to do the insertion.  Task-number: PYSIDE-797 Change-Id: I079f5c92bae85d6246c14077db06e381b572cda5
38908,qt%2Fqtbase~5.12~I331e135b6aa58dbbd413ca151eb67b3eb92f09c6,https://codereview.qt-project.org/247385,1,2,0,0,165,116,1,5,2.84861111111111,352,refactoring/,refactor|,refactoring/,refactor|,WIP: uic: Refactor CustomWidgetsInfo::extends(),"WIP: uic: Refactor CustomWidgetsInfo::extends()  Add a extendsOneOf() helper that takes a QStringList to be searched and simplify the code accordingly.  In WriteInitialization::acceptWidget(), move the variable CustomWidgetsInfo *cwi up and reuse everywhere to shorten code.  Task-number: PYSIDE-797 Change-Id: I331e135b6aa58dbbd413ca151eb67b3eb92f09c6"
38909,qt%2Fqtbase~5.12~Iacae6862a6ab3f97a69e512ac5565b8562dda21a,https://codereview.qt-project.org/247386,2,2,0,0,165,429,1,5,2.84583333333333,549,refactoring/,refactor|,refactoring/,refactor|,WIP: uic: Refactor include statement generation,WIP: uic: Refactor include statement generation  Introduce a datatype to represent an include with formatting with the intention of having the data available at the time of writing out the target language construct.  Split the code paths for Qt classes and custom widgets to make the handling clearer and not execute heuristics for known Qt classes. Populate a hash of known Qt widgets directly by initializer list.  Add some warnings about legacy form conversion errors.  Task-number: PYSIDE-797 Change-Id: Iacae6862a6ab3f97a69e512ac5565b8562dda21a
38985,qt%2Fqtbase~wip%2Fcmake~I315e2f1775dc0b580b1975c5a87b033644d9a3c3,https://codereview.qt-project.org/245653,5,2,0,0,85,23,1,3,167.7775,116,refactoring/,refactor|,refactoring/,refactor|,CMake: Refactor UIC test for easier reuse in a future QRC test,CMake: Refactor UIC test for easier reuse in a future QRC test  Change-Id: I315e2f1775dc0b580b1975c5a87b033644d9a3c3
39173,qt%2Fqtbase~5.11~I7a353de521e4f4321c770fb1ac6043d33f6f332c,https://codereview.qt-project.org/243148,2,2,2,0,166,114,1,5,283.4725,495,refactoring/,refactor|,refactoring/,refactor|,WIP: Refactor lockedAlphaMapForGlyph,WIP: Refactor lockedAlphaMapForGlyph  Simply return a Glyph pointer and not a QImage to avoid allocating and deleting lots of d pointers for QImage when drawing text. Saves one new/delete pair per glyph drawn and speeds up text drawing by 10% for relatively large glyphs (probably more for smaller ones).  The qtext::paintLayoutToPixmap() benchmark shows a 16% improvement in performance with this change.  Renamed the method to glyphData().  Change-Id: I7a353de521e4f4321c770fb1ac6043d33f6f332c
39270,qt%2Fqtwebengine~5.12~If87ac507887d31f7f693d7f87ed8752938119527,https://codereview.qt-project.org/240828,2,5,0,0,210,92,2,4,523.560277777778,475,refactoring/,refactor|,refactoring/,refactor|,Refactor relation between QQuickWebEngineView and RWHVQDQ,"Refactor relation between QQuickWebEngineView and RWHVQDQ  Make QQuickWebEngineView aware of it's main RWHVQDQ and vice-versa. There's one behavior change: instead of stacking multiple RWHVQDQs on top of one another, we only show one main RWHVQDQ at a time. A side-effect of this change is to create bug parity between the Widgets and Quick APIs by introducing QTBUG-68727 also on the Quick side.  Task-number: QTBUG-68727 Change-Id: If87ac507887d31f7f693d7f87ed8752938119527"
39271,qt%2Fqtwebengine~5.12~I48501b13c040453c6b3d7feb1fac4c3597d8720f,https://codereview.qt-project.org/240827,2,5,2,0,256,153,2,6,523.558888888889,731,refactoring/,refactor|,refactoring/,refactor|,Refactor relation between QWebEnginePage and RWHVQDW,"Refactor relation between QWebEnginePage and RWHVQDW  Make QWebEnginePage aware of it's main RWHVQDW and vice-versa. Only once both a RWHVQDW and a QWebEngineView are bound to a QWebEnginePage will the RWHVQDW be added to the layout of the QWebEngineView.  There is one behavior change in that the old RWHVQDW is hidden as soon as a new one is bound to the page. Previously, the old RWHVQDW would be removed from the layout, but still shown. The difference can be seen in the scenario described in the bug ticket, which now results in a blank page instead of a RWHVQDW which is not the focus proxy and is not resized when the QWebEngineView is resized.  Task-number: QTBUG-68727 Change-Id: I48501b13c040453c6b3d7feb1fac4c3597d8720f"
39272,qt%2Fqtwebengine~5.12~I683afbb4fc0dec3b1caad4e485a1762eea8d1fe5,https://codereview.qt-project.org/240826,6,10,12,0,369,115,2,4,523.555833333333,336,refactoring/,refactor|,refactoring/,refactor|,Refactor QWebEnginePage::setView and QWebEngineView::setPage,"Refactor QWebEnginePage::setView and QWebEngineView::setPage  Use a pattern similar to QWebEnginePage::setInspectedPage/setDevToolsPage, but try to separate the meaningful code from the boilerplate code by moving it to separate bind/unbind helper functions.  Task-number: QTBUG-68727 Change-Id: I683afbb4fc0dec3b1caad4e485a1762eea8d1fe5"
39512,qt%2Fqtbase~5.12~Ib7b5417ca5c5cd3803a1f81ad1df190b5943b74c,https://codereview.qt-project.org/238676,4,6,0,0,281,22,2,1,247.076944444444,160,refactoring/,refactor|,refactoring/,refactor|,qt_docs: Refactor internal names,qt_docs: Refactor internal names  Make the qmake names the same as the environment variables they specify.  Change-Id: Ib7b5417ca5c5cd3803a1f81ad1df190b5943b74c
39885,pyside%2Fpyside-setup~dev~I8ac1bc3d7bf99597c71fe04f0e34ba0112fff7ba,https://codereview.qt-project.org/234596,1,10,1,0,527,49,5,2,49.4608333333333,228,refactoring/,refactor|,refactoring/,refactor|,WIP: shiboken: Refactor remaining attribute parsing in parser,"WIP: shiboken: Refactor remaining attribute parsing in parser  Do not put all attributes in a hash first, but operate on a QXmlStreamAttributes list.  Task-number: PYSIDE-743  Change-Id: I8ac1bc3d7bf99597c71fe04f0e34ba0112fff7ba"
40721,pyside%2Fpyside-setup~6.1~I05da179b8eef6f9a9b86a66e1c40762b655bd724,https://codereview.qt-project.org/353916,3,6,0,0,647,26,2,1,3.69555555555556,462,refactoring/,refactor|,refactoring/,refactor|,PySide6: Refactor qvariant conversion code,PySide6: Refactor qvariant conversion code  Use a switch on the meta type id instead of string comparison and catch None-cases in qvariant conversion early on (QMetaType::Nullptr and QMetaType::VoidStar with 0).  Task-number: PYSIDE-1585 Change-Id: I05da179b8eef6f9a9b86a66e1c40762b655bd724 Reviewed-by: Qt CI Bot <qt_ci_bot@qt-project.org> Reviewed-by: Christian Tismer <tismer@stackless.com> (cherry picked from commit f8205c58207fd6c35ce743fc931392bac49ccc2f)
40851,qt%2Fqtconnectivity~6.2~I0d7d781bd2b97e16f7fba530eeffd407c7eaff61,https://codereview.qt-project.org/353713,3,6,0,0,814,190,2,5,1.57888888888889,893,refactoring/,refactor|,refactoring/,refactor|,AnnotatedUrl: refactor UI,"AnnotatedUrl: refactor UI  This patch refactors the UI layout, so that it handles screen rotation correctly. The *.ui files are removed. The layout is created directly from the source code instead. The application now has two different labels to show the icon. Depending on the actual screen orientation, one of them shows the icon, and the other is hidden. The icon is properly scaled before it's shown, so that the layout does not expand beyond the visible screen rectangle. Also this patch introduces a code that handles screen orientation change, and the screen change (in case the application is dragged to the other monitor). The latter is not really applicable to mobile devices though.  Task-number: QTBUG-94033 Change-Id: I0d7d781bd2b97e16f7fba530eeffd407c7eaff61 Reviewed-by: Alex Blasche <alexander.blasche@qt.io> (cherry picked from commit 6d4d0ca9ea79ae64ab1bea33e9b99a76430ffc3c)"
40869,qt%2Fqtconnectivity~dev~I0d7d781bd2b97e16f7fba530eeffd407c7eaff61,https://codereview.qt-project.org/353256,2,10,1,1,872,190,3,5,63.1730555555556,772,refactoring/,refactor|,refactoring/,refactor|,AnnotatedUrl: refactor UI,"AnnotatedUrl: refactor UI  This patch refactors the UI layout, so that it handles screen rotation correctly. The *.ui files are removed. The layout is created directly from the source code instead. The application now has two different labels to show the icon. Depending on the actual screen orientation, one of them shows the icon, and the other is hidden. The icon is properly scaled before it's shown, so that the layout does not expand beyond the visible screen rectangle. Also this patch introduces a code that handles screen orientation change, and the screen change (in case the application is dragged to the other monitor). The latter is not really applicable to mobile devices though.  Task-number: QTBUG-94033 Change-Id: I0d7d781bd2b97e16f7fba530eeffd407c7eaff61"
41143,pyside%2Fpyside-setup~6.1~Id4d020a163c79010616749701251891545858447,https://codereview.qt-project.org/352715,3,6,0,0,642,59,2,1,2.30916666666667,932,refactoring/,refactor|,refactoring/,refactor|,Refactor macro create_pyside_module(),"Refactor macro create_pyside_module()  - Introduce a list variable shiboken_command to which elements   can be appended, avoiding empty options (--drop-type-entries) - Use the include directories from Qt6::Platform instead of the   global QT_INCLUDE_DIR since it also has the mkspecs directory   containing qplatformdefs.h. - Introduce list variables for the shiboken include directories   and framework include directories as an extension point where   other directories can be added. - Remove old workaround for   qtdeclarative/8d560d1bf0a747bf62f73fad6b6774095442d9d2. - Move positional arguments (global header and typesystem)   to end of argument list.  Task-number: PYSIDE-802 Task-number: PYSIDE-1568 Change-Id: Id4d020a163c79010616749701251891545858447 Reviewed-by: Christian Tismer <tismer@stackless.com> Reviewed-by: Qt CI Bot <qt_ci_bot@qt-project.org> (cherry picked from commit 30ebb333394a1a98d08d9ca45186af0ec8f1a59f)"
41171,pyside%2Fpyside-setup~dev~Id4d020a163c79010616749701251891545858447,https://codereview.qt-project.org/352106,5,65,3,2,28983,54,14,1,76.3352777777778,674,refactoring/,refactor|,refactoring/,refactor|,Refactor macro create_pyside_module(),"Refactor macro create_pyside_module()  - Introduce a list variable shiboken_command to which elements   can be appended, avoiding empty options (--drop-type-entries) - Use the include directories from Qt6::Platform instead of the   global QT_INCLUDE_DIR since it also has the mkspecs directory   containing qplatformdefs.h. - Introduce list variables for the shiboken include directories   and framework include directories as an extension point where   other directories can be added. - Remove old workaround for   qtdeclarative/8d560d1bf0a747bf62f73fad6b6774095442d9d2.  Task-number: PYSIDE-802 Task-number: PYSIDE-1568 Change-Id: Id4d020a163c79010616749701251891545858447"
41193,qt%2Fqtquick3d~dev~Ieb22ff7543e351d1294b806d4de8aec6241194d8,https://codereview.qt-project.org/352686,10,19,2,0,28325,342,5,2,4.14138888888889,609,refactoring/,refactor|,refactoring/,refactor|,Refactor shared code into addOpaqueDepthPrePassBindings method,"Refactor shared code into addOpaqueDepthPrePassBindings method  For the depth and shadow passes there is a block of common code for binding the necessary texture samplers for calculating the alpha value. This code has now be refectored into a new method.  Code has also be added to ensure that that all samplers will be bound to textures, and when they are not defined in custom materials, dummy textures will be used like in the main render pass.  A lancelot test has also be added to test the dummy texture mechanism in all paths (color, depth, shadow).  Change-Id: Ieb22ff7543e351d1294b806d4de8aec6241194d8"
41367,qt%2Fqtconnectivity~dev~I2c5ff047145b1c23e835401f3b47af0b0ecfa35f,https://codereview.qt-project.org/352415,3,12,3,2,2481,38,2,4,18.2672222222222,190,refactoring/,refactor|,refactoring/,refactor|,QtNFC: refactor main module page,QtNFC: refactor main module page  Update the main module page to be in line with the rest of the documentation.  Task-number: QTBUG-94000 Change-Id: I2c5ff047145b1c23e835401f3b47af0b0ecfa35f
41685,qtqa%2Fgerrit-plugin-qt-workflow~v3.1-based~I613036582ef285b3bcff0c69dcc078b8beaf5274,https://codereview.qt-project.org/341086,4,12,0,0,392,181,5,1,54.5586111111111,121,refactoring/,refactor|,refactoring/,refactor|,Refactor logging and exception handling when rebuilding staging ref,Refactor logging and exception handling when rebuilding staging ref  Change-Id: I613036582ef285b3bcff0c69dcc078b8beaf5274
41951,qt%2Fqtwebglplugin~5.10~Ia5b54d271ed72bc408d94d24eb275f7d83f290f1,https://codereview.qt-project.org/215911,6,18,6,0,812,6,6,1,163.171666666667,104,refactoring/,refactor|,refactoring/,refactor|,WebSocket Server refactor,WebSocket Server refactor  Task-number: QTBUG-65241 Change-Id: Ia5b54d271ed72bc408d94d24eb275f7d83f290f1
42085,qt-creator%2Fqt-creator~4.6~Ia0de109e92b128aef4c18255621767280e0dcfef,https://codereview.qt-project.org/216272,5,3,0,0,96,171,2,4,4.59305555555556,240,refactoring/,refactor|,refactoring/,refactor|,QmlDesigner: Refactor DesignDocument and DesignDocumentView,QmlDesigner: Refactor DesignDocument and DesignDocumentView  We want to be able to reuse the copy and paste code in other parts. Therefore we move most of the code to DesignDocumentView.  Change-Id: Ia0de109e92b128aef4c18255621767280e0dcfef
42203,qt%2Fqttools~dev~I98cc1328492741aec8331e04c620871f6dfe0690,https://codereview.qt-project.org/214727,4,28,5,0,1091,67,9,2,528.367777777778,274,refactoring/,refactor|,refactoring/,refactor|,Qt Designer: Refactor class TranslatablePropertyManager,Qt Designer: Refactor class TranslatablePropertyManager  Use QHash instead of QMap for the property mappings. Use iterators/ find/erase instead of value()/remove() in destroy()/uninitialize() to avoid duplicated lookups.  Change-Id: I98cc1328492741aec8331e04c620871f6dfe0690
42487,qt3dstudio%2Fqt3d-runtime~master~Iad98d291f9d8552dbb49912f2812c19e77f57380,https://codereview.qt-project.org/215673,2,17,0,0,73651,31,3,3,22.8736111111111,153,refactoring/,refactor|,refactoring/,refactor|,Refactor how features are added to custom frag shaders,Refactor how features are added to custom frag shaders  This mirrors how it is done in Qt 3D Studio  Change-Id: Iad98d291f9d8552dbb49912f2812c19e77f57380
42531,qt%2Fqtwebengine~5.9~Ib82cb06ceda938548429cd694b849a2faadd2633,https://codereview.qt-project.org/213908,6,7,1,0,909,34,2,2,651.590277777778,209,refactoring/,refactor|,refactoring/,refactor|,Refactor QWebEngineView tooltip handling,Refactor QWebEngineView tooltip handling  Hide tooltip on empty text and make tooltips more fluent by ignoring duplicate requests.  Task-number: QTBUG-64933 Change-Id: Ib82cb06ceda938548429cd694b849a2faadd2633
42657,qt%2Fqttools~5.10~Ia745066ec394f72d64b4ffe74ece4bbbf48aa2ac,https://codereview.qt-project.org/215455,4,4,0,0,570,25,2,1,21.3455555555556,224,refactoring/,refactor|,refactoring/,refactor|,macdeployqt: refactor plugin handling,"macdeployqt: refactor plugin handling  Rather than adding new cases per module, use a map that will make it cleaner to associate modules with their corresponding plugins.  Change-Id: Ia745066ec394f72d64b4ffe74ece4bbbf48aa2ac"
43508,pyside%2Fpyside-setup~5.9~I6cbe1cfa02207230e914ad41dddba46c866cb689,https://codereview.qt-project.org/213410,4,8,1,0,1587,46,2,2,45.7013888888889,290,refactoring/,refactor|,refactoring/,refactor|,shiboken: Refactor copying of the MetaLang* classes,shiboken: Refactor copying of the MetaLang* classes  Disable copying of the base classes AbstractMetaAttributes and AbstractMetaVariable and refactor the copy() functions of the derived classes in terms of protected assign*() functions.  Change-Id: I6cbe1cfa02207230e914ad41dddba46c866cb689
43566,pyside%2Fpyside-setup~5.9~I1423f120b2117237c2674cdbb6d06923c842999f,https://codereview.qt-project.org/213532,4,6,2,0,472,262,2,5,3.01,350,refactoring/,refactor|,refactoring/,refactor|,Refactor typesystem modification structs,"Refactor typesystem modification structs  - Use member initialization where possible - Make constructors explicit - Remove unused version attributes, unused comparison operators of   FunctionModification and unused struct ExpensePolicy - Rearrange members to minimize Clang warnings about padding  Change-Id: I1423f120b2117237c2674cdbb6d06923c842999f"
43639,qt%2Fqttools~dev~I60b2dcdaa3da1d138a0e6b4eb3d4f78cba0053d4,https://codereview.qt-project.org/212892,3,4,0,0,413,164,2,7,125.6925,454,refactoring/,refactor|,refactoring/,refactor|,qdoc: Partial refactor of Node hierarchy,"qdoc: Partial refactor of Node hierarchy  Ironically, The Node suclass CollectionNode should not be a subclass of Aggregate because CollectionNode never has children. It only has members, which are children of other Aggregate nodes. This update makes CollectionNode a subclass of LeafNode instead of Aggregate. This refactoring is necessary to implement the task QTBUG-45725.  Change-Id: I60b2dcdaa3da1d138a0e6b4eb3d4f78cba0053d4 Task-number: QTBUG-45725"
44049,qt%2Fqtdeclarative~dev~I7d8451cc54c0ac50c1bcb4ae3bf386fd5f2a84aa,https://codereview.qt-project.org/211217,4,44,0,0,168363,415,8,4,334.503611111111,294,refactoring/,refactor|,refactoring/,refactor|,Refactor getter lookups,Refactor getter lookups  Use the new id of InternalClass to simplify out lookup code for getters. Now all lookups in the prototype chain can be done at the same speed independent of the depth within the prototype chain with only two checks.  Change-Id: I7d8451cc54c0ac50c1bcb4ae3bf386fd5f2a84aa
44696,qt%2Fqtbase~5.10~I5a33103566367f2313930479844365e79773d82f,https://codereview.qt-project.org/208863,6,24,6,0,64702,110,5,2,661.774166666667,279,refactoring/,refactor|,refactoring/,refactor|,QMenu: Refactor insertion of action in QPA menu,"QMenu: Refactor insertion of action in QPA menu  First, remove a bit of code duplication around the creation of the platform menu item. Then, we move copyActionToPlatformItem() inside QMenuPrivate to get rid of one parameter.  Change-Id: I5a33103566367f2313930479844365e79773d82f"
44747,qt%2Fqtmqtt~5.10~I273d235431b2f4d6e2834b2a9c6934a23daf3962,https://codereview.qt-project.org/211187,5,22,5,0,7714,109,5,2,49.7711111111111,226,refactoring/,refactor|,refactoring/,refactor|,Refactor QMqttMessage,"Refactor QMqttMessage  As the class is exported now, move the data members to a private class. Furthermore payload should just return a const-ref in case no copy is needed.  Change-Id: I273d235431b2f4d6e2834b2a9c6934a23daf3962"
44927,qt%2Fqtmqtt~5.10~Idd3cbe9eaa53afd179691890f602354e4e26e9f1,https://codereview.qt-project.org/211134,4,5,0,0,795,14,2,1,22.2722222222222,171,refactoring/,refactor|,refactoring/,refactor|,Refactor version check,Refactor version check  Furthermore avoid qFatal and allow the user to gracefully handle an invalid protocol version.  Change-Id: Idd3cbe9eaa53afd179691890f602354e4e26e9f1
45448,qt%2Fqtdeclarative~wip%2Fnew-backend~I3d0eb49f7bfd7adb9ddabb213422087c66e5a520,https://codereview.qt-project.org/208956,3,36,0,0,93935,232,6,10,450.613055555556,397,refactoring/,refactor|,refactoring/,refactor|,Refactor Call/Construct instructions,Refactor Call/Construct instructions  Give them a pointer to argc and argv instead of a pointer to a full callData. Like this we can construct the callData at the end of the JS stack and avoid the need to create an additional copy in VME::exec().  This also opens up the option of completely avoiding all copies for calls into runtime methods.  Change-Id: I3d0eb49f7bfd7adb9ddabb213422087c66e5a520
45696,qt3dstudio%2Fqt3dstudio~master~I6a8ffc6a596d65e39c1fde21b4157c86a91581d0,https://codereview.qt-project.org/209903,9,9,15,0,842,3313,3,45,66.9930555555556,319,refactoring/,refactor|,refactoring/,refactor|,Refactor .pro file structure,"Refactor .pro file structure  Moved various .pro files under their respective subdirectories, so they don't all build their object files into same directory, potentially causing conflicts.  Also fixes the issue with missing Qt3DStudio target.  Task-number: QT3DS-294 Change-Id: I6a8ffc6a596d65e39c1fde21b4157c86a91581d0"
45818,qt3dstudio%2Fqt3d-runtime~master~Id3b3b2e18bc7b69c7221b9b6a4c838e67d57591d,https://codereview.qt-project.org/209472,4,32,29,0,5781,369,6,8,184.533055555556,300,refactoring/,refactor|,refactoring/,refactor|,Refactor UIP parsing,"Refactor UIP parsing  Objective is to refactor UIP serialization into the Q3DSUipDocument. Q3DSUipParser is now just a way to create Q3DSPresentation objects from UIP files, and does not maintain any ownership of the Q3DSPresentations it creates.  Change-Id: Id3b3b2e18bc7b69c7221b9b6a4c838e67d57591d"
45829,qt3dstudio%2Fqt3dstudio~master~I41b0397fb3db83fa3e4f92e2a2eb9d824aa121f9,https://codereview.qt-project.org/209584,5,15,0,0,7157,57,2,5,156.539166666667,148,refactoring/,refactor|,refactoring/,refactor|,Remove and refactor file path code for detecting if a file is in subdir,Remove and refactor file path code for detecting if a file is in subdir  Task-number: QT3DS-221 Change-Id: I41b0397fb3db83fa3e4f92e2a2eb9d824aa121f9
45990,qt%2Fqtopcua~dev~I420c1c4816e9b0e636c4de15b851e133294316d3,https://codereview.qt-project.org/209526,6,9,0,0,776,32,3,10,23.6502777777778,230,refactoring/,refactor|,refactoring/,refactor|,Refactor childIds to childrenIds,Refactor childIds to childrenIds  Refactored childIds to childrenIds to make it clear that a list of id`s of children will be returned and not a list of id`s of a single child.  Change-Id: I420c1c4816e9b0e636c4de15b851e133294316d3
46109,qt%2Fqtbase~5.9~I77e813158df5f563d04931ac4e296e3fc2a16e67,https://codereview.qt-project.org/208159,5,26,3,0,57219,14,4,1,336.403333333333,695,refactoring/,refactor|,refactoring/,refactor|,Refactor childIdListForAccessibleObject,"Refactor childIdListForAccessibleObject  It has several problems:  1. It could potentially create an intArray with uninitialized elements. 	This could happen because the index for getting interfaces were the 	same as the storage index.  This was not correct, because they could 	diverge if iface->child() returned an invalid interface.  2. The number of accessible child elements could change while iterating. 	This could cause out-of-bounds condition when calling 	SetIntArrayRegion as described in QTBUG-45855. 	Instead now, we call SetIntArrayRegion only once, after we have 	gathered all the child interface ids.  Task-number: QTBUG-45855 Change-Id: I77e813158df5f563d04931ac4e296e3fc2a16e67"
46587,qt%2Fqtmqtt~5.10~Ica1b703845e93e923fd1af4e3fb6ffb95de8390d,https://codereview.qt-project.org/208516,5,15,18,0,888,132,4,5,45.22,322,refactoring/,refactor|,refactoring/,refactor|,Refactor state and error handling,"Refactor state and error handling  Rename State to ClientState to avoid clashing names with other state management.  Introduce ClientError to provide further information on occurring errors. Error values 1-5 are from the standard, followed by Qt specific error values.  Change-Id: Ica1b703845e93e923fd1af4e3fb6ffb95de8390d"
46940,qt-creator%2Fqt-creator~4.5~Idef545e3b3a8e33e920be52b26094fb8046afcd3,https://codereview.qt-project.org/206625,4,18,34,0,487,1090,6,14,380.865833333333,274,refactoring/,refactor|,refactoring/,refactor|,Android: Refactor Android SDK packages,Android: Refactor Android SDK packages  Introduce a hierarchy for Android SDK packages and refactor the code accordingly. This is ground work for sdk management and automatic android setup  Task-number: QTCREATORBUG-18978 Change-Id: Idef545e3b3a8e33e920be52b26094fb8046afcd3
46963,qt%2Fqtbase~6.1~I0105523afd95995923bd20fc963d245bbb15d34d,https://codereview.qt-project.org/341052,3,6,0,0,741,316,2,6,3.51388888888889,916,refactoring/,refactor|,refactoring/,refactor|,Refactor qt_internal_add_plugin() and qt6_add_plugin(),Refactor qt_internal_add_plugin() and qt6_add_plugin()  Remove code duplication by calling qt6_add_plugin() from qt_internal_add_plugin().  Separate out the public and internal arguments for the variables defined in QtBuild.cmake for these functions. Provide them via commands instead for greater robustness. This separation allows other Qt repos to access the appropriate set of keywords where they define commands that forward on to *_add_plugin() in their implementations. Retain the old variables for now to simplify the integration steps for updating other repos. The old variables can be removed once there are no more references left to them in any repo.  Task-number: QTBUG-88763 Change-Id: I0105523afd95995923bd20fc963d245bbb15d34d Reviewed-by: Qt CI Bot <qt_ci_bot@qt-project.org> Reviewed-by: Alexandru Croitor <alexandru.croitor@qt.io> (cherry picked from commit aa4a1006cbccbc180c600f9b4dc9e882bb5ed5ca)
47302,qt-creator%2Fqt-creator~4.15~I67797e911c320d77b8d6a2eba75de69546b30546,https://codereview.qt-project.org/338099,7,60,176,20,5889,1357,17,20,388.593333333333,112,refactoring/,refactor|,refactoring/,refactor|,Refactor AnnotationEditors to support different views,WIP: Refactor AnnotationEditors to support different views  Change-Id: I67797e911c320d77b8d6a2eba75de69546b30546
47882,qt%2Fqtbase~5.10~I4facec827409314cf1214152c19efb9688715eb2,https://codereview.qt-project.org/204747,9,25,6,0,32481,91,6,1,652.590555555556,156,refactoring/,refactor|,refactoring/,refactor|,QMacStyle: Refactor QMacStylePrivate::cocoaControl(),QMacStyle: Refactor QMacStylePrivate::cocoaControl()  That switch following the if looked a bit corny.  Change-Id: I4facec827409314cf1214152c19efb9688715eb2
48453,qt%2Fqtbase~5.10~Ie05c6480d8a44fda817ffffd14d9ad4707aa8a92,https://codereview.qt-project.org/203819,5,31,2,0,111475,108,4,4,662.756944444444,394,refactoring/,refactor|,refactoring/,refactor|,Refactor QNetworkAddress not to keep a full QHostAddress,"Refactor QNetworkAddress not to keep a full QHostAddress  QHostAddressPrivate is one QString and 24 bytes, allocated on the heap, which is WAY too heavy for something that fits into 8 bits. So instead of storing the expanded netmask inside QNetworkAddressEntryPrivate, we store the simple prefix length and calculate the mask only if asked.  Change-Id: Ie05c6480d8a44fda817ffffd14d9ad4707aa8a92"
48651,qt%2Fqtwebengine~5.9~Ie464f038d4fa778b1f64e95eca58e86e29184c1e,https://codereview.qt-project.org/205945,3,4,0,0,419,139,2,2,34.5447222222222,163,refactoring/,refactor|,refactoring/,refactor|,Refactor tst_qquickwebengineview auto test,Refactor tst_qquickwebengineview auto test  Pass JavaScript result via callback instead of using console.log.  Change-Id: Ie464f038d4fa778b1f64e95eca58e86e29184c1e
48817,qt-creator%2Fqt-creator~master~Ie6ccc987ef959c5295a4d3225aac0dbad144f91d,https://codereview.qt-project.org/205705,5,3,0,0,96,84,2,2,89.0769444444445,278,refactoring/,refactor|,refactoring/,refactor|,CppEditor: Refactor CppEditorWidget::contextMenuEvent,CppEditor: Refactor CppEditorWidget::contextMenuEvent  No behavior change.  * Extract some functions * Add some clarifying comments here and there * Add QTC_CHECK() * Remove QLatin1String * foreach -> for * Const-correctness  Change-Id: Ie6ccc987ef959c5295a4d3225aac0dbad144f91d
48920,qt-creator%2Fqt-creator~master~I5802f62523ff3ee47b8a14e487adf43edcb6c9b1,https://codereview.qt-project.org/201671,4,47,13,0,2655,202,18,9,1031.45611111111,169,refactoring/,refactor|,refactoring/,refactor|,CppEditor: refactor FollowSymbol,CppEditor: refactor FollowSymbol  Create an interface to get the ability to use another FollowSymbol implementation  Change-Id: I5802f62523ff3ee47b8a14e487adf43edcb6c9b1
48925,qt%2Fqtivi~5.10~Ib012265ef405d4a4e20ed43d611caa0163a40446,https://codereview.qt-project.org/204333,4,18,0,0,26567,217,6,10,334.990277777778,424,refactoring/,refactor|,refactoring/,refactor|,Refactor the control_panel interface class,"Refactor the control_panel interface class  The class now works more like the QtIvi public API and uses one object per zone accessible using the zoneAt property.  This also intruces two new special controls for Enums and Flags, which makes the generate.py part a little bit easier and make the controls work in both directions (backend values and update of user values).  Change-Id: Ib012265ef405d4a4e20ed43d611caa0163a40446"
49208,qt%2Fqtdeclarative~5.10~I03b556295b75f919c2c22f8f8884b1d54d6654c0,https://codereview.qt-project.org/203928,3,13,0,0,3541,30,5,2,314.391666666667,156,refactoring/,refactor|,refactoring/,refactor|,refactor sendFilteredMouseEvent to match sendFilteredPointerEvent,refactor sendFilteredMouseEvent to match sendFilteredPointerEvent  and eliminate more temporary QSets.  Change-Id: I03b556295b75f919c2c22f8f8884b1d54d6654c0
49213,qt%2Fqtwebengine~5.10~I122b2101789e91186a3bffa9a07eed43b7340418,https://codereview.qt-project.org/204480,4,5,0,0,627,737,2,9,167.750833333333,224,refactoring/,refactor|,refactoring/,refactor|,Refactor URLRequestCustomJob,Refactor URLRequestCustomJob  Move URLRequestCustomJobShared to separate file and rename class to URLRequestCustomJobProxy. This commit is a groundwork for following one.  Change-Id: I122b2101789e91186a3bffa9a07eed43b7340418
49943,pyside%2Fpyside-setup~5.9~Iccafc6a9c648dc32db0445ab1dd43f91bfd5c146,https://codereview.qt-project.org/203938,4,3,0,0,96,44,2,1,0.949444444444444,150,refactoring/,refactor|,refactoring/,refactor|,Refactor ShibokenGenerator::initPrimitiveTypesCorrespondences(),Refactor ShibokenGenerator::initPrimitiveTypesCorrespondences()  Introduce arrays for the types.  Change-Id: Iccafc6a9c648dc32db0445ab1dd43f91bfd5c146
49944,pyside%2Fpyside-setup~5.9~If9036d6251f5cc8d83ae13c8b5c3f731a6738657,https://codereview.qt-project.org/203937,4,3,0,0,96,31,2,1,0.9475,206,refactoring/,refactor|,refactoring/,refactor|,Refactor TypeEntry::isCppPrimitive(),Refactor TypeEntry::isCppPrimitive()  Introduce a helper function returning a sorted string vector to avoid converting each type string to a QByteArray.  Change-Id: If9036d6251f5cc8d83ae13c8b5c3f731a6738657
50910,qt%2Fqtdeclarative~wip%2Fnew-backend~If161e3e941f59865c47ecfe1e094faf62b52bfa0,https://codereview.qt-project.org/202041,3,5,0,0,201,553,3,30,41.6230555555556,567,refactoring/,refactor|,refactoring/,refactor|,Refactor context handling,"Refactor context handling  Fix the push/pop context instructions to not modify the JS stack anymore, as that can cause conflicts with the VME (and was an ugly hack in any case). Instead, these instructions not return the old context, that is then stored in a temporary.  Get rid of Engine::current and Engine::currentContext. The StackFrame structures do now contain the only and authoritive data. This finally gives us a nice setup where we create and destroy frames on the stack when entering/leaving functions.  Change-Id: If161e3e941f59865c47ecfe1e094faf62b52bfa0"
51638,qt%2Fqtbase~5.9~I14de57ce7a1df2d834d5a7565c804dead1d89088,https://codereview.qt-project.org/198720,6,35,14,0,26787,411,9,1,748.48,326,refactoring/,refactor|,refactoring/,refactor|,Refactor tst_qdir::entryList(),"Refactor tst_qdir::entryList()  Split the test in 2 tests; one that require the symlinks and test files created and one that does not need them.  In the test with test files, verify each step and the deletion of the files.  Task-number: QTBUG-58654 Task-number: QTBUG-50835 Change-Id: I14de57ce7a1df2d834d5a7565c804dead1d89088"
51674,qt%2Fqtknx~dev~Ia0eae99ef92d639af992c1c93219ccaa33d23699,https://codereview.qt-project.org/200919,3,9,5,0,1673,2016,4,6,42.5180555555556,106,refactoring/,refactor|,refactoring/,refactor|,Refactor Interface object types and properties,WIP: Refactor Interface object types and properties.  Change-Id: Ia0eae99ef92d639af992c1c93219ccaa33d23699
51762,qbs%2Fqbs~master~I3b89ebfdaea052750868e1b91d58e3e592d81c54,https://codereview.qt-project.org/200942,3,4,0,0,130,39,2,5,1.05416666666667,195,refactoring/,refactor|,refactoring/,refactor|,Refactor SetupProjectParameters to take a qbs::Profile object,Refactor SetupProjectParameters to take a qbs::Profile object  ... rather than a profile name. We will make use of this in a follow-up patch.  Change-Id: I3b89ebfdaea052750868e1b91d58e3e592d81c54
51823,qt%2Fqtopcua~dev~I85b10a277b21548f4b8176739234ed3be24ad1fe,https://codereview.qt-project.org/200799,5,7,0,0,834,171,3,8,19.5655555555556,241,refactoring/,refactor|,refactoring/,refactor|,Refactor state and error handling,"Refactor state and error handling  Cleans up the private implementation, also Q_DECLARE_PUBLIC does not need to be public anymore. Emitting signals is now handled centrally by the client.  Change-Id: I85b10a277b21548f4b8176739234ed3be24ad1fe"
51909,qt-creator%2Fqt-creator~master~Id863a5004cb903cbc2929745e818e5810ff70dd2,https://codereview.qt-project.org/169708,3,13,4,0,463,174,6,10,7882.395,104,refactoring/,refactor|,refactoring/,refactor|,ModelEditor: Refactor relationables into common parent class,WIP: Refactor relationals into common parent class  Change-Id: Id863a5004cb903cbc2929745e818e5810ff70dd2
53256,qt%2Fqtdeclarative~dev~Ibb24b0a55dd94e03fea3104e8af5ddb266004300,https://codereview.qt-project.org/199337,3,17,0,0,5272,281,5,7,27.3397222222222,109,refactoring/,refactor|,refactoring/,refactor|,Refactor le integer types from qjson_p.h to qendian_p.h,Refactor le integer types from qjson_p.h to qendian_p.h  Change-Id: Ibb24b0a55dd94e03fea3104e8af5ddb266004300
53680,qt-apps%2Fneptune-ui~5.9~Iaf6ba0c1ee038f38be2b70ce7166c7ef947b6d3b,https://codereview.qt-project.org/198851,4,7,3,0,501,53,3,4,2.43888888888889,174,refactoring/,refactor|,refactoring/,refactor|,Refactor status and climate bar,Refactor status and climate bar  Some components are restructured to have better code structure.  Task-number: QTAUTO-438 Change-Id: Iaf6ba0c1ee038f38be2b70ce7166c7ef947b6d3b
53697,qt%2Fqtmqtt~dev~Ic0d2c6a025e9de246e79a4309e490c67225e1536,https://codereview.qt-project.org/198621,3,26,12,0,1138,89,8,5,47.3605555555556,323,refactoring/,refactor|,refactoring/,refactor|,Refactor test server connection,Refactor test server connection  Introduce common header to handle broker identification. By default the paho test broker which gets provisioned on the test machines will be used.  Still it can be overwritten by specifying MQTT_TEST_BROKER to point to another location.  Change-Id: Ic0d2c6a025e9de246e79a4309e490c67225e1536
53839,qt-creator%2Fqt-creator~master~I21af8db55ff5a012de04b4934de1940babf75058,https://codereview.qt-project.org/198586,4,12,10,0,446,216,5,5,22.8511111111111,102,refactoring/,refactor|,refactoring/,refactor|,DiffEditor: refactor loops and const correctness,DiffEditor: refactor loops and const correctness  Change-Id: I21af8db55ff5a012de04b4934de1940babf75058
54339,qt%2Fqtdeclarative~wip%2Fnew-backend~I30ab4ced1fcb8b9a7c7baed8faf7094a919c8603,https://codereview.qt-project.org/197287,3,9,1,0,321,179,4,2,164.339444444444,72,refactoring/,refactor|,refactoring/,refactor|,Refactor Reference,Refactor Reference  Change-Id: I30ab4ced1fcb8b9a7c7baed8faf7094a919c8603
54662,qt-creator%2Fqt-creator~master~I6e2b17f8c17d9dd504f0ad540e08782f291b73c0,https://codereview.qt-project.org/195607,6,13,6,0,1792,591,3,3,469.417222222222,865,refactoring/,refactor|,refactoring/,refactor|,Refactor iOS toolchain handling,"Refactor iOS toolchain handling  This significantly simplifies the implementation, properly handles C vs C++ compilers, and defaults to 64-bit architectures for iOS devices and simulators.  LLVM-GCC support has been removed, as the last version to support it was 4.6.3, which is far below the version of Xcode we still intend to support. The toolchains are also given more sensible names (""Apple Clang"") instead of iphonesimulator-clang and iphoneos-clang, as the there is now only one compiler for all Apple platform targets, and there is one entry of the Apple Clang compiler per supported architecture.  The different to the end user is minimal except that the compilers are named better. The number of kits and their configurations remain the same, but this patch paves the way for tvOS and watchOS support.  Change-Id: I6e2b17f8c17d9dd504f0ad540e08782f291b73c0"
54907,pyside%2Fpyside-setup~5.9~I5a95bd8d193be012aaa7ce3934945b25e21d3f79,https://codereview.qt-project.org/196728,4,6,0,0,203,176,3,9,47.8222222222222,353,refactoring/,refactor|,refactoring/,refactor|,shiboken: Further refactor command line arguments and help,shiboken: Further refactor help  Replace the QMap of options returned by the generators by a vector of pairs to allow for specifying the order. This allows for formatting the -I/-F/-T in multiple lines.  Add -h for help.  Move the missing typelib file handling into main and print a help hint there.  Change-Id: I5a95bd8d193be012aaa7ce3934945b25e21d3f79
54936,qbs%2Fqbs~master~Ifc5d1b0462fd94aa5f1d55727bc74af73e8b9272,https://codereview.qt-project.org/196867,5,10,4,0,603,5396,5,4,7.28527777777778,989,refactoring/,refactor|,refactoring/,refactor|,Refactor asset catalogs test for greater performance and coverage,"Refactor asset catalogs test for greater performance and coverage  This splits out assetCatalogsEmpty and assetCatalogsMultiple from the main assetCatalog test. They are not affected by the data axis of the main test, so this improves performance by not running each of them twice for no reason. It also increases coverage by running them on OSes < macOS 10.9 (which we still test with) as long as Xcode 5 is present.  Further, the main assetCatalog test no longer has a hard requirement on macOS 10.9 either, and instead conditionally enables testing of asset catalogs based on the Xcode version (>= 5). This increases test coverage of XIB compilation with older Xcodes and OSes. The MainMenu.xib has been recreated in an old version of Xcode (4.6.3) so it is more broadly usable as a test artifact with older configurations.  Tested on macOS 10.12.5 with Xcode 8.3.2, macOS 10.7.5 with Xcode 4.6.3, and macOS 10.8.5 with Xcode 5.1.1.  Change-Id: Ifc5d1b0462fd94aa5f1d55727bc74af73e8b9272"
55016,qt%2Fqttools~dev~I582ff3f98a45ec8b71b75338f9d601d16ab5491d,https://codereview.qt-project.org/195539,4,30,27,0,1906,384,7,5,356.560555555556,239,refactoring/,refactor|,refactoring/,refactor|,Qt Designer: Refactor signal dialog,Qt Designer: Refactor signal dialog  Replace the 2 column list by a tree populated in reverse inheritance order with the methods sorted alphabetically by class.  Task-number: QTBUG-61009 Change-Id: I582ff3f98a45ec8b71b75338f9d601d16ab5491d
55090,pyside%2Fpyside-setup~5.9~Ice540cbffeb01841988a99fdeb84bb7ba969ed79,https://codereview.qt-project.org/196580,4,8,0,0,503,75,3,1,21.3691666666667,539,refactoring/,refactor|,refactoring/,refactor|,shiboken2: Refactor path argument handling,"shiboken2: Refactor path argument handling  Previously, shiboken2 accepted path arguments of the format --option=path1;path2 using the native OS separator character. This poses a problem when writing cross-platform .pro files for applications.  Refactor the code to allow for the options to occur multiple times on the command line and introduce short-hand options -I, -F, -T for includes, framework includes and type system paths to reduce command line length.  Task-number: PYSIDE-526 Change-Id: Ice540cbffeb01841988a99fdeb84bb7ba969ed79"
55268,qt%2Fqtapplicationmanager~5.9~Ieb4536a7ab2a301488de09db61844da092620859,https://codereview.qt-project.org/196223,4,17,0,0,3009,1905,5,37,23.9616666666667,552,refactoring/,refactor|,refactoring/,refactor|,Refactor the src/manager dir into a sub-module,"Refactor the src/manager dir into a sub-module  * the appman binary is now built from src/tools/appman * renamed all the main.cpp files to the names of their containing directories   (avoids a lot of confusion) * all dependencies between the src modules and the tools are now handled   centrally in src.pro * removed the Android deployment, since it doesn't work as-is on newer   Android version anymore - we have to come up with a new plan on how to   package up the AM plus a system-ui in one APK  Change-Id: Ieb4536a7ab2a301488de09db61844da092620859"
55330,qt-apps%2Fneptune-ui~5.9~I9390a6da2356a13024778afb3b875df41a527f79,https://codereview.qt-project.org/195916,6,14,7,0,744,166,5,3,66.1625,87,refactoring/,refactor|,refactoring/,refactor|,Refactor TemperatureSlider,[WiP]: Refactor TemperatureSlider  Change-Id: I9390a6da2356a13024778afb3b875df41a527f79
55351,qt%2Fqtapplicationmanager~5.9~Ib15c405dc57303c2774f171b46656bdf0afcc92a,https://codereview.qt-project.org/196068,5,9,12,0,738,1514,3,7,26.1644444444444,467,refactoring/,refactor|,refactoring/,refactor|,Refactor the manager subdir in preparation to converting it to a lib,"Refactor the manager subdir in preparation to converting it to a lib  * split the general command-line+config file handling and the actual options   needed for the appman binary. * refactored all the Main::setup* functions to not rely on the config object,   but instead they expect their configs via arguments - this allows for reuse   of Main without using the specific DefaultConfiguration of the appman binary  Change-Id: Ib15c405dc57303c2774f171b46656bdf0afcc92a"
55400,qt%2Fqttools~5.9~I31cb3dad0a11add87d51943534ae572b4c50bfe3,https://codereview.qt-project.org/196081,4,4,0,0,644,74,2,1,1.415,143,refactoring/,refactor|,refactoring/,refactor|,windeployqt: Refactor the plugin - module lookup to use an array,windeployqt: Refactor the plugin - module lookup to use an array  Task-number: QTBUG-61127 Change-Id: I31cb3dad0a11add87d51943534ae572b4c50bfe3
55515,qt-creator%2Fqt-creator~master~I98735a0b4c69ea538ed1af6133ef1054039a1b11,https://codereview.qt-project.org/195844,3,5,1,0,238,28,3,3,18.0094444444444,233,refactoring/,refactor|,refactoring/,refactor|,refactor sessiondialog a bit,refactor sessiondialog a bit   - made code more local by moving clicked slot to lambda  - use class initilizations  - move default value inside the constructor to reduce arguments  Change-Id: I98735a0b4c69ea538ed1af6133ef1054039a1b11
55576,qt%2Fqtlocation~5.9~I6e3f59615ff3a5e0924f946aa13aabebb8157e42,https://codereview.qt-project.org/195737,3,4,0,0,590,127,2,2,40.7238888888889,412,refactoring/,refactor|,refactoring/,refactor|,"Refactor: move code not depending on ""this"" into static methods","Refactor: move code not depending on ""this"" into static methods  This patch moves the implementation of the default filenameToTileSpec and tileSpecToFileName methods into standalone public static methods so that they can be possibly reused by plugins or other components, since these implementations do not actually depend on any member of QGeoFileTileCache.  Change-Id: I6e3f59615ff3a5e0924f946aa13aabebb8157e42"
55669,qt%2Fqt3d~dev~I20a8251abcef140d9d71b372a66282e242a21ad2,https://codereview.qt-project.org/186023,6,22,10,0,5552,285,7,5,2317.15888888889,252,refactoring/,refactor|,refactoring/,refactor|,Refactor job to prepare for line and point picking,"Refactor job to prepare for line and point picking  This moves much of the job utils into private code, simplifies the various class types, clarifies names to avoid clashes and simplifies some APIs.  Change-Id: I20a8251abcef140d9d71b372a66282e242a21ad2"
56182,qt%2Fqtbase~dev~I00d473454bf970ef55f44d6094039b3f02221155,https://codereview.qt-project.org/194719,9,16,1,0,1920,55,5,2,4.21722222222222,103,refactoring/,refactor|,refactoring/,refactor|,QMacStyle: Refactor NSGraphicsContext setup logic,QMacStyle: Refactor NSGraphicsContext setup logic  Change-Id: I00d473454bf970ef55f44d6094039b3f02221155
56233,qt%2Fqtwebengine-chromium~56-based~Ib4915a415d8ed468693ad80f1c25df714397cae7,https://codereview.qt-project.org/194530,3,3,0,0,111,226,2,8,73.7525,958,refactoring/,refactor|,refactoring/,refactor|,"[Backport] Refactor the assignment of CertVerifyResult::has_md2, etc.","[Backport] Refactor the assignment of CertVerifyResult::has_md2, etc.  This allows unconditionally enabling the tests in cert_verify_proc_unittest.cc,  Previously the assignment of weak hash algorithms was done by each CertVerifyProc::VerifyInternal() implementation, whereas now it is done internally by CertVerifyProc::Verify() after VerifyInternal() has run.  The downside to this approach is that at this layer there is ambiguity as to which certificates are trusted and hence should be skipped for determining if the chain contains weak hash algorithms.  This ambiguity results in some  differences in the reporting of ""has_md2"", ""has_md4"", ""has_md5"", ""hash_sha1"", ""has_sha1_leaf"" when verification has failed (The final intermediate is assumed to be the trust anchor and is skipped).  BUG=649017  Change-Id: Ib4915a415d8ed468693ad80f1c25df714397cae7 Review-Url: https://codereview.chromium.org/2627523002 Cr-Commit-Position: refs/heads/master@{#442522}"
56234,qt%2Fqtwebengine-chromium~56-based~I9d1ccdf60201338e135246ddc897d1faa6e65bd7,https://codereview.qt-project.org/194529,3,3,0,0,107,341,2,14,73.7513888888889,387,refactoring/,refactor|,refactoring/,refactor|,"[Backport] [refactor] Extract the CertVerifyResult assignment of has_md2, has_md4, has_md5, has_sha1, has_sha1_leaf to a helper function.","[Backport] [refactor] Extract the CertVerifyResult assignment of has_md2, has_md4, has_md5, has_sha1, has_sha1_leaf to a helper function.  This change is a prelude to simplifying the CertVerifyProcWeakDigestTest tests.  BUG=649017  Change-Id: I9d1ccdf60201338e135246ddc897d1faa6e65bd7 Review-Url: https://codereview.chromium.org/2610903003 Cr-Commit-Position: refs/heads/master@{#441801}"
56999,qt%2Fqtbase~5.9~I30f1c87092447abf1c94e69c0124eeeee43666e2,https://codereview.qt-project.org/193130,7,12,0,0,58174,8,2,1,43.0113888888889,89,refactoring/,refactor|,refactoring/,refactor|,QMenu: Refactor column layout logic,QMenu: Refactor column layout logic  Change-Id: I30f1c87092447abf1c94e69c0124eeeee43666e2
57034,qt%2Fqttools~5.9~Ib89a2840648dcacc518cda4eb0ffce97ee8444cc,https://codereview.qt-project.org/188697,4,16,86,0,3721,700,5,20,1128.73861111111,158,refactoring/,refactor|,refactoring/,refactor|,Refactor help lib,Refactor help lib  Fix const correctness. Use default member initializers. Fix some coding style issues.  Change-Id: Ib89a2840648dcacc518cda4eb0ffce97ee8444cc
57035,qt%2Fqttools~5.9~I9fed1b82d5afd0458b772475d303d2c0179ac73e,https://codereview.qt-project.org/188443,5,42,13,0,10676,409,12,13,1174.91444444444,87,refactoring/,refactor|,refactoring/,refactor|,Refactor connect to use Qt5 style,Refactor connect to use Qt5 style  Change-Id: I9fed1b82d5afd0458b772475d303d2c0179ac73e
57114,qt%2Fqttools~5.9~I976823b29cb05dcf5880cb97f17408f85dae2e1b,https://codereview.qt-project.org/187817,4,32,58,0,2366,222,11,12,1316.08416666667,71,refactoring/,refactor|,refactoring/,refactor|,Refactor some API,Refactor some API  Change-Id: I976823b29cb05dcf5880cb97f17408f85dae2e1b
58642,qbs%2Fqbs~master~I4ea414245b1ced305b3304006fad1f0798d99acc,https://codereview.qt-project.org/191619,4,3,0,0,96,118,2,1,22.0641666666667,185,refactoring/,refactor|,refactoring/,refactor|,Command line parser: Refactor build config setup,"Command line parser: Refactor build config setup  Move the code to the private class, because a follow-up patch will need it there.  Change-Id: I4ea414245b1ced305b3304006fad1f0798d99acc"
58709,qt%2Fqt3d~5.9~I5be059618f22676491e08aa2fc0252c806073b07,https://codereview.qt-project.org/190864,5,29,5,0,5767,117,8,8,172.449166666667,118,refactoring/,refactor|,refactoring/,refactor|,Refactor clip loading and add support for loading from data,WIP: Refactor clip loading and add support for loading from data  Change-Id: I5be059618f22676491e08aa2fc0252c806073b07
59751,pyside%2Fpyside-setup~dev~Ic7ac7cdcd55beb901116589083f87c87fb48a4dd,https://codereview.qt-project.org/189560,4,5,0,0,172,63,2,4,119.266666666667,270,refactoring/,refactor|,refactoring/,refactor|,TypeDatabase: Refactor TypeDatabase::normalizedSignature(),TypeDatabase: Refactor TypeDatabase::normalizedSignature()  The repeated construction of a QRegExp in loops shows up in the profiler.  Change the API to accept a QString and store the regular expressions in a vector.  Change-Id: Ic7ac7cdcd55beb901116589083f87c87fb48a4dd
60065,qt-creator%2Fqt-creator~master~Ia374e45ce1c58f751cec2cd1ff2ee324c010afe3,https://codereview.qt-project.org/189499,4,4,0,0,186,22,2,3,4.96027777777778,222,refactoring/,refactor|,refactoring/,refactor|,RemoteLinux: Refactor LinuxDeviceDebugSupport,RemoteLinux: Refactor LinuxDeviceDebugSupport  Add a hook to augment a runnable by derived classes in order to remove the code duplication in qdbdevicedebugsupport.cpp.  Change-Id: Ia374e45ce1c58f751cec2cd1ff2ee324c010afe3
60074,pyside%2Fpyside-setup~dev~Id3e509e065d73699f49109df1f184edbefb8a09a,https://codereview.qt-project.org/189559,4,3,0,0,104,113,2,7,1.49305555555556,385,refactoring/,refactor|,refactoring/,refactor|,TypeDatabase: Refactor API version checking,"TypeDatabase: Refactor API version checking  The repeated construction of a QRegExp in the version checking loop shows up in the profiler. Change the API to accept a QString, reducing conversions and remove obsolete API. Port the version checking code to use QRegularExpression and QVersionNumber and store the regexps in a vector.  Change-Id: Id3e509e065d73699f49109df1f184edbefb8a09a"
60364,qt-creator%2Fperfparser~master~Id48eb38cc8615b6fa08e84bc4bb6d342b58290b4,https://codereview.qt-project.org/187133,4,27,16,0,1417,358,7,5,483.406944444444,5247,refactoring/,refactor|,refactoring/,refactor|,Refactor PerfElfMap to make it easier to change its internals,"Refactor PerfElfMap to make it easier to change its internals  Instead of leaking the implementation details such as the QMap iterators in the API, always return an ElfInfo struct. This requires us to add the address to the ElfInfo, essentially duplicating the data that is already used for the QMap key. But this only marginally increases memory consumption, and does not decrease performance significantly. Also, future commits to improve the performance will probably require this anyways.  The code in the symbol table that so far relied on accessing the mapping internals directly via the iterators is moved into the elfmap directly. This also allows us to test this part of the code, and enables us to hide the internals.  To simplify the testing process, ElfInfo also gets a proper QDebug streaming operator as well as a QTest::toString overload. The test is updated accordingly, to leverage this new API.  Furthermore, the testing code is simplified by removing the boolean found parameter in the ElfInfo ctor. Instead, it is now initialized by calling `file.isFile()` internally.  To show that the performance impact of this change is negleglible, please compare the following benchmark results to those of the previous two commits:  PASS   : TestElfMap::benchRegisterElfDisjunct(10) RESULT : TestElfMap::benchRegisterElfDisjunct():""10"":      0.0017 msecs per iteration (total: 58, iterations: 32768) PASS   : TestElfMap::benchRegisterElfDisjunct(100) RESULT : TestElfMap::benchRegisterElfDisjunct():""100"":      0.037 msecs per iteration (total: 77, iterations: 2048) PASS   : TestElfMap::benchRegisterElfDisjunct(1000) RESULT : TestElfMap::benchRegisterElfDisjunct():""1000"":      3.8 msecs per iteration (total: 61, iterations: 16) PASS   : TestElfMap::benchRegisterElfDisjunct(2000) RESULT : TestElfMap::benchRegisterElfDisjunct():""2000"":      21 msecs per iteration (total: 85, iterations: 4) PASS   : TestElfMap::benchRegisterElfOverlapping(10) RESULT : TestElfMap::benchRegisterElfOverlapping():""10"":      0.0040 msecs per iteration (total: 66, iterations: 16384) PASS   : TestElfMap::benchRegisterElfOverlapping(100) RESULT : TestElfMap::benchRegisterElfOverlapping():""100"":      0.086 msecs per iteration (total: 89, iterations: 1024) PASS   : TestElfMap::benchRegisterElfOverlapping(1000) RESULT : TestElfMap::benchRegisterElfOverlapping():""1000"":      9.7 msecs per iteration (total: 78, iterations: 8) PASS   : TestElfMap::benchRegisterElfOverlapping(2000) RESULT : TestElfMap::benchRegisterElfOverlapping():""2000"":      35.2 msecs per iteration (total: 141, iterations: 4) PASS   : TestElfMap::benchRegisterElfExpanding(10) RESULT : TestElfMap::benchRegisterElfExpanding():""10"":      0.0019 msecs per iteration (total: 63, iterations: 32768) PASS   : TestElfMap::benchRegisterElfExpanding(100) RESULT : TestElfMap::benchRegisterElfExpanding():""100"":      0.043 msecs per iteration (total: 90, iterations: 2048) PASS   : TestElfMap::benchRegisterElfExpanding(1000) RESULT : TestElfMap::benchRegisterElfExpanding():""1000"":      4.6 msecs per iteration (total: 74, iterations: 16) PASS   : TestElfMap::benchRegisterElfExpanding(2000) RESULT : TestElfMap::benchRegisterElfExpanding():""2000"":      22 msecs per iteration (total: 91, iterations: 4) PASS   : TestElfMap::benchFindElfDisjunct(10) RESULT : TestElfMap::benchFindElfDisjunct():""10"":      0.0029 msecs per iteration (total: 98, iterations: 32768) PASS   : TestElfMap::benchFindElfDisjunct(100) RESULT : TestElfMap::benchFindElfDisjunct():""100"":      0.031 msecs per iteration (total: 65, iterations: 2048) PASS   : TestElfMap::benchFindElfDisjunct(1000) RESULT : TestElfMap::benchFindElfDisjunct():""1000"":      0.40 msecs per iteration (total: 52, iterations: 128) PASS   : TestElfMap::benchFindElfDisjunct(2000) RESULT : TestElfMap::benchFindElfDisjunct():""2000"":      0.85 msecs per iteration (total: 55, iterations: 64) PASS   : TestElfMap::benchFindElfOverlapping(10) RESULT : TestElfMap::benchFindElfOverlapping():""10"":      0.0032 msecs per iteration (total: 53, iterations: 16384) PASS   : TestElfMap::benchFindElfOverlapping(100) RESULT : TestElfMap::benchFindElfOverlapping():""100"":      0.041 msecs per iteration (total: 85, iterations: 2048) PASS   : TestElfMap::benchFindElfOverlapping(1000) RESULT : TestElfMap::benchFindElfOverlapping():""1000"":      0.48 msecs per iteration (total: 62, iterations: 128) PASS   : TestElfMap::benchFindElfOverlapping(2000) RESULT : TestElfMap::benchFindElfOverlapping():""2000"":      1.0 msecs per iteration (total: 65, iterations: 64) PASS   : TestElfMap::benchFindElfExpanding(10) RESULT : TestElfMap::benchFindElfExpanding():""10"":      0.0060 msecs per iteration (total: 99, iterations: 16384) PASS   : TestElfMap::benchFindElfExpanding(100) RESULT : TestElfMap::benchFindElfExpanding():""100"":      0.67 msecs per iteration (total: 87, iterations: 128) PASS   : TestElfMap::benchFindElfExpanding(1000) RESULT : TestElfMap::benchFindElfExpanding():""1000"":      120 msecs per iteration (total: 120, iterations: 1) PASS   : TestElfMap::benchFindElfExpanding(2000) RESULT : TestElfMap::benchFindElfExpanding():""2000"":      696 msecs per iteration (total: 696, iterations: 1)  Change-Id: Id48eb38cc8615b6fa08e84bc4bb6d342b58290b4"
60586,pyside%2Fpyside-setup~dev~Ifbac37c9099d799a8a334f46f78050dcbd52fad1,https://codereview.qt-project.org/188807,4,6,1,0,170,21,3,3,1.29111111111111,423,refactoring/,refactor|,refactoring/,refactor|,Refactor the character handler of the typedatabase XML parser,Refactor the character handler of the typedatabase XML parser  The function is called from the XML parser as well as with strings from an imported file. Change the function to be a template taking a QString/QStringRef and add necessary overloads to the setters. This prevents newlines and unused content in the XML files from unnecessarily being converted to a QString.  Change-Id: Ifbac37c9099d799a8a334f46f78050dcbd52fad1
60952,pyside%2Fpyside-setup~dev~Iea3a8fb62515602c76b10eab4889400af5b26b34,https://codereview.qt-project.org/188235,4,8,0,0,439,676,4,34,1.53777777777778,352,refactoring/,refactor|,refactoring/,refactor|,Refactor TestUtil of ApiExtractor,Refactor TestUtil of ApiExtractor  Change the class TestUtil to a namespace containing a free function returning the AbstractMetaBuilder instance on success. Use QScopedPointer in the test and add checks.  This makes it possible to detect parse errors which would previously only trigger an assert.  Change-Id: Iea3a8fb62515602c76b10eab4889400af5b26b34
60992,qbs%2Fqbs~master~I8c3258c193d3e526e6a345c0efee18dcdd11cfc8,https://codereview.qt-project.org/188106,7,9,0,0,1528,164,2,4,67.4094444444444,214,refactoring/,refactor|,refactoring/,refactor|,Refactor documentation generation,Refactor documentation generation  Update doc_targets.pri to changes made in Qt Creator and create a pri file for Qbs documentation for inclusion in Qt Creator.  Change-Id: I8c3258c193d3e526e6a345c0efee18dcdd11cfc8
61202,qt%2Fqtdeclarative~dev~I2cfb73785749d3fb991689b4e0554a72b3e5e13f,https://codereview.qt-project.org/184080,3,24,0,0,37883,212,9,21,886.745,297,refactoring/,refactor|,refactoring/,refactor|,Refactor how we define Heap objects,"Refactor how we define Heap objects  Declare the type of Heap object in the Member() macro, instead of deducing it from templates. This allows us to encode the offset of the member in the second template argument to Pointer<> in a second step.  Change-Id: I2cfb73785749d3fb991689b4e0554a72b3e5e13f"
61629,pyside%2Fpyside-setup~dev~I27900916e864d9451cc588c3ade311fbb033665c,https://codereview.qt-project.org/187042,5,12,4,0,920,46,4,1,63.4925,584,refactoring/,refactor|,refactoring/,refactor|,Fix and refactor _fixFunctionModelItemTypes(),"Fix and refactor _fixFunctionModelItemTypes()  For template classes, the function was supposed to add the template parameters to the arguments and return types that take the class itself, for example:  QList(const QList &) -> QList(const QList<T> &)  In the old implementation, it checked only on the first part of the type's qualified name, causing  void QList::erase(QList::iterator) -> void QList::erase(QList<T>)  Rewrite the function to operate with QStringLists so that a full match can be performed.  Task-number: PYSIDE-323 Change-Id: I27900916e864d9451cc588c3ade311fbb033665c"
61638,qt%2Fqt3d~5.9~Ib125106f838d2e36c3ffefe5f5dcdfa869363f19,https://codereview.qt-project.org/187288,5,8,0,0,1277,84,3,2,12.4152777777778,190,refactoring/,refactor|,refactoring/,refactor|,Refactor tst_animationutils to be data driven,Refactor tst_animationutils to be data driven  Will allow to easily add more tests for other animation clips and mapping configurations.  Change-Id: Ib125106f838d2e36c3ffefe5f5dcdfa869363f19
61979,pyside%2Fpyside-setup~dev~I2ef66c3c828c601b1c715e4585501e231f688873,https://codereview.qt-project.org/186848,4,3,0,0,96,171,2,2,16.1536111111111,244,refactoring/,refactor|,refactoring/,refactor|,Refactor AbstractMetaType::decideUsagePattern(),Refactor AbstractMetaType::decideUsagePattern()  Split out the const-part into a new function AbstractMetaType::determineUsagePattern() const to improve code clarity.  Task-number: PYSIDE-323 Change-Id: I2ef66c3c828c601b1c715e4585501e231f688873
62019,qt-creator%2Fqt-creator~master~I5cf4c75dfbe1620a59cebc756e4e138957cf635e,https://codereview.qt-project.org/186587,4,16,12,0,713,176,5,1,89.4702777777778,107,refactoring/,refactor|,refactoring/,refactor|,Gerrit: Refactor actual output parsing from its setup,Gerrit: Refactor actual output parsing from its setup  Change-Id: I5cf4c75dfbe1620a59cebc756e4e138957cf635e
62300,qt%2Fqtbase~dev~I64d250b6dc78bcb01003fadeded5302471d1389e,https://codereview.qt-project.org/183103,5,74,46,0,8651,225,22,2,725.355,519,refactoring/,refactor|,refactoring/,refactor|,Refactor HSTS cache implementation,"Refactor HSTS cache implementation  The original monstrosity is not needed at all. It was born to implement RFC's (6797) description of host matching algorithm (starting from superdomains and moving to subdomains). Actually, it does not really matter how we find known host - it can be a congruent match first instead, and then we proceed with superdomains. This way I can use QMap and the tests show it actually works better (both insertion and lookup proceedure).  Change-Id: I64d250b6dc78bcb01003fadeded5302471d1389e"
62376,qt%2Fqtbase~5.8~I248ee9622af2b2c37daa2dbc0cc0bca5701d7925,https://codereview.qt-project.org/184761,5,21,0,0,24237,31,3,1,375.616111111111,230,refactoring/,refactor|,refactoring/,refactor|,configure: refactor qtConfExportLibrary()'s interface,configure: refactor qtConfExportLibrary()'s interface  pass an actual library object instead of a library source object. improves overall legibility at a marginal runtime cost.  Change-Id: I248ee9622af2b2c37daa2dbc0cc0bca5701d7925
63143,qt%2Fqtdeclarative~wip%2Fpointerhandler~Ifa2e563f78566e92a71d7fec15dfdbb9a6e0515d,https://codereview.qt-project.org/171840,3,98,6,0,10540,50,43,1,3366.97055555556,175,refactoring/,refactor|,refactoring/,refactor|,QQuickWindow: refactor ungrab on mouse release,"QQuickWindow: refactor ungrab on mouse release  We need to ungrab any PointerHandler which is grabbing, not only an Item.  Change-Id: Ifa2e563f78566e92a71d7fec15dfdbb9a6e0515d"
63146,qt%2Fqtbase~5.8~Iedceafe4b0bab109ca5c64ad274d779efe87c27b,https://codereview.qt-project.org/174633,6,17,0,0,7572,85,4,2,2667.3575,212,refactoring/,refactor|,refactoring/,refactor|,Refactor QIODevice::read(),Refactor QIODevice::read()  Move device-dependent part of the code into the private function for further reusing by peek() procedure.  Task-number: QTBUG-56032 Change-Id: Iedceafe4b0bab109ca5c64ad274d779efe87c27b
63440,qt%2Fqtwebengine~5.9~I638023214cdc98a5101d190486452cc4a1229486,https://codereview.qt-project.org/184569,4,27,12,0,21817,145,8,7,80.3375,79,refactoring/,refactor|,refactoring/,refactor|,Refactor release and debug handling,Refactor relase and debug  Change-Id: I638023214cdc98a5101d190486452cc4a1229486
63519,qt-creator%2Fqt-creator~4.15~Ia7c0866fa16dca0df05fc70418f8142ff74a5d59,https://codereview.qt-project.org/338336,5,14,16,1,1439,3109,5,13,138.149444444444,157,refactoring/,refactor|,refactoring/,refactor|,iOS: Refactor the ios tool,iOS: Refactor the ios tool  Move classes into logical compilation units  Task-number: QTCREATORBUG-24672 Change-Id: Ia7c0866fa16dca0df05fc70418f8142ff74a5d59
63612,qt-labs%2Fvstools~dev~Ia8850b7bfad69ce5c0a8f05c137e9a90e00ef5b2,https://codereview.qt-project.org/338526,5,11,4,0,453,72,4,5,93.2947222222222,580,refactoring/,refactor|,refactoring/,refactor|,Refactor WaitDialog,"Refactor WaitDialog  Added default parameter values to the public methods of WaitDialog, to make calling code more readable. Also, this class will now inherit from IDisposable, making it possible to use a WaitDialog inside the context of a `using` block, and having the Close method be called automatically when leaving that context. This allows writing code like the following:    using (WaitDialog.Start(...)) {   	// VS wait dialog is now shown  	// Do some UI blocking processing 	...   }   // VS wait dialog is now closed  Change-Id: Ia8850b7bfad69ce5c0a8f05c137e9a90e00ef5b2"
64638,qt%2Fqt3d~wip%2Fanimation~I61ef91b74e91778f380f794ba221f56761129cfa,https://codereview.qt-project.org/183791,3,10,2,0,988,756,4,7,9.09888888888889,151,refactoring/,refactor|,refactoring/,refactor|,Refactor clip evaluation and property mapping,Refactor clip evaluation and property mapping  Ass this will be reused by the blend tree animator  Change-Id: I61ef91b74e91778f380f794ba221f56761129cfa
65273,qt%2Fqtbase~5.8~Ieb64063c41e045a1a50a6d074bef01753ee319ef,https://codereview.qt-project.org/183096,4,10,4,0,653,136,3,1,5.14277777777778,404,refactoring/,refactor|,refactoring/,refactor|,tst_QSocks5SocketEngine: Refactor tests,tst_QSocks5SocketEngine: Refactor tests  Rewrite tcpSocketNonBlockingTest() and downloadBigFile() to use lambdas for the slots. This allows for removing the related member variables and slots of the test class and ensures no leaks of sockets or inconsistent values. Add an error handler printing the error message to the flaky downloadBigFile() test.  Change-Id: Ieb64063c41e045a1a50a6d074bef01753ee319ef
65557,qt%2Fqtdeclarative~wip%2Fitemviews~Ibf7ac7ae15b87a1a098b75b8fd78c76ec7976677,https://codereview.qt-project.org/182723,2,9,0,0,1596,42,3,2,22.1630555555556,211,refactoring/,refactor|,refactoring/,refactor|,QQuickItemView: refactor recreateVisibleItems() out of setDelegate(),QQuickItemView: refactor recreateVisibleItems() out of setDelegate()  Can be re-used for delegates_append() later when adding support for multiple delegates.  Change-Id: Ibf7ac7ae15b87a1a098b75b8fd78c76ec7976677
65621,qt%2Fqtdeclarative~wip%2Fitemviews~I8e86ec4a7c6a5504e08988d6287b231ef79a2652,https://codereview.qt-project.org/182724,2,4,0,0,977,38,2,2,2.25805555555556,206,refactoring/,refactor|,refactoring/,refactor|,QQmlDelegateModel: refactor refillItems() out of setDelegate(),QQmlDelegateModel: refactor refillItems() out of setDelegate()  Can be re-used from delegates_append() later when adding support for multiple delegates.  Change-Id: I8e86ec4a7c6a5504e08988d6287b231ef79a2652
65743,qt%2Fqtlocation~dev~Ic635b81660f81d86884cc6b00e3a2ab9420daa9f,https://codereview.qt-project.org/179287,7,11,0,0,1160,56,5,7,956.649166666667,559,refactoring/,refactor|,refactoring/,refactor|,Refactor: move CacheAreas to QAbstractGeoTileCache,"Refactor: move CacheAreas to QAbstractGeoTileCache  This change moves QGeoTiledMappingManagerEngine::CacheAreas to the more appropriate container that is QAbstractGeoTileCache, which already uses this enum in its interface.  Together with making the virtual init() method of QAbstractGeoTileCache public, instead of protected, this patch effectively disentangle QAbstractGeoTileCache/QGeoFileTileCache from the QGeoTiledMappingManagerEngine, and makes it usable potentially also by other (tile) renderers.  Change-Id: Ic635b81660f81d86884cc6b00e3a2ab9420daa9f"
66012,qt%2Fqtbase~dev~I60a825ea7a826d67859ab82537d614ecc3367692,https://codereview.qt-project.org/176878,4,11,0,0,962,342,5,1,1347.99111111111,213,refactoring/,refactor|,refactoring/,refactor|,Windows QPA: Refactor conversion of IShellItem,WIP: Windows QPA: Refactor conversion of IShellItem  Introduce a light wrapper class around IShellItem which hides its idiosyncracies.  Task-number: QTBUG-57070 Change-Id: I60a825ea7a826d67859ab82537d614ecc3367692
66166,qt%2Fqttools~dev~I6519e490b6270f56b54f05867c6def5f140e57cd,https://codereview.qt-project.org/180160,4,31,26,0,3000,656,8,34,600.578333333333,244,refactoring/,refactor|,refactoring/,refactor|,Refactor Assistant's iterators,Refactor Assistant's iterators  Replace foreach with for. Remove java-style iterators. Don't mix const iterators with non-const ones. Use std algorithms when possible. Fix const correctness.  Change-Id: I6519e490b6270f56b54f05867c6def5f140e57cd
66453,qbs%2Fqbs~master~Ia5a091ed4520645d3e236180e7fa9761597aad1f,https://codereview.qt-project.org/178863,4,7,0,0,192,943,3,23,793.989166666667,380,refactoring/,refactor|,refactoring/,refactor|,Refactor all jsextension code into the .cpp files,"Refactor all jsextension code into the .cpp files  This makes it consistent with regards to which class declarations are in headers and which are in source files, and also makes extension registration entirely translation unit local, making exclusion of extensions possible simply by not linking the compiled translation unit.  Change-Id: Ia5a091ed4520645d3e236180e7fa9761597aad1f"
66551,qt-creator%2Fqt-creator~master~Icf88e63e6fda34826da6be70369902fa168ea48c,https://codereview.qt-project.org/181152,4,8,2,0,261,14,3,1,25.5425,188,refactoring/,refactor|,refactoring/,refactor|,QmlDesigner: Refactor section,QmlDesigner: Refactor section  We use a property to control the state and ensure the animation is not triggered by the initialization.  Change-Id: Icf88e63e6fda34826da6be70369902fa168ea48c
66589,pyside%2Fpyside-setup~dev~I7116f4284b16947242357bf6aee963a29f1fb16d,https://codereview.qt-project.org/181176,5,3,0,0,116,74,2,2,15.7438888888889,507,refactoring/,refactor|,refactoring/,refactor|,Refactor TemplateInstance::expandCode(),"Refactor TemplateInstance::expandCode()  Ensure a newline is added after the opening comment, right-trim the code and add a newline before the closing comment. This prevents code from being lost when writing a template in a single line: <template name=""name"">code</template name>. Adapt the test to cover both cases.  Use hash iterators instead of iterating over QHash::keys(), avoiding the construction of a temporary container.  Task-number: PYSIDE-323 Change-Id: I7116f4284b16947242357bf6aee963a29f1fb16d"
66846,qt%2Fqttools~dev~Id3c3bd794e05d38339d07046720432c73ceaffc0,https://codereview.qt-project.org/180608,6,9,0,0,2604,46,2,2,21.2438888888889,318,refactoring/,refactor|,refactoring/,refactor|,Qt Designer: Refactor some code preparing for QT_NO_FOREACH,"Qt Designer: Refactor some code preparing for QT_NO_FOREACH  Rewrite DesignerMenu::findActivatedMenu() to not build a list of QDesignerMenu instances consisting of this and children.  Replace static functions findMenuBar(), findStatusBar() by QObject::findChild().  Change-Id: Id3c3bd794e05d38339d07046720432c73ceaffc0"
66861,qt%2Fqttools~dev~If386ac7fc98bebec6d458318c8ec8edd8d4fb93c,https://codereview.qt-project.org/180606,6,5,1,0,469,30,2,2,9.63444444444444,313,refactoring/,refactor|,refactoring/,refactor|,Qt Designer: Refactor QDesignerActions::fixActionContext(),Qt Designer: Refactor QDesignerActions::fixActionContext()  Remove member function in favor of a static function that iterates over each action group instead of compiling a list of all actions just for that purpose. Prepares the introduction of QT_NO_FOREACH.  Change-Id: If386ac7fc98bebec6d458318c8ec8edd8d4fb93c
67153,qt%2Fqtotaupdate~master~Ide593f9bfbe93827093a6693eeb10cc3b315e000,https://codereview.qt-project.org/179387,2,11,2,0,442,225,6,7,189.671388888889,752,refactoring/,refactor|,refactoring/,refactor|,Remove process locking and refactor singal handling,"Pre-release cleaning  1) refactor signal handling..  2) remove multi-process locking  .. as it was based on incorrect assumptions on how concurrency is handled by OSTree.  OSTree has API to lock the sysroot, but not the repository itself. As we can not lock the repo and writes to the repo are atomic, reading from the repo in general is safe. Except when the data has been read, there is no guarantee that the data won't disapear under us (because some other process has done repo pruning).  Concurrent writing to the repo is handled by OSTree. When we deploy new sysroot version via ""ostree deploy"", it locks the sysroot with the sysroot locking API, so we don't need to do any additinal locking.  Change-Id: Ide593f9bfbe93827093a6693eeb10cc3b315e000"
67509,qt-creator%2Fqt-creator~master~I6c50a1804ce62098b87109931eb171f5c2542937,https://codereview.qt-project.org/179323,3,9,5,0,483,1240,4,19,116.9675,325,refactoring/,refactor|,refactoring/,refactor|,CppTools: Refactor ProjectPartBuilder,"CppTools: Refactor ProjectPartBuilder  ...and add some basic tests.  Introduce the abstractions ProjectInterface and ToolChainInterface in order to break the dependency to the ProjectExplorer. Also, some simple logic can go there to simplify the (Base)ProjectPartBuilder.  Change-Id: I6c50a1804ce62098b87109931eb171f5c2542937"
67548,qt%2Fqt3d~5.8~If3850df88b2bf4f8cc6a1be3ab950e60aeae9d79,https://codereview.qt-project.org/170443,4,62,0,0,36960,59,27,2,2306.18722222222,334,refactoring/,refactor|,refactoring/,refactor|,RenderViewJobUtils: refactor findTechniqueForEffect,RenderViewJobUtils: refactor findTechniqueForEffect  Uses the isCompatibleWithRenderer flag on the techniques rather than doing the comparison with the renderer's GraphicsApiFilter. Also use the isCompatibleWithFilters to check if a technique is compatible with a TechniqueFilter.  Change-Id: If3850df88b2bf4f8cc6a1be3ab950e60aeae9d79
67707,qt%2Fqtdeclarative~5.8~I1181a8e320b8c931d9df5b2c91bc143d8587fb60,https://codereview.qt-project.org/178680,3,30,2,0,64878,130,6,3,181.888333333333,284,refactoring/,refactor|,refactoring/,refactor|,Refactor the calling code for (Simple)ScriptFunction,Refactor the calling code for (Simple)ScriptFunction  Factor the common code out into separate methods that can later on be reused by the QQmlJavaScriptExpression.  Also ensure a CallContext is safe to use with a 0 FunctionObject.  Change-Id: I1181a8e320b8c931d9df5b2c91bc143d8587fb60
67839,qt%2Fqtlocation~dev~I9b6a06ff051bbfd09e6d3584485acdcebdceb7bd,https://codereview.qt-project.org/176896,10,27,6,0,1699,357,10,7,505.226388888889,1389,refactoring/,refactor|,refactoring/,refactor|,Refactor QGeoMap API: split coordinate <-> itemPosition calls,"Refactor QGeoMap API: split coordinate <-> itemPosition calls  This patch splits the two calls coordinateToItemPosition and itemPositionToCoordinate into 3 separate steps:  - coordinate to map projection. Map projection has always to be in [0,1] [0,1] range. In case of QGeoTiledMap, the only map projection supported is WebMercator, thus this call is currently equivalent to coordinateToMercator.  - wrap map projection. Due to the longitude-wrapping-around nature of QGeoMap/QDeclarativeGeoMap, coordinates which are greater than others might end up before the others on the X axis of the projection. This stage  takes care of this aspect  - finally wrapped map projection to item position. this maps a wrapped coordinate to screen.  Equivalent calls to do the inverse conversion are also provided.  The benefits of splitting the conversion in 3 are  - possibility to precompute the map projection of item coordinates, thus having to simply re-wrap them (2 ifs and one sum) upon camera change.  - Possibility to bake the last step into a 4x4 matrix and offload this to GPU  - support for rotation and tilting cameras. Without, it would be impossible to ""unwrapBelowX"" item coordinates in presence of rotation and tilt, while now it would be possible to do this before the final projection to screen that peforms the tilting/rotation.  Change-Id: I9b6a06ff051bbfd09e6d3584485acdcebdceb7bd"
68034,qt%2Fqtbase~5.8~I72583774e788b8df899f22ed1a64278217e664f6,https://codereview.qt-project.org/178351,5,8,0,0,1042,44,2,1,146.008611111111,979,refactoring/,refactor|,refactoring/,refactor|,tst_qsqlquery.cpp: Refactor runIntegralTypesMysqlTest(),"tst_qsqlquery.cpp: Refactor runIntegralTypesMysqlTest()  Change 3370ab9119df09ca14f7d4641c555e60c1b3f478 introduced warnings from MSVC:  tst_qsqlquery.cpp(4005): warning C4805: '==': unsafe mix of type 'const bool' and type 'int' in operation tst_qsqlquery.cpp(4059): note: see reference to function template instantiation 'void runIntegralTypesMysqlTest<bool>(QSqlDatabase &,const QString &,const QString &,const bool,const T,const T)' being compiled         with      [           T=bool       ] tst_qsqlquery.cpp(4006): warning C4805: '==': unsafe mix of type 'const bool' and type 'int' in operation tst_qsqlquery.cpp(4006): warning C4804: '/': unsafe use of type 'bool' in operation tst_qsqlquery.cpp(4026): warning C4804: '+=': unsafe use of type 'bool' in operation  Extract an overload taking a QVector of values and use that for the bool case instead of looping over min/max to generate a sequence of values for bool.  Change-Id: I72583774e788b8df899f22ed1a64278217e664f6"
68099,qt%2Fqtbase~5.6~I9eafffba0ddfd05917c184c4a6b9e166f86d71d9,https://codereview.qt-project.org/143688,5,25,14,0,41510,44,5,4,8612.61805555555,271,refactoring/,refactor|,refactoring/,refactor|,winrt: msvc2015: refactor file handling,WIP: winrt: msvc2015: refactor file handling  msvc2015 reintroduced a couple of functions from the win32 API towards WinRT.  Enable usage of those and simplify the file system engine. Furthermore update the autotests.  Change-Id: I9eafffba0ddfd05917c184c4a6b9e166f86d71d9
68641,qt%2Fqtquickcontrols2~5.8~I2267dcd15bcbcbdee8708208dc5f92eb69b745d6,https://codereview.qt-project.org/177652,3,12,14,0,1048,331,4,26,46.0036111111111,98,refactoring/,refactor|,refactoring/,refactor|,Doc: refactor the type comparison table,WIP: Doc: refactor the type comparison table  Change-Id: I2267dcd15bcbcbdee8708208dc5f92eb69b745d6
68847,qt%2Fqtbase~dev~I7f9dbdf50044bf375ca21818ac29fbd3fe502166,https://codereview.qt-project.org/177315,4,34,3,0,11395,20,5,1,59.9597222222222,294,refactoring/,refactor|,refactoring/,refactor|,Refactor QGuiApplication::topLevelWindows(),"Refactor QGuiApplication::topLevelWindows()  Unifies the three conditions where we do not treat a window as a top level window.  Updated the comment about embedded windows, which applies to all embedded windows, not just QAxServers windows.  Change-Id: I7f9dbdf50044bf375ca21818ac29fbd3fe502166"
70000,qt%2Fqtbase~5.8~Ie26e758f5db71920896d930a4f3644b51a1ce3fa,https://codereview.qt-project.org/174809,9,29,0,0,5015,365,5,4,536.079722222222,410,refactoring/,refactor|,refactoring/,refactor|,Cocoa Dialog Helpers: Refactor OK-Cancel buttons view,"Cocoa Dialog Helpers: Refactor OK-Cancel buttons view  Since virtually all the logic is shared between QNSColorPanelDelegate and QNSFontPanelDelegate, we extract the added buttons and layouting logic and move it into its own class. This requires the two afore mentioned Objective C classes to satisfy the QNSPanelDelegate protocol.  Task-number: QTBUG-56448 Change-Id: Ie26e758f5db71920896d930a4f3644b51a1ce3fa"
70167,qt-labs%2Fvstools~dev~I51fec66240738e1e674cea9fed357b32c4cba563,https://codereview.qt-project.org/175898,3,7,0,0,194,40,4,2,237.336388888889,98,refactoring/,refactor|,refactoring/,refactor|,Refactor function and remove duplicated code,Refactor function and remove duplicated code  Change-Id: I51fec66240738e1e674cea9fed357b32c4cba563
70352,qbs%2Fqbs~master~Idf6759e5b05584532f56be4036c87df310363bd3,https://codereview.qt-project.org/176162,4,6,6,0,187,251,2,6,49.0805555555556,286,refactoring/,refactor|,refactoring/,refactor|,Refactor MSVC toolchain detection,Refactor MSVC toolchain detection  Have one MSVC object per MSVC installation instead of one MSVC per VS installation with some list members. This cleans up the code quite a bit and prepares for VS 15 support and speed improvements.  Change-Id: Idf6759e5b05584532f56be4036c87df310363bd3
70452,qt-labs%2Fvstools~dev~I8849439d4dfc1e1d60ffa889088acf5702a4876e,https://codereview.qt-project.org/175607,3,9,89,0,625,3656,5,73,162.873611111111,94,refactoring/,refactor|,refactoring/,refactor|,Refactor: Move types into matching files,Refactor: Move types into matching files  Change-Id: I8849439d4dfc1e1d60ffa889088acf5702a4876e
70903,qt-creator%2Fqt-creator~4.2~I9c99305b6efbfcc4b37cea9e5c70d816a621963b,https://codereview.qt-project.org/175319,4,5,0,0,211,94,3,5,42.7102777777778,669,refactoring/,refactor|,refactoring/,refactor|,Core: Refactor argument handling,"WIP: Core: Refactor argument handling  Split up getting the data from the arguments list and actually applying the values, and move the details of theme creation and application to better places.  This gets rid of ugly control flow details like that CorePlugin::initialize created the action manager before calling parseArguments, because that is needed to apply the presentation mode argument setting, and parseArguments created the main window because that needs to be created _after_ setting the theme (which can be overridden by command line argument), but _before_ applying the override color argument setting.  Change-Id: I9c99305b6efbfcc4b37cea9e5c70d816a621963b"
71352,qt%2Fqtbase~5.6~Ic4351eb0bbfffdf840fd88cd00bb29a25907798f,https://codereview.qt-project.org/172791,6,53,29,0,43136,352,9,16,525.974722222222,1155,refactoring/,refactor|,refactoring/,refactor|,iOS: refactor usage of photos into optional plugin,"iOS: refactor usage of photos into optional plugin  Starting from iOS 10, apps that tries to access photos on the device need to specify the reason for this up front by adding the key 'NSPhotoLibraryUsageDescription' into Info.plist. If the key is missing, the app will be rejected from AppStore.  This causes problems for the iOS plugin as it stands since parts of it already tries to access photos, e.g to show an image picker dialog if a file dialog is set to open QStandardPaths::PicturesLocation. This means that currently, all apps written with Qt will be rejected from AppStore unless the developer adds this key, whether he tries to access photos or not.  To solve this, we choose to split the plugin into two parts, one that contains the core functionality, and one that contains optional support. The latter will need to be enabled explicit by the developer in the pro file, or in this case, indirectly by adding the right key to the Info.plist.  This patch will refactor the code in the core plugin that gives access to photos into a separate optional plugin called 'nsphotolibrarysupport'.  Change-Id: Ic4351eb0bbfffdf840fd88cd00bb29a25907798f"
71586,qt-creator%2Fqt-creator~4.2~Ie36c7ab6217c31e9e3913a4dd5da2196364200c8,https://codereview.qt-project.org/174374,3,3,0,0,96,72,2,6,50.4597222222222,157,refactoring/,refactor|,refactoring/,refactor|,QmlDesigner: refactor indent feature,QmlDesigner: refactor indent feature  * add indentLines() method * refactor indent to use indentLines()  Change-Id: Ie36c7ab6217c31e9e3913a4dd5da2196364200c8
71711,qt%2Fqtotaupdate~master~I4c8df1a2df518964a56228442badb1bd0e2eabe1,https://codereview.qt-project.org/174336,2,5,0,0,145,39,3,2,2.27583333333333,101,refactoring/,refactor|,refactoring/,refactor|,lib: refactor resolving rollback index,lib: refactor code for resolving rollback index  Change-Id: I4c8df1a2df518964a56228442badb1bd0e2eabe1
71852,qt%2Fqtotaupdate~master~I25fae9d4b16b95f0e347f47185da034a96e51e6a,https://codereview.qt-project.org/172345,2,5,0,0,145,31,3,1,438.014444444444,86,refactoring/,refactor|,refactoring/,refactor|,Refactor QOTAClientAsync::ostree,Refactor QOTAClientAsync::ostree  Change-Id: I25fae9d4b16b95f0e347f47185da034a96e51e6a
71941,qt%2Fqtwebengine~5.8~If3a783a2a4f97e84de993b9394f5cfa0df948ec2,https://codereview.qt-project.org/173082,4,19,0,0,28946,42,2,1,212.7425,160,refactoring/,refactor|,refactoring/,refactor|,Refactor tst_keyboardModifierMapping.qml quick auto test,Refactor tst_keyboardModifierMapping.qml quick auto test  Simplify code and remove unnecessary wait calls.  Change-Id: If3a783a2a4f97e84de993b9394f5cfa0df948ec2
72286,qt-creator%2Fqt-creator~4.2~I1866e4c5eba7b1afd60e2c461644cbfd6b7efd75,https://codereview.qt-project.org/173470,4,3,0,0,168,47,2,8,7.78138888888889,106,refactoring/,refactor|,refactoring/,refactor|,TextEditor: Highpi-able and themable refactor marker,TextEditor: Highpi-able and themable refactor marker  Change-Id: I1866e4c5eba7b1afd60e2c461644cbfd6b7efd75
72446,qt-creator%2Fqt-creator~master~I1e2e0829b9413f647ccfa3a4af23260a54895d83,https://codereview.qt-project.org/169475,5,36,21,0,1714,418,13,5,988.385833333333,109,refactoring/,refactor|,refactoring/,refactor|,Refactor the incremental deployment to a separate class,Refactor the incremental deployment to a separate class  Change-Id: I1e2e0829b9413f647ccfa3a4af23260a54895d83
72561,qt%2Fqtbase~5.7~I3f7068ae699136d0edf46a49694ade7e1df3c91d,https://codereview.qt-project.org/148191,6,46,1,0,46508,4248,10,31,5912.48944444445,150,refactoring/,refactor|,refactoring/,refactor|,Refactor initialization/caching code for versioned opengl functions,Refactor initialization/caching code for versioned opengl functions  Saves around 80k in Qt Gui.  Change-Id: I3f7068ae699136d0edf46a49694ade7e1df3c91d
72579,qt-creator%2Fqt-creator~master~I4efaaacbbf2de23b8709535a7b9a2446f0a4b90e,https://codereview.qt-project.org/172865,3,4,2,0,251,90,2,1,29.5413888888889,92,refactoring/,refactor|,refactoring/,refactor|,QmlDesigner: refactor test import code,QmlDesigner: refactor test import code  Change-Id: I4efaaacbbf2de23b8709535a7b9a2446f0a4b90e
72951,qt%2Fqtwayland~5.8~I81e471d13c92913d31ea1efe487f93fa908b5e0c,https://codereview.qt-project.org/172031,8,37,68,0,1835,1638,9,32,123.050833333333,881,refactoring/,refactor|,refactoring/,refactor|,Refactor buffer handling,"Refactor buffer handling  We cannot support bindToTexture() functions. On some platforms the texture is provided by the driver. Therefore, the HW integration must always provide a texture.  This has the added bonus of unifying the two separate code paths that were introduced when EGLStream support was added.  Add a separate buffer manager that owns all buffers. Don't destroy buffer objects on release. The client will probably attach them again later. Also, release shm buffers immediately after uploading to texture (needs to be documented that image() will not work afterwards).  Make the old SurfaceBuffer class into an abstract base class, so we can store state in the buffer class instead of having to map from the wl_resource in each buffer integration. Move the shared memory buffer handling into a separate subclass.  Change-Id: I81e471d13c92913d31ea1efe487f93fa908b5e0c"
73310,qt%2Fqtbase~dev~Ie096b7c0846a280a32282c5427f4836e6a8eefed,https://codereview.qt-project.org/167776,6,20,10,0,848,279,5,1,1103.67833333333,107,refactoring/,refactor|,refactoring/,refactor|,QDataStream: refactor (de)serialization of containers,QDataStream: refactor (de)serialization of containers  Change-Id: Ie096b7c0846a280a32282c5427f4836e6a8eefed
73319,qt%2Fqtquickcontrols2~5.7~Ic3e7370321e346b83f7df42205e204d1265ce5b0,https://codereview.qt-project.org/172010,3,10,0,0,31846,122,3,101,4.19194444444444,227,refactoring/,refactor|,refactoring/,refactor|,Refactor tst_snippets to make it easier to add non-screenshot snippets,Refactor tst_snippets to make it easier to add non-screenshot snippets  Add a separate test for non-screenshot snippets and move the screenshot snippets to their own folder.  Change-Id: Ic3e7370321e346b83f7df42205e204d1265ce5b0
75286,qt%2Fqtnetworkauth~5.8~I9cc697a4f63ec4cda0c10488db5a99a15117780a,https://codereview.qt-project.org/169307,4,32,4,0,14232,34,6,2,103.587777777778,245,refactoring/,refactor|,refactoring/,refactor|,QOAuth1 constructor refactor,QOAuth1 constructor refactor  Added the client credentials pair to the private implementation constructor. QOAuth1 constructors now are calling the main constructor instead of the base class.  Change-Id: I9cc697a4f63ec4cda0c10488db5a99a15117780a
75963,qt%2Fqtbase~dev~Ie3516efbd095704e212142eef9e792323678ccfa,https://codereview.qt-project.org/168208,4,90,64,0,7463,148,29,2,75.9275,308,refactoring/,refactor|,refactoring/,refactor|,Refactor Http2::FrameReader/Http2::FrameWriter,WIP - refactor Http2::FrameReader/Http2::FrameWriter  Add new entity - Frame with has accessors like payloadSize/type/flags/streamID etc. (and actually reads raw bytes and interprets them) instead of duplicating this functionality in reader/writer class.  Change-Id: Ie3516efbd095704e212142eef9e792323678ccfa
76000,qt-labs%2Fqtpdf~dev~I2c095c41cfaacb4cd325682def71f80ffe6ab6d9,https://codereview.qt-project.org/167498,4,30,10,0,4953,121,6,4,236.412777777778,213,refactoring/,refactor|,refactoring/,refactor|,Refactor the state handling of QPdfDocument,"Refactor the state handling of QPdfDocument  Introduce a state property, which describes the current state of the QPdfDocument during loading/closing workflow.  Change-Id: I2c095c41cfaacb4cd325682def71f80ffe6ab6d9"
76195,qbs%2Fqbs~master~Idff47282c2704456ef01d7b30bab587e902ec3c3,https://codereview.qt-project.org/168323,3,5,1,0,220,35,3,3,9.92138888888889,154,refactoring/,refactor|,refactoring/,refactor|,Refactor ProjectResolver::createSourceArtifact(),"Refactor ProjectResolver::createSourceArtifact().  Pass the group, rather than a lot of its members.  Change-Id: Idff47282c2704456ef01d7b30bab587e902ec3c3"
76379,qt-creator%2Fqt-creator~master~I8a2289dc7faab25afe08530b5021a0318f3ba6a6,https://codereview.qt-project.org/165756,3,5,0,0,145,485,3,6,601.701111111111,301,refactoring/,refactor|,refactoring/,refactor|,AutoTest: Refactor output handling,AutoTest: Refactor output handling  Handle getting output from application's process inside base class and just process output inside the sub classes. Additionally this is a preparation for being able to process output for debugging tests as well.  Change-Id: I8a2289dc7faab25afe08530b5021a0318f3ba6a6
76561,qt-creator%2Fqt-creator~master~I7e520a808550ed271ba5005dd6f5b084225ac8fe,https://codereview.qt-project.org/167715,5,4,0,0,122,30,2,1,4.02388888888889,192,refactoring/,refactor|,refactoring/,refactor|,ModelingLib: refactor a bit:,"ModelingLib: refactor a bit:   QMT_CHECK are replaced with QTC_ASSERT(, return) guards to not crash  operator[.*] are replaced with at(\1)  Change-Id: I7e520a808550ed271ba5005dd6f5b084225ac8fe"
76602,qt%2Fqtbase~dev~Iaa87c2f3749944cd3fc2ec18975767c04892f746,https://codereview.qt-project.org/165356,4,17,4,0,34525,381,6,1,644.364722222222,342,refactoring/,refactor|,refactoring/,refactor|,refactor the configure help output,*** refactor the configure help output  *** reformat *** adjust to opengl updates *** some options are not updated yet  - remove the redundantly listed -no-* options and indicate the defaults   differently - reshuffle the sections to make it clearer what refers to external   dependencies  Change-Id: Iaa87c2f3749944cd3fc2ec18975767c04892f746
76811,qt%2Fqtspeech~dev~Idf411c5a613ca09e2131b1e1cfdc74cc737d07bf,https://codereview.qt-project.org/166471,4,11,0,0,2361,356,2,17,203.337222222222,157,refactoring/,refactor|,refactoring/,refactor|,Refactor android implementation to plugin structure,Refactor android implementation to plugin structure  The android implementation was no longer building.  Change-Id: Idf411c5a613ca09e2131b1e1cfdc74cc737d07bf
77674,qt-labs%2Fvstools~dev~I3a0954fd24269b6ca00a1d187d4994c86424b64b,https://codereview.qt-project.org/166254,3,9,1,0,456,422,4,3,19.8311111111111,265,refactoring/,refactor|,refactoring/,refactor|,Refactor the default editors file handling code,"Refactor the default editors file handling code.  * Move into a single dedicated class. * Use a producer-consumer thread aproach to handle broadcast   message, avoid using the System.Windows.Forms.Control class.  Change-Id: I3a0954fd24269b6ca00a1d187d4994c86424b64b"
77886,qt-creator%2Fqt-creator~master~I416555dd83ce888088a6a259777c294a6feb35f4,https://codereview.qt-project.org/165076,4,18,9,0,978,801,6,8,287.535,142,refactoring/,refactor|,refactoring/,refactor|,"Refactor DiffEditorWidgets, introduce common widget controller","Refactor DiffEditorWidgets, introduce common widget controller.  Reduce code repetition.  Change-Id: I416555dd83ce888088a6a259777c294a6feb35f4"
78539,qt%2Fqtquickcontrols2~dev~Ia68bb94dc9280aace8718f4df0e798a7f1469e78,https://codereview.qt-project.org/165170,3,4,0,0,839,214,2,3,5.11027777777778,454,refactoring/,refactor|,refactoring/,refactor|,Refactor QQuickStackView transition startup,"Refactor QQuickStackView transition startup  Merge the separate but very similar looking popTransition(), pushTransition(), and replaceTransition() methods to a single startTransition() method, and pass the necessary arguments in a QQuickStackTransition structure. This is an enabler step for being able to specify the desired transition type for replace (and push & pop, for that matter) operations.  Change-Id: Ia68bb94dc9280aace8718f4df0e798a7f1469e78"
78701,qt-labs%2Fvstools~dev~If069fb8cf35a9e48c8857a31d324c9ddc84e623b,https://codereview.qt-project.org/164791,3,7,1,0,287,174,4,18,57.5136111111111,106,refactoring/,refactor|,refactoring/,refactor|,Refactor project files to support VS2013 and VS2015,Refactor project files to support VS2013 and VS2015.  Change-Id: If069fb8cf35a9e48c8857a31d324c9ddc84e623b
78988,qt%2Fqtmultimedia~dev~Iaf141472dea82579ad085b3318624f9a57aa46d8,https://codereview.qt-project.org/159827,3,23,1,0,8879,3943,6,31,1127.99527777778,377,refactoring/,refactor|,refactoring/,refactor|,DirectShow: refactor custom renderer filter,DirectShow: refactor custom renderer filter.  Refactor out some of the filter and pin logic into the DirectShowBaseFilter and DirectShowPin abstract classes. This will avoid code duplication when implementing the probe filter. The existing source filter (for qrc files) can also be refactored to use these abstract classes.  Change-Id: Iaf141472dea82579ad085b3318624f9a57aa46d8
79393,qt%2Fqtlocation~dev~I26f0d18f8ca94b1bdd085cd49dd603d51a68689b,https://codereview.qt-project.org/163952,5,7,2,0,695,10,3,4,13.1902777777778,417,refactoring/,refactor|,refactoring/,refactor|,Refactor: rename improperly named methods,"Refactor: rename improperly named methods  After consultation, it seems that Qt favors using ""At"" rather than ""For"" in naming a method such ""maximumLatitudeForZoom"".  Moreover, this methods returns the maximum latitude that map center can have at a specific zoom level, so it is important to make that clear not only in the comments but also in the method's name.  Change-Id: I26f0d18f8ca94b1bdd085cd49dd603d51a68689b"
79881,qt-creator%2Fqt-creator~4.1~If932cb51b4179a1f79824f9b6660bf45db1e8aee,https://codereview.qt-project.org/163105,3,3,0,0,96,26,2,1,25.6602777777778,114,refactoring/,refactor|,refactoring/,refactor|,QmlDesigner: refactor populateQrcMapping,QmlDesigner: refactor populateQrcMapping  no behavior change  Change-Id: If932cb51b4179a1f79824f9b6660bf45db1e8aee
80029,installer-framework%2Finstaller-framework~master~I2078e2880955c71b9ffa0ac46501eafbd499c3ba,https://codereview.qt-project.org/336138,4,27,8,5,4443,191,8,4,143.741111111111,89,refactoring/,refactor|,refactoring/,refactor|,Refactor repogen for easier testing,Refactor repogen for easier testing  Change-Id: I2078e2880955c71b9ffa0ac46501eafbd499c3ba
80599,qt%2Fqtdeclarative~5.6~I983c8c1945bd4be364c988ab9fdfa69e35e7b9de,https://codereview.qt-project.org/160740,5,9,0,0,2025,10,2,1,516.501388888889,251,refactoring/,refactor|,refactoring/,refactor|,Doc: Refactor cpp integration Message sample,"Doc: Refactor cpp integration Message sample  Since MyItem.qml is a GUI element, the example as is triggers a segfault when starting. This patch refactors the cpp code to make it a GUI application.  Change-Id: I983c8c1945bd4be364c988ab9fdfa69e35e7b9de"
81129,qt%2Fqtbase~dev~I06bae9392f534e45b3f1ffff144df5ce1aa52636,https://codereview.qt-project.org/159082,5,16,4,0,14793,33,3,1,691.945555555556,103,refactoring/,refactor|,refactoring/,refactor|,Refactor & simplify QDateTime::setMSecsSinceEpoch,Refactor & simplify QDateTime::setMSecsSinceEpoch  Change-Id: I06bae9392f534e45b3f1ffff144df5ce1aa52636
81130,qt%2Fqtbase~dev~I06bae9392f534e45b3f1ffff144df51ae6159a97,https://codereview.qt-project.org/159081,5,18,6,0,14856,56,3,1,691.945555555556,109,refactoring/,refactor|,refactoring/,refactor|,Refactor & simplify QDateTimePrivate::refreshDateTime(),Refactor & simplify QDateTimePrivate::refreshDateTime()  Change-Id: I06bae9392f534e45b3f1ffff144df51ae6159a97
81132,qt%2Fqtbase~dev~I06bae9392f534e45b3f1ffff144df4d73cbc9184,https://codereview.qt-project.org/159083,5,30,11,0,15163,124,8,2,691.945,414,refactoring/,refactor|,refactoring/,refactor|,QDateTimePrivate refactor: static'fy the date/time manipulators,"QDateTimePrivate refactor: static'fy the date/time manipulators  This commit makes the QDateTimePrivate functions setTimeSpec, setDateTime, getDateTime, checkValidDateTime and refreshDateTime static. Like the previous commit, this is done in preparation for the ""Short QDateTime Optimization"" as the ""msecs"" field will be placed in the short data, if possible.  Change-Id: I06bae9392f534e45b3f1ffff144df4d73cbc9184"
81415,qt%2Fqt3d~dev~Id3fd53549bf3ea07805426ef868df174f30e176b,https://codereview.qt-project.org/143627,6,35,22,0,1625,1620,12,19,4333.30166666667,539,refactoring/,refactor|,refactoring/,refactor|,Refactor picking to use one thread per entity,Refactor picking to use one thread per entity  Added triangle visitor by refactor the triangle volume extractor Added ability to do a ray intersection with a single volume without using a thread Added entity collector Use one thread for each entity Ignore entities that don’t have a pick object Removed list of triangle volumes stored on each entity Use triangle visitor to test each triangle by creating a single volume on the stack Added triangle and 3 vertex index to the pick event  Change-Id: Id3fd53549bf3ea07805426ef868df174f30e176b
81698,qt-creator%2Fqt-creator~master~I5686e20a9b072e756f9bc6cc06df1377f1ca2c03,https://codereview.qt-project.org/159528,2,12,0,0,384,129,6,6,375.426388888889,239,refactoring/,refactor|,refactoring/,refactor|,QmlDesigner: refactor connection editor models,QmlDesigner: refactor code    - no behavior change   - moved init table headers to model constructors   - use modern Qt connect   - moved reset method to the same location in all models  Change-Id: I5686e20a9b072e756f9bc6cc06df1377f1ca2c03
81774,yocto%2Fmeta-boot2qt~dev~I6b86b5b6084377bcca4bbc7cd1e01e772683084e,https://codereview.qt-project.org/161058,3,10,2,0,3460,196,4,9,41.8566666666667,83,refactoring/,refactor|,refactoring/,refactor|,Refactor i.MX6 configurations,Refactor i.MX6 configurations  Change-Id: I6b86b5b6084377bcca4bbc7cd1e01e772683084e
81981,qt%2Fqtdeclarative~wip%2Fscenegraphng~Iddacb461d51a75864983850660c5480985b3524f,https://codereview.qt-project.org/160508,3,6,0,0,3187,210,2,6,121.926388888889,167,refactoring/,refactor|,refactoring/,refactor|,Refactor the rendernode example,Refactor the rendernode example  By removing the Renderer abstraction it becomes easier to follow and understand.  Change-Id: Iddacb461d51a75864983850660c5480985b3524f
82160,qt-labs%2Fqt3d-editor~master~Ia549d43e8b3d282ea5f96ad0cf661cf3b53aadfc,https://codereview.qt-project.org/160648,5,14,6,0,462,702,5,238,67.7675,307,refactoring/,refactor|,refactoring/,refactor|,Refactor editor to support launching it from creator plugin,"Refactor editor to support launching it from creator plugin  Editor functionality is moved into a library, which is used from both a new standalone application and a creator plugin. Currently creator plugin just launches the editor in a separate window.  Change-Id: Ia549d43e8b3d282ea5f96ad0cf661cf3b53aadfc"
82828,qt%2Fqtscxml~5.7~I1d82c3164415a71e69e90bc6d3b96bda67dabb6c,https://codereview.qt-project.org/158194,4,30,7,0,3176,1078,11,2,381.874444444444,97,refactoring/,refactor|,refactoring/,refactor|,"Refactor parser, parse recursively now","WIP: Refactor parser, parse recursively now  Change-Id: I1d82c3164415a71e69e90bc6d3b96bda67dabb6c"
84187,qt%2Fqttools~dev~Ieb9fa4efb5705367f71139e99768794240e6ca4a,https://codereview.qt-project.org/157180,3,7,1,0,494,77,3,3,126.873611111111,262,refactoring/,refactor|,refactoring/,refactor|,Qt Designer: Refactor PromotionModel.,Qt Designer: Refactor PromotionModel.  The model used a QVariantList as user data storing the widget database index and the bool 'referenced' flag. Replace that by a struct ModelData.  Task-number: QTBUG-52963 Change-Id: Ieb9fa4efb5705367f71139e99768794240e6ca4a
85435,qt%2Fqtscxml~5.7~I1030600e7cdb128ea088fa8ad736317dbd1fc2ac,https://codereview.qt-project.org/155986,4,4,0,0,580,187,2,2,21.7797222222222,99,refactoring/,refactor|,refactoring/,refactor|,"Refactor checkAttributes, remove unused code.","Refactor checkAttributes, remove unused code.  Change-Id: I1030600e7cdb128ea088fa8ad736317dbd1fc2ac"
86518,qtsdk%2Fqtsdk~master~I6f924c72be4e80dc7a954063f9fe20bf1d4cfba5,https://codereview.qt-project.org/155341,5,3,0,0,96,22,2,1,0.683055555555556,210,refactoring/,refactor|,refactoring/,refactor|,Refactor generate_installer_final_name() in build_wrapper.py,"Refactor generate_installer_final_name() in build_wrapper.py  Make the function more generic. Allow more file extensions in addition to .dmg, .exe and .run.  Change-Id: I6f924c72be4e80dc7a954063f9fe20bf1d4cfba5"
86836,qtsdk%2Fqtsdk~master~I99ace6c0f63e328e3e35e2c4f29bdf0304673de2,https://codereview.qt-project.org/154957,6,10,1,0,555,50,5,1,3.46111111111111,97,refactoring/,refactor|,refactoring/,refactor|,Refactor online/offline build handling,WIP: Refactor online/offline build handling  Change-Id: I99ace6c0f63e328e3e35e2c4f29bdf0304673de2
86882,qt%2Fqtbase~5.6~I1c25241f53d87e4429ad924f7b2e29da215d7e4f,https://codereview.qt-project.org/154375,5,15,0,0,42942,19,3,2,131.506111111111,327,refactoring/,refactor|,refactoring/,refactor|,Refactor QWindowsXPStylePrivate::drawBackground() and helpers.,"Refactor QWindowsXPStylePrivate::drawBackground() and helpers.  Pass the DC obtained drawBackground() to drawBackgroundDirectly(), saving a call to hdcForWidgetBackingStore() to find it. Pass the error code from the Win32 API DrawThemeBackground() to the calling functions.  Change-Id: I1c25241f53d87e4429ad924f7b2e29da215d7e4f"
87402,qt%2Fqtbase~5.6~Ib87c54bbf9911a58d3ae764b71f19f33d59590ce,https://codereview.qt-project.org/153896,4,6,0,0,835,62,3,2,139.655833333333,204,refactoring/,refactor|,refactoring/,refactor|,Refactor methods QTextEdit/QPlainTextEdit::inputMethodQuery().,Refactor methods QTextEdit/QPlainTextEdit::inputMethodQuery().  Replace if / else if chain by switch() and return the value instead of reassigning it.  Change-Id: Ib87c54bbf9911a58d3ae764b71f19f33d59590ce
87504,qt-creator%2Fqt-creator~master~Icd0c960a0f20e6cfcf237033d96a50062d9ea535,https://codereview.qt-project.org/146868,4,4,1,0,121,10,2,2,1542.79194444444,109,refactoring/,refactor|,refactoring/,refactor|,QmlDesigner: refactor StyledOutputpanePlaceHolder a bit,QmlDesigner: refactor StyledOutputpanePlaceHolder a bit  Change-Id: Icd0c960a0f20e6cfcf237033d96a50062d9ea535
87638,qt%2Fqttools~5.6~I14177c6a8b2c7c0963f576b492ca7de3a48684d5,https://codereview.qt-project.org/153515,4,5,0,0,768,18,2,1,47.9216666666667,226,refactoring/,refactor|,refactoring/,refactor|,Qt Designer: Refactor loading of the Edit menu theme icons.,Qt Designer: Refactor loading of the Edit menu theme icons.  Move icon loading up to where the actions are created.  Task-number: QTBUG-43021 Task-number: QTCREATORBUG-15199 Change-Id: I14177c6a8b2c7c0963f576b492ca7de3a48684d5
87889,qt-labs%2Fqt3d-editor~master~I0c720d7a41a264734bfbdbd40b6a971ca022e6de,https://codereview.qt-project.org/153389,3,3,0,0,96,269,2,6,62.035,386,refactoring/,refactor|,refactoring/,refactor|,Refactor light delegates,"Refactor light delegates  Reduce copy-pasted code by inheriting BasicLightDelegate in other light delegates.  Now lights also remember non-shared properties between light type changes, making it bit more convenient to try different light types. Non-shared properties for non-selected type are forgotten when selected entity changes.  Change-Id: I0c720d7a41a264734bfbdbd40b6a971ca022e6de"
87891,qt-labs%2Fqt3d-editor~master~I179e74a228e267fb54be2a6e4f098f187c37fcfd,https://codereview.qt-project.org/153349,3,5,1,0,271,159,3,2,63.9855555555556,97,refactoring/,refactor|,refactoring/,refactor|,Refactor visible camera and light enablings,Refactor visible camera and light enablings  Change-Id: I179e74a228e267fb54be2a6e4f098f187c37fcfd
88078,qt-creator%2Fqt-creator~4.0~I51c533726f4e55a2b84a3415c1eca476f4c785ce,https://codereview.qt-project.org/151339,4,17,1,0,543,291,8,6,323.450833333333,217,refactoring/,refactor|,refactoring/,refactor|,QmlDesigner: refactor textedititem,WIP: QmlDesigner: refactor textedititem   - deconnect QGraphicsItem code from QmlDesigner nodes code    to be able to test the lineedit as a standalone class later  Change-Id: I51c533726f4e55a2b84a3415c1eca476f4c785ce
88111,qt-creator%2Fqt-creator~4.0~Ia9ee772b8538370d3cb9378ddaf6e30f32dfaebc,https://codereview.qt-project.org/152421,5,11,3,0,309,45,4,1,34.905,111,refactoring/,refactor|,refactoring/,refactor|,Refactor FolderNavigationWidget to use core functionality,Refactor FolderNavigationWidget to use core functionality  Change-Id: Ia9ee772b8538370d3cb9378ddaf6e30f32dfaebc
88486,qt%2Fqtquickcontrols2~5.7~Ib24b314ff3ebea0912e2bbc50912b1fad148d23a,https://codereview.qt-project.org/151792,3,16,0,0,5094,430,4,2,33.2355555555556,181,refactoring/,refactor|,refactoring/,refactor|,Refactor tst_activeFocusOnTab,Refactor tst_activeFocusOnTab  Use data-driven tests to have less repeat and to make it easier to add new controls to the list.  Change-Id: Ib24b314ff3ebea0912e2bbc50912b1fad148d23a
88554,qt%2Fqtotaupdate~master~Id5dd61e76cea58d2ef8b33e1142c35945433dba1,https://codereview.qt-project.org/151898,2,3,0,0,96,35,2,1,1.60416666666667,82,refactoring/,refactor|,refactoring/,refactor|,Refactor organize_boot_files,Refactor organize_boot_files  Change-Id: Id5dd61e76cea58d2ef8b33e1142c35945433dba1
89385,qt-creator%2Fqt-creator~master~Ic4d8cbe451f028c7a3677570242cff9a2e362384,https://codereview.qt-project.org/125892,7,23,23,0,1171,158,6,2,3973.17055555556,181,refactoring/,refactor|,refactoring/,refactor|,Beautifier: Refactor formatting API,Beautifier: Refactor formatting API  Break former monolithic methods into modular ones and re-introduce synchronous formatting.  Change-Id: Ic4d8cbe451f028c7a3677570242cff9a2e362384
89476,qt%2Fqtbase~5.6~Iead75f8297923fd13efcfc7987f76262777d074b,https://codereview.qt-project.org/150079,7,39,0,0,84894,47,2,1,90.6694444444445,212,refactoring/,refactor|,refactoring/,refactor|,Windows Accessibility: Refactor code creating COM arrays.,Windows Accessibility: Refactor code creating COM arrays.  Introduce a convenience function for allocating arrays and use algorithms.  Task-number: QTBUG-50804 Change-Id: Iead75f8297923fd13efcfc7987f76262777d074b
90286,qt%2Fqtdeclarative~5.6~I785f777e761aba369014d1e4ad8020066f35fbe0,https://codereview.qt-project.org/148008,5,9,0,0,16520,29,2,1,265.516944444444,131,refactoring/,refactor|,refactoring/,refactor|,QQuickGridView: Refactor FxViewItem releasing code,QQuickGridView: Refactor FxViewItem releasing code  Same as 51443673dce131f2.  Change-Id: I785f777e761aba369014d1e4ad8020066f35fbe0
90525,qt%2Fqtlocation~dev~I6a906df405f212436cdd35ac76f95b559e6b7aae,https://codereview.qt-project.org/120661,6,26,2,0,2532,221,10,7,5307.20388888889,419,refactoring/,refactor|,refactoring/,refactor|,Refactor prefetching tiles,"Refactor prefetching tiles  Current implmnetaiton uses same QGeoCameraTiles object to caclculate vibile tiles and tiles which should be prefetched. This is semi optimal since frustum insersection algorithm uses bunch of different paramters.  Simplify the logic and use separate objects, this way values in both cases are cached and calucation is done when required.  Change-Id: I6a906df405f212436cdd35ac76f95b559e6b7aae"
91631,qt%2Fqtbase~5.6~Icb4e95887e92e8fe8f172329cc383f9e868874a4,https://codereview.qt-project.org/147050,5,16,0,0,29320,10,2,1,171.597777777778,144,refactoring/,refactor|,refactoring/,refactor|,Refactor one QDateTimeParser::sectionText() via the other.,Refactor one QDateTimeParser::sectionText() via the other.  Avoid duplicated code thereby.  Change-Id: Icb4e95887e92e8fe8f172329cc383f9e868874a4
91720,qt%2Fqtbase~5.6~I9d80e83d1ca7af3ea8d3ac2c720ee981b1b2c32a,https://codereview.qt-project.org/147372,7,22,0,0,19157,259,3,1,59.4077777777778,551,refactoring/,refactor|,refactoring/,refactor|,Refactor QStandardPaths for Desktop Windows.,"Refactor QStandardPaths for Desktop Windows.  Replace the large switch in QStandardPaths::writableLocation() by a function mapping QStandardPaths::StandardLocation to the int clsid required by SHGetSpecialFolderPath(). Warn if SHGetSpecialFolderPath() fails for config location and append prefixes (cache/application name/organization) only on success.  Change the logic in QStandardPaths::standardLocations() to append the writable location first, avoiding the prepend().  Task-number: QTBUG-50570 Change-Id: I9d80e83d1ca7af3ea8d3ac2c720ee981b1b2c32a"
92207,qt%2Fqtquickcontrols2~5.6~I3e7933562464c5c852e4ba4bc37d9ac25691c714,https://codereview.qt-project.org/147006,3,18,3,0,7396,994,6,14,4.95138888888889,356,refactoring/,refactor|,refactoring/,refactor|,Refactor Popup,"Refactor Popup  Added relevant properties to make it almost like a Control: x, y, width, height, padding, background... This change makes popup use an internal item where the style/user-supplied contentItem and background are re-parented. This way we can provide a default style (background) for Popup.  Change-Id: I3e7933562464c5c852e4ba4bc37d9ac25691c714"
92633,qt%2Fqt3d~dev~I5895e3bcaf65fb7524e6adb10bca1f8c6fdb6c44,https://codereview.qt-project.org/146467,3,9,0,0,9420,1690,2,12,6.98944444444444,139,refactoring/,refactor|,refactoring/,refactor|,Refactor the scene3d classes into one class per pair of files,Refactor the scene3d classes into one class per pair of files  No functional changes.  Change-Id: I5895e3bcaf65fb7524e6adb10bca1f8c6fdb6c44
93793,qt%2Fqtremoteobjects~master~I0c8b4a5cfd1f3874ecac384f3c5fbb2fa8e35f49,https://codereview.qt-project.org/144767,8,10,3,0,1020,28,3,3,76.4655555555556,123,refactoring/,refactor|,refactoring/,refactor|,Refactor to remove extra friend class,Refactor to remove extra friend class  Also cleans up the logic a bit  Change-Id: I0c8b4a5cfd1f3874ecac384f3c5fbb2fa8e35f49
93917,qt%2Fqtbase~dev~I43466921af59521d1faf00b75fe943508418abb3,https://codereview.qt-project.org/140049,7,23,11,0,1592,125,4,1,1130.03,731,refactoring/,refactor|,refactoring/,refactor|,Refactor tst_QGraphicsWidget::setTabOrderAndReparent().,"Refactor tst_QGraphicsWidget::setTabOrderAndReparent().  The test produces compiler warnings in release builds:  tst_qgraphicswidget.cpp: In member function 'void tst_QGraphicsWidget::setTabOrderAndReparent()': tst_qgraphicswidget.cpp:1521:89: warning: 'w2' may be used uninitialized in this function [-Wmaybe-uninitialized] tst_qgraphicswidget.cpp:1536:88: warning: 'w1' may be used uninitialized in this function [-Wmaybe-uninitialized]  Use arrays instead of the variables w1,2... and rewrite the helper function compareFocusChain() to work on iterators allowing to remove some temporary lists. Also return error messages in a QByteArray ready for the Q[TRY_]VERIFY2 macros.  Change-Id: I43466921af59521d1faf00b75fe943508418abb3"
93926,qt%2Fqtactiveqt~5.6~I138ec010cde6c97867994c1a4f4f75a460a4061d,https://codereview.qt-project.org/144562,4,4,0,0,729,24,2,1,1.83111111111111,183,refactoring/,refactor|,refactoring/,refactor|,testcon: Refactor registering script languages.,testcon: Refactor registering script languages.  Use a struct and log a warning when registration fails.  Task-number: QTBUG-49712 Change-Id: I138ec010cde6c97867994c1a4f4f75a460a4061d
94705,qt%2Fqtlocation~5.6~Ic62beddff6d8542264a44ca3927ba7b692682c63,https://codereview.qt-project.org/142977,6,20,9,0,1751,370,4,5,137.661111111111,548,refactoring/,refactor|,refactoring/,refactor|,WinRT: Refactor backend,"WinRT: Refactor backend  - Move members into private class to clean up the public backend. - Beware of the Xaml changes and switch thread where required. - Add updateSynchronized() slot to be able to start/stop timers properly. onPositionChanged is invoked from another thread, actually one not being created by QThread. Hence other singleShot mechanisms do not work either. - Rename classnames to properly spell WinRT. - Register QGeoPositionInfo to the metatype system like on other backends.  Change-Id: Ic62beddff6d8542264a44ca3927ba7b692682c63"
95223,qt%2Fqtdeclarative~5.6~Id13e982ff3286ec6f369c3d5898de3da3314579d,https://codereview.qt-project.org/142103,5,18,2,0,50484,30,3,1,143.340555555556,104,refactoring/,refactor|,refactoring/,refactor|,QQuickListView: Refactor FxViewItem releasing code,QQuickListView: Refactor FxViewItem releasing code  Change-Id: Id13e982ff3286ec6f369c3d5898de3da3314579d
95453,qt%2Fqtbase~dev~I49581e3038daa7626b00169430b72d3d5175eae7,https://codereview.qt-project.org/115157,7,11,9,0,1323,109,3,2,3772.90444444444,395,refactoring/,refactor|,refactoring/,refactor|,QDebug: refactor streaming of sequential containers and add suppoprt for STL types,"QDebug: refactor streaming of sequential containers and add suppoprt for STL types  What triggered this change was the use of QVector::toList() in op<<(QDebug, QVector).  Only added support for STL types of which we already include the headers.  [ChangeLog][QtCore][QDebug] Can now output std::vector, std::list, std::map, and std::multimap.  Change-Id: I49581e3038daa7626b00169430b72d3d5175eae7"
95664,qt%2Fqtivi~master~I041f36d8b3d61e15b4f5884d376fdb5f43d8a1a9,https://codereview.qt-project.org/141363,5,32,99,0,1031,2199,11,15,166.950555555556,186,refactoring/,refactor|,refactoring/,refactor|,Refactor QtIVI to use new architecture,Refactor QtIVI to use new architecture  Added base class QtIVIVehicleFeature to provide recursive zone access.  Change-Id: I041f36d8b3d61e15b4f5884d376fdb5f43d8a1a9 Task-number: QTAUTO-7
95976,qt%2Fqtbase~5.6~I5393d64bd70f7dab68c0a8c2255c7685ac367b2f,https://codereview.qt-project.org/141434,8,7,0,0,5684,289,2,5,31.2827777777778,1226,refactoring/,refactor|,refactoring/,refactor|,Windows: Refactor cursor handling.,"Windows: Refactor cursor handling.  Applying scaling to the pixmaps used in pixmap cursors requires applying a scale factor in a code path now in a constructor of QWindowsWindowCursorData (nested into QWindowsWindowCursor). This needs to be split and the code paths for cursors created from a Qt::CursorShape value and pixmap cursors need to be further separated.  Replace the QSharedDataPointer-based QWindowsWindowCursor class by a simple, non-copyable class CursorHandle managing the HCURSOR handle and pass it around using a QSharedPointer. Split the cache in QWindowsCursor into one based on Qt::CursorShape and one based on the cache key aggregated from the pixmap cache keys (using QWindowsPixmapCursorCacheKey renamed from QWindowsCursorCacheKey), simplifying the standard case based on Qt::CursorShape.  Reuse class CursorHandle in QWindowsOleDropSource::CursorEntryCursorEntry, which used a similar class.  Remove QWindowsCursor::createSystemCursor().  Avoid the construction of temporary QCursor objects for the standard cursors constructed from using resource pixmaps by introducing a struct PixmapCursor containing pixmap and hotspot.  Task-number: QTBUG-49511 Change-Id: I5393d64bd70f7dab68c0a8c2255c7685ac367b2f"
96454,qt%2Fqtbase~dev~I110b68fedc67b01f76796c44fa55383b2cc03460,https://codereview.qt-project.org/351911,6,28,2,1,37408,104,4,3,54.6091666666667,230,refactoring/,refactor|,refactoring/,refactor|,Refactor createSymbolicLink() and createNtfsJunction(),Refactor createSymbolicLink() and createNtfsJunction()  Both functions now return a result object. Eliminates the need to pass the errorMessage out-parameter. Adapt auto-tests.  Change-Id: I110b68fedc67b01f76796c44fa55383b2cc03460
96559,qt-labs%2Fvstools~dev~I7a16e8d1be2944ee3d63b8922c8ae4e5c57ae9e5,https://codereview.qt-project.org/349074,5,8,0,0,295,31,4,1,501.324444444444,264,refactoring/,refactor|,refactoring/,refactor|,Refactor Concurrent class,Refactor Concurrent class  The following changes were made to the Concurrent class:  * Class visibility is now public  * New static function ThreadSafeInit allows thread-safe lazy  initialization of properties.  Change-Id: I7a16e8d1be2944ee3d63b8922c8ae4e5c57ae9e5
97614,qt%2Fqtquickcontrols2~5.6~I96aaf4d204db368171209271a4a0fa2ff15cc323,https://codereview.qt-project.org/140111,4,16,1,0,5365,198,7,7,154.905277777778,113,refactoring/,refactor|,refactoring/,refactor|,Refactor press and hold tests,WIP: Refactor press and hold tests  Change-Id: I96aaf4d204db368171209271a4a0fa2ff15cc323 Task-number: QTBUG-47963
97955,qt%2Fqtbase~dev~I35b957029c965672739d03cd2db3e87f5bd0acdf,https://codereview.qt-project.org/139679,6,8,0,0,1000,126,3,11,51.6205555555556,201,refactoring/,refactor|,refactoring/,refactor|,iOS: refactor removeMnemonics(const QString &) to QPlatformTheme,"iOS: refactor removeMnemonics(const QString &) to QPlatformTheme  This function is needed across several OS', so refactor it out to a common place.  Change-Id: I35b957029c965672739d03cd2db3e87f5bd0acdf"
98451,qt%2Fqtvirtualkeyboard~master~I72b17b744e07f5a94bb5ba99f3632d7f67b307ae,https://codereview.qt-project.org/138900,3,7,0,0,361,34,3,16,43.6075,221,refactoring/,refactor|,refactoring/,refactor|,Refactor resource paths,Refactor resource paths  This change modifies the internal resource paths and makes them unique in the global context to avoid conflict with the application namespace.  Change-Id: I72b17b744e07f5a94bb5ba99f3632d7f67b307ae
98452,qt%2Fqtvirtualkeyboard~master~Ide050d47110443d894d95d35dddf0df5891587be,https://codereview.qt-project.org/138878,6,12,0,0,390,1950,6,45,46.0438888888889,554,refactoring/,refactor|,refactoring/,refactor|,Refactor class names,"Refactor class names  Since the virtual keyboard C++ interface is wrapped inside a namespace, it is possible to get rid of ""Declarative"" name in the class names, that would otherwise conflict with the QML namespace in the documentation.  - Rename DeclarativeSettings to VirtualKeyboardSettings - Remove ""Declarative"" from class names  The rationale for this change is that the name Declarative refers to now obsolete QtQuick1 module. Also, the class names are now the same in C++ and QML name spaces.  Change-Id: Ide050d47110443d894d95d35dddf0df5891587be"
98533,qt-creator%2Fqt-creator~3.6~Ie74e7cffb2b014a6132cc8559db232397344f2f1,https://codereview.qt-project.org/127832,5,31,64,0,1175,154,9,2,284.203611111111,209,refactoring/,refactor|,refactoring/,refactor|,ToolChainManager: Refactor toolchain restoration,"ToolChainManager: Refactor and fix toolchain restoration  This should be simpler to follow now. It also fixes auto-detected toolchains from ""going manual"".  Change-Id: Ie74e7cffb2b014a6132cc8559db232397344f2f1"
99096,qt-creator%2Fqt-creator~3.6~Ic9ae797646f159ed45959fc797990aa98f2136fb,https://codereview.qt-project.org/127178,3,12,30,0,566,358,5,5,238.773611111111,620,refactoring/,refactor|,refactoring/,refactor|,iOS: Refactor iOS tool chain and kit auto detection,"WIP: iOS: Refactor iOS tool chain and kit auto detection  It was all done in one huge, unreadable method. The refactoring along-side fixes the following:  - iOS tool chains were demoted to manual at start up because there   was no tool chain factory that would auto detect them - a QTC_CHECK failed because single Qt Versions could appear multiple   times in the architecture->Qt version map, because each architecture   is present in two abis (32-bit and 64-bit)  The refactoring also removes unneeded automatic conversion from non-iOS Qt version to iOS Qt version.  Change-Id: Ic9ae797646f159ed45959fc797990aa98f2136fb"
99576,qt-creator%2Fqt-creator~3.6~I843bf505fa6e33661fc840a1fd2ec13ceb210037,https://codereview.qt-project.org/127346,5,12,2,0,331,32,5,5,22.3575,151,refactoring/,refactor|,refactoring/,refactor|,FancyLineEdit: Refactor class,FancyLineEdit: Refactor class  Rename the code that evaluates the text and make it a public slot.  Change-Id: I843bf505fa6e33661fc840a1fd2ec13ceb210037
99840,qt%2Fqtserialport~qt4-dev~I5976485286db4097514ea7b3a8adfc9a6a7cea4f,https://codereview.qt-project.org/127109,2,3,0,0,96,74,2,1,0.00638888888888889,1145,refactoring/,refactor|,refactoring/,refactor|,Refactor QSPI code on Windows,"Refactor QSPI code on Windows  Current approach with passing of the array's data pointer to a Win API functions when the array is empty has potential danger. Because the data pointer is invalid, and if a Win API function tries to get access to this pointer then this can cause a crash or an UB. Still this does not happens, but nobody guarantees that this will be same in future.  It is better to pre-allocate the array with some size (e.g. with the MAX_PATH size). In this case we can pass the data pointer without any problem.  Besides, the Win API functions will return result with the first pass if the array size is sufficient; otherwise it returns ERROR_MORE_DATA error code and we can re-allocate the array with required size and to return a result in the second pass.  We re-allocate the array with size more than required on some bytes with filling of the array with zeros. This allows us to convert it using QString::fromWCharArray() without specifying a size, and to remove the toStringAndTrimNullCharacter() function.  (cherry-picked from 96b9590dbeb20e000d9d9308bee2162b1101a7e0) Change-Id: I5976485286db4097514ea7b3a8adfc9a6a7cea4f"
99844,qt%2Fqtserialport~5.6~I5976485286db4097514ea7b3a8adfc9a6a7cea4f,https://codereview.qt-project.org/126992,4,23,17,0,928,58,7,1,101.173888888889,1140,refactoring/,refactor|,refactoring/,refactor|,Refactor QSPI code on Windows,"Refactor QSPI code on Windows  Current approach with passing of the QByteArray::data() to a Win API functions when the QByteArray is empty has potential danger. Because the data() pointer is invalid, and if a Win API function tries to get access to this pointer then this can cause a crash or UB. Still this does not happens, but nobody guarantees that this will be same in future.  It is better to pre-allocate the QByteArray with some size (e.g. with MAX_PATH size). In this case we can pass QByteArray::data() pointer without any problem. Besides, the Win API functions will return result with the first pass if the QByteArray size is sufficient; otherwise it returns ERROR_MORE_DATA error code and we can re-allocate the QByteArray with required size and to return a result in the second pass.  Besides, we re-allocate the QByteArray with a size more than required on on wchar_t (+2 bytes) with filling of the QByteArray with zeros. This allows to us convert it using QString::fromWCharArray() without specifying of a size, and to remove the toStringAndTrimNullCharacter() function.  Change-Id: I5976485286db4097514ea7b3a8adfc9a6a7cea4f"
100059,qt%2Fqtquickcontrols~5.5~Ic97a7bf9c4ac8ff07f98bdd4a420e19bd228a6f1,https://codereview.qt-project.org/126440,4,12,0,0,359,81,6,1,163.733611111111,290,refactoring/,refactor|,refactoring/,refactor|,MenuBar: Refactor logic for setting the current menu,"MenuBar: Refactor logic for setting the current menu  Among other things, we removed one connection object per menu delegate. We also made the logic more predictable and less dependent on property changes order.  Task-number: QTBUG-48382 Change-Id: Ic97a7bf9c4ac8ff07f98bdd4a420e19bd228a6f1"
100177,qt-creator%2Fqt-creator~master~Id2c312bc897ea41ed67292b56b24dcfb7975ff4a,https://codereview.qt-project.org/125048,3,17,11,0,882,654,7,7,619.585833333333,79,refactoring/,refactor|,refactoring/,refactor|,Clang: Refactor handling of diagnostics,WIP: refactor diagnostics  Change-Id: Id2c312bc897ea41ed67292b56b24dcfb7975ff4a
100469,qt-creator%2Fqt-creator~master~Ie0c2185d83d3b8344c2f88467236c1eac3b07a6b,https://codereview.qt-project.org/126181,3,8,0,0,220,27,4,2,50.0066666666667,99,refactoring/,refactor|,refactoring/,refactor|,Clang: Refactor icon setting in ClangTextMark,Clang: Refactor icon setting in ClangTextMark  Change-Id: Ie0c2185d83d3b8344c2f88467236c1eac3b07a6b
100713,qt-creator%2Fqt-creator~master~If14ee4840040ce088340990d6291cfd0bbd47771,https://codereview.qt-project.org/122818,3,15,0,0,444,12,8,1,1057.73694444444,100,refactoring/,refactor|,refactoring/,refactor|,use Constants values and refactor a little bit,use Constants values and refactor a little bit  Change-Id: If14ee4840040ce088340990d6291cfd0bbd47771
100940,qt%2Fqtdeclarative~5.6~Ib6528220063248e09f7c19594233b7cd5940e0a8,https://codereview.qt-project.org/125762,3,9,1,0,1356,191,2,2,3.04666666666667,313,refactoring/,refactor|,refactoring/,refactor|,Refactor TestHTTPServer.,"Refactor TestHTTPServer.  - Prefix member variables by m_. - Coding style fixes, wrap line long lines and statements. - Compile with QT_NO_CAST_TO_ASCII QT_NO_CAST_FROM_ASCII. - Introducde Qt 5 connection syntax. - Streamline code. - Use iterators for hashes.  Change-Id: Ib6528220063248e09f7c19594233b7cd5940e0a8"
101330,qt%2Fqtdeclarative~5.6~I5e538ac840b5a46ccb14ff71684404d947948324,https://codereview.qt-project.org/123428,3,33,1,0,45734,72,7,7,619.506944444445,472,refactoring/,refactor|,refactoring/,refactor|,Refactor the way we declare signal parameter names,"Refactor the way we declare signal parameter names  Qml Connection objects where using an awkward way to make the parameter names of signals available to the signal handler. This now uses an approach that is equivalent to what we do with other functions.  The main difference is that we can't know the parameter names at type compile time, so we have to rewrite the internal class of the QV4::Function at connect time.  Change-Id: I5e538ac840b5a46ccb14ff71684404d947948324"
101344,qt%2Fqtserialport~qt4-dev~I1c60a373b60198d9aa9cefc329c0817981232de8,https://codereview.qt-project.org/125370,2,3,0,0,96,76,2,1,0.0233333333333333,477,refactoring/,refactor|,refactoring/,refactor|,Refactor functionality of the loopBack test,"Refactor functionality of the loopBack test  Testing of a single port with connected Tx and Rx pins doesn't make sense since:  * It is necessary existence of a real physical port.  * It is impossible to set different speed for transmission   and reception (in common case).  Now the new test is deprived of these problems, it can reveal real mismatch of speeds.  (cherry-picked from e07a665edef5a238e3f1b948bc3f5e3e244f2ab2) Change-Id: I1c60a373b60198d9aa9cefc329c0817981232de8"
101347,qt%2Fqtserialport~5.6~I1c60a373b60198d9aa9cefc329c0817981232de8,https://codereview.qt-project.org/125306,3,13,3,0,645,78,4,1,9.26472222222222,415,refactoring/,refactor|,refactoring/,refactor|,Refactor functionality of the loopBack test,"Refactor functionality of the loopBack test  Testing of a single port with connected Tx and Rx pins doesn't make sense since:  * It is necessary existence of a real physical port.  * It is impossible to set different speed for transmission   and reception (in common case).  Now the new test is deprived of these problems, it can reveal real mismatch of speeds.  Change-Id: I1c60a373b60198d9aa9cefc329c0817981232de8"
101398,qt%2Fqtserialport~qt4-dev~I4320c2e29ad42a394e07753cbaea804d0faf6b78,https://codereview.qt-project.org/125271,2,5,1,0,220,224,3,3,0.095,631,refactoring/,refactor|,refactoring/,refactor|,Refactor the speed configuration for *nix,"Refactor the speed configuration for *nix  The internal implementation of this is a little tangled. It is reasonable to simplify it:  1. Remove the setBaudRate_helper() method, as it is equivalent to    setStandardBaudRate() method.  2. Now the setStandardBaudRate() and the setCustomBaudRate() are    self-sufficient methods (can setup a speed and an error codes    internally) and return a boolean values.  Also added the ""loopback"" test for check of different speeds.  Tested with the on-board and the USB serial ports.  Change-Id: I4320c2e29ad42a394e07753cbaea804d0faf6b78 Reviewed-by: Denis Shienkov <denis.shienkov@gmail.com>"
101433,qt%2Fqtserialport~5.6~I4320c2e29ad42a394e07753cbaea804d0faf6b78,https://codereview.qt-project.org/125159,3,21,5,0,1269,163,7,3,54.4980555555556,715,refactoring/,refactor|,refactoring/,refactor|,Refactor the speed configuration for *nix,"WIP Refactor the setBaudRate() method on Linux  The internal implementation of this method is a little tangled (at least in *nix). It is reasonable to simplify it:  1. Removed the setBaudRate_helper() method, since it is equivalent to setStandardBaudRate() method.  2. Added the clearCustomBaudRate() method, which is implemented for Linux only (on other platforms we not need it).  3. Now the setStandardBaudRate() and the setCustomBaudRate() are self- sufficient methods (can setup a speed and an error codes internally) and return a boolean values.  4. The code of validation of incorrect baud rate value is moved to QSP::setBaudRate().  Bla bla ... continue  Change-Id: I4320c2e29ad42a394e07753cbaea804d0faf6b78"
101870,qt%2Fqt3d~5.6~I7fcce7d69eeb0397041a8e62c31ecfb9cbb4b51a,https://codereview.qt-project.org/124663,3,4,0,0,1201,1019,2,5,42.8319444444445,141,refactoring/,refactor|,refactoring/,refactor|,Refactor QCylinderGeometry into a public class,Refactor QCylinderGeometry into a public class  Use in implementation of QCylinderMesh.  Change-Id: I7fcce7d69eeb0397041a8e62c31ecfb9cbb4b51a
102515,qt%2Fqtbase~6.1~I0ea28c8ba4da0bfc1e341c6b4c1f61fecfec87a6,https://codereview.qt-project.org/334131,3,6,0,0,992,123,2,1,2.80972222222222,400,refactoring/,refactor|,refactoring/,refactor|,Refactor duplicate code for clearing JNI exceptions before returning,Refactor duplicate code for clearing JNI exceptions before returning  Add a private function to handle checking/clearing and deleting the local reference to jobject before returning a QJniObject.  Task-number: QTBUG-89633 Change-Id: I0ea28c8ba4da0bfc1e341c6b4c1f61fecfec87a6 Reviewed-by: Ville Voutilainen <ville.voutilainen@qt.io> (cherry picked from commit c7bcc51e2c196e5cc3def89137ca31b4a9d29157)
102523,qt%2Fqtbase~dev~I0ea28c8ba4da0bfc1e341c6b4c1f61fecfec87a6,https://codereview.qt-project.org/332750,4,17,0,0,3865,125,5,1,175.776666666667,284,refactoring/,refactor|,refactoring/,refactor|,Refactor duplicate code for clearing JNI exceptions before returning,Refactor duplicate code for clearing JNI exceptions before returning  Add a private function to handle checking/clearing and deleting local reference for jobject before retruning a QJniObject.  Task-number: QTBUG-89633 Pick-to: 6.1 Change-Id: I0ea28c8ba4da0bfc1e341c6b4c1f61fecfec87a6
102799,qt%2Fqtlocation~dev~I8d89dff15d92e6643cf405700db73dc636d38b77,https://codereview.qt-project.org/332954,3,13,0,0,32162,116,3,3,116.398333333333,651,refactoring/,refactor|,refactoring/,refactor|,QtPositioning: refactor QGeoAreaMonitorInfo,"QtPositioning: refactor QGeoAreaMonitorInfo  The following changes were implemented for the class: - Use QExplicitlySharedDataPointer for private d-ptr instead of   QSharedDataPointer, so that we can have more control over the sharing   behavior. - Implement move-constructor and move-assignment operator.   The moved-from object is left in partially-formed state. Such   behavior is documented. - Use Q_DECLARE_SHARED to declare the typeinfo as Q_RELOCATABLE_TYPE   and provide a free swap() overload. - Provide a qHash() overload. - Provide a QTest::toString() overload.  Task-number: QTBUG-90491 Change-Id: I8d89dff15d92e6643cf405700db73dc636d38b77"
103105,qt%2Fqtmultimedia~5.5~I6b281c9b2d02cf223e66e04e31fdd0268aa277fc,https://codereview.qt-project.org/112003,3,6,0,0,194,246,3,5,2487.88722222222,107,refactoring/,refactor|,refactoring/,refactor|,Android: minor refactor of the camera frame callback.,Android: minor refactor of the camera frame callback.  Change-Id: I6b281c9b2d02cf223e66e04e31fdd0268aa277fc
103153,qt%2Fqtcanvas3d~5.6~Ie82a7551faf885fce65912916f2e1efa242794ec,https://codereview.qt-project.org/123346,4,16,0,0,68087,1017,4,3,141.113333333333,156,refactoring/,refactor|,refactoring/,refactor|,Refactor Context3D code.,Refactor Context3D code.  Significantly reduced copy/pasted code from uniform and attribute functions.  Change-Id: Ie82a7551faf885fce65912916f2e1efa242794ec
103376,qt%2Fqtbase~dev~I285c6dea657c5dab2fda2b1bd8e8e5dd15882c72,https://codereview.qt-project.org/122756,6,52,4,0,84363,939,14,10,205.848333333333,1420,refactoring/,refactor|,refactoring/,refactor|,winrt: Refactor platform plugin for XAML support,"winrt: Refactor platform plugin for XAML support  By using XAML as the platform compositor, many benefits are possible:  - Better input context handling for tablets  - Better multiple window support (including non-fullscreen windows)  - Support for transparent windows and window opacity  - Integration with native platform controls  - Simpler orientation handling  This patch applies only the minimal parts to make XAML mode work just as the raw D3D mode. It does this by:  - Moving all OpenGL parts into QWinRTEGLContext. This will allow us to    have non-OpenGL windows later (e.g. Direct2D raster surfaces).  - Moving more window-specific parts into QWinRTWindow. Each window creates    a SwapChainPanel which can then be used for ANGLE (or Direct2D) content.  - Moving non screen-specific parts into QWinRTIntegration.  - Having QWinRTScreen create the base XAML element Canvas.  The following code parts were removed:  - The UIAutomationCore code in QWinRTInputContext, as this is incompatible    with XAML automation.  - The D3D Trim and device blacklist, as these have been fixed in ANGLE.  Future commits should address:  - Maintaining the window stack list and visibility using the XAML Canvas.  - Allowing for windows (e.g. popups) to be sized and positioned instead    of fullscreen.  - Using the XAML automation API to improve the plaform input context.  Change-Id: I285c6dea657c5dab2fda2b1bd8e8e5dd15882c72"
103435,qtsdk%2Fqtsdk~refactor~Ib79d7e5778e6a5e672be37fbd84676da02af7e21,https://codereview.qt-project.org/123256,5,7,3,0,378,373,2,29,19.1263888888889,2091,refactoring/,refactor|,refactoring/,refactor|,Merge branch 'master' into refactor,Merge branch 'master' into refactor  Conflicts: 	packaging-tools/build_wrapper.py 	packaging-tools/configurations/all-os/qtwebview-src-doc-examples-conf-11 	packaging-tools/configurations/linux/config.xml.template.linux.qt5 	packaging-tools/configurations/linux/x64/x86_64-tools-qtcreator-qt54x-conf 	packaging-tools/configurations/linux/x86/x86-tools-qtcreator-qt54x-conf 	packaging-tools/configurations/mac/x64/x86_64-tools-qtcreator-qt54x-conf 	packaging-tools/configurations/offline_installer_jobs/5.4/linux_x64_android 	packaging-tools/configurations/offline_installer_jobs/5.4/linux_x86 	packaging-tools/configurations/offline_installer_jobs/5.4/linux_x86_android 	packaging-tools/configurations/offline_installer_jobs/5.4/mac_x64 	packaging-tools/configurations/offline_installer_jobs/5.4/mac_x64_android 	packaging-tools/configurations/offline_installer_jobs/5.4/mac_x64_android_ios 	packaging-tools/configurations/offline_installer_jobs/5.4/mac_x64_ios 	packaging-tools/configurations/offline_installer_jobs/5.4/win_x64_msvc2013 	packaging-tools/configurations/offline_installer_jobs/5.4/win_x64_msvc2013_opengl 	packaging-tools/configurations/offline_installer_jobs/5.4/win_x64_winrt 	packaging-tools/configurations/offline_installer_jobs/5.4/win_x86_mingw491 	packaging-tools/configurations/offline_installer_jobs/5.4/win_x86_mingw491_android 	packaging-tools/configurations/offline_installer_jobs/5.4/win_x86_mingw491_qnx6 	packaging-tools/configurations/offline_installer_jobs/5.4/win_x86_msvc2010_opengl 	packaging-tools/configurations/offline_installer_jobs/5.4/win_x86_msvc2012_opengl 	packaging-tools/configurations/offline_installer_jobs/5.4/win_x86_msvc2013 	packaging-tools/configurations/offline_installer_jobs/5.4/win_x86_msvc2013_opengl 	packaging-tools/configurations/pkg_templates/pkg_tools/qt.tools.maintenance/meta/package.xml 	packaging-tools/configurations/windows/config.xml.template.windows.qt5 	packaging-tools/configurations/windows/x86/x86-tools-qtcreator-qt54x-conf 	packaging-tools/releases/release-54  Change-Id: Ib79d7e5778e6a5e672be37fbd84676da02af7e21
103539,qbs%2Fqbs~master~I221d296e375c881872898a96afff3dfc9f1a9a63,https://codereview.qt-project.org/122996,3,9,4,0,544,1105,3,10,92.4325,779,refactoring/,refactor|,refactoring/,refactor|,Refactor ItemReaderASTVisitor.,"Refactor ItemReaderASTVisitor.  - Move imports handling to dedicated class ASTImportsHandler,   since it has a reasonably large amount of code that interacts   very little with the rest of the class. - Move Properties item handling to dedicated class ASTPropertiesItemHandler   for the same reason as above. - Pass in a FileContext, replacing three other parameters. - Remove the empty destructor. - Remove the declaration of an unimplemented member function. - Make the visit() functions private and mark them as overridden. - Rename visitStatement() to better reflect its purpose. - Implementation details:     - Use auto where it makes sense.     - Access private Item state only where it is necessary.     - Coding style.  Change-Id: I221d296e375c881872898a96afff3dfc9f1a9a63"
103579,qt%2Fqtquickcontrols2~dev~Iba14928bdbdc7f01f7ccc7bd55181ec989188ce2,https://codereview.qt-project.org/123101,2,8,0,0,511,139,4,3,1.4825,81,refactoring/,refactor|,refactoring/,refactor|,GifRecorder: refactor code.,GifRecorder: refactor code.  Change-Id: Iba14928bdbdc7f01f7ccc7bd55181ec989188ce2
103942,qt%2Fqtbase~dev~I9a40ad72ad9d7550b609e7f50fade1049dfa3ac1,https://codereview.qt-project.org/114544,4,13,3,0,1172,354,4,5,1156.71611111111,293,refactoring/,refactor|,refactoring/,refactor|,iOS: Refactor default_post logic into more appropriate units,iOS: Refactor default_post logic into more appropriate units  The logic was lumped together in one big file. Now that things are more stable and the logic has proven to work over time we can split it out into the more appropriate sub-prfs.  Change-Id: I9a40ad72ad9d7550b609e7f50fade1049dfa3ac1
103945,qt%2Fqtbase~dev~I66851f181ac4da2c8938645e0aa95ffa0fee33c7,https://codereview.qt-project.org/114545,4,16,34,0,1566,245,5,5,1156.71583333333,483,refactoring/,refactor|,refactoring/,refactor|,iOS: Refactor xcodebuild exclusive build logic into standalone makefile,"iOS: Refactor xcodebuild exclusive build logic into standalone makefile  Instead of going to qmake to generate the makefile that we want, we write the makefile directly and include it from the generated makefile. This leaves us with a single top level makefile for handling exclusive builds through xcodebuild, and covers all the various build configurations in a unified manner. It also allows for improved test device handling.  Change-Id: I66851f181ac4da2c8938645e0aa95ffa0fee33c7"
104176,qt%2Fqtbase~dev~I4a2a0ce09fce2580f02d678e2f80b1dba74bac9d,https://codereview.qt-project.org/95533,8,73,90,0,14289,205,11,2,7432.01944444444,1091,refactoring/,refactor|,refactoring/,refactor|,Refactor QVersionNumber so it stores values in-class,"Refactor QVersionNumber so it stores values in-class  The common case of QVersionNumber is that there are few segments and each segment is a small integers. So instead of allocating a QVector<int>, just store those numbers in the class itself if possible. Think of this as a ""Small String Optimization"" for QVersionNumber.  QVector<int> costs 16 + 4*N bytes, plus malloc overhead. After this change, QVersionNumber(5,4,0) will have an overhead of zero. However, sizeof (QVersionNumber) == 8 in all architectures now.  The memory layout is explained in the header. I've coded it so big endian also works, but I have not tested it at all.  Aside from the special functions for QVersionNumber and operator>>, all the rest of the algorithm could have been left unchanged. I only updated segments(), normalized(), compare(), commonPrefix() and fromString() to take advantage of the smaller implementation in a more efficient way.  Note: QVersionNumber's constructors often leave half of the object or more uninitialized. That's not a problem.  Change-Id: I4a2a0ce09fce2580f02d678e2f80b1dba74bac9d"
104720,qt-creator%2Fqt-creator~3.5~I014554e371c222a844c16196a1e3106fd5e45f9e,https://codereview.qt-project.org/121303,4,21,34,0,723,194,8,2,100.342777777778,149,refactoring/,refactor|,refactoring/,refactor|,Refactor handling of statically deployed files,Refactor handling of statically deployed files  This is a partially fix for QTCREATORBUG-14490.  Change-Id: I014554e371c222a844c16196a1e3106fd5e45f9e
104805,qt%2Fqtbase~dev~I03dbdee59a3c74c21a0a4e70c1bb9182250f6223,https://codereview.qt-project.org/95531,4,75,6,0,208546,69,6,2,7121.11944444444,329,refactoring/,refactor|,refactoring/,refactor|,Refactor QVersionNumber to use the public functions when possible,"Refactor QVersionNumber to use the public functions when possible  Use segmentCount() and segmentAt() instead of going to m_segments. This is done in preparation for a major refactor of QVersionNumber that will store the version numbers in the object itself, without QVector.  Change-Id: I03dbdee59a3c74c21a0a4e70c1bb9182250f6223"
105072,qbs%2Fqbs~1.4~I9fb3fb0f4a3f1f6852570973c8b2faa4d8647de3,https://codereview.qt-project.org/121284,4,5,2,0,356,337,2,16,11.4163888888889,275,refactoring/,refactor|,refactoring/,refactor|,Refactor asset catalog compilation.,"Refactor asset catalog compilation.  This solves three issues: dry run actually means dry run, the rule is now multiplex as it was supposed to be, and actool command lines are printed properly with command line echo mode.  Change-Id: I9fb3fb0f4a3f1f6852570973c8b2faa4d8647de3"
105298,qt%2Fqtserialbus~dev~Ibbaf9ea3278811a79a536eac5a221d9e049290dd,https://codereview.qt-project.org/120852,5,4,0,0,122,119,2,2,22.6383333333333,301,refactoring/,refactor|,refactoring/,refactor|,Refactor the QSerialBus class,"Refactor the QSerialBus class  1. Use wrapper with Q_GLOBAL_STATIC for the private members, instead    of using QSerialBusPrivate class, that simplifies a code.  2. The sequence of the declared methods and their implementations is    also ordered.  Change-Id: Ibbaf9ea3278811a79a536eac5a221d9e049290dd"
105663,qt%2Fqtquickcontrols2~master~Ic46f8d2ec4b58c5056e8b2bbca5c9f88968bfb80,https://codereview.qt-project.org/115553,2,4,0,0,1055,168,2,8,8.62694444444444,483,refactoring/,refactor|,refactoring/,refactor|,Refactor ExclusiveGroup,"Refactor ExclusiveGroup  Add support for toggled() and toggled(bool) signals to bring ExclusiveGroup 2.0 on par with ExclusiveGroup 1.0. Furthermore, the attached property is now ""ExclusiveGroup.group"" to be consistent with all other attached properties like StackView.view, TabView.view, and others. It looks clumsy to repeat, but it's better to keep the type names to the minimum, and the documentation also stays in one place.  Change-Id: Ic46f8d2ec4b58c5056e8b2bbca5c9f88968bfb80"
105927,qt%2Fqtbase~5.5~Ia6ec5542e1104ea9024961dda202e6f22bcf5b69,https://codereview.qt-project.org/114633,4,27,1,0,1754,21,2,1,188.081944444444,311,refactoring/,refactor|,refactoring/,refactor|,Windows / Wifi plugin: Refactor code resolving symbols from wlanapi.dll.,Windows / Wifi plugin: Refactor code resolving symbols from wlanapi.dll.  Instantiate QLibrary once and use member functions instead of using the static functions which instantiate QLibrary in each call. Strip suffix from file name.  Task-number: QTBUG-46710 Change-Id: Ia6ec5542e1104ea9024961dda202e6f22bcf5b69
106538,qt%2Fqtvirtualkeyboard~master~Idae73744c6e2e5453dfb2d7602f8585b86485e53,https://codereview.qt-project.org/120235,5,57,0,0,1784,404,28,5,2161.07027777778,262,refactoring/,refactor|,refactoring/,refactor|,Refactor HunspellInputMethod,Refactor HunspellInputMethod  This change allows using the HunspellInputMethod as a base class for other input methods.  - Move the private class implementation in separate files. - Add protected constructor.  Change-Id: Idae73744c6e2e5453dfb2d7602f8585b86485e53
106606,qt-creator%2Fqt-creator~master~I63fc40b12e29204d9ecd4ed3fd33e7ad3171918d,https://codereview.qt-project.org/112623,7,61,105,0,4719,664,15,9,671.004722222222,85,refactoring/,refactor|,refactoring/,refactor|,Refactor UpdateInfo plugin,WIP: Refactor UpdateInfo plugin  Change-Id: I63fc40b12e29204d9ecd4ed3fd33e7ad3171918d
106941,qt%2Fqtbase~5.5~Ibf348cd74ada5be99b9d2ed7637184a786df8244,https://codereview.qt-project.org/113966,6,17,6,0,601,49,4,1,26.7580555555556,249,refactoring/,refactor|,refactoring/,refactor|,Refactor handling of environment variable QT_WINVER_OVERRIDE.,"Refactor handling of environment variable QT_WINVER_OVERRIDE.  Rename variable named ""override"" and check using qEnvironmentVariableIsSet() to avoid constructing a QByteArray in the default case.  Change-Id: Ibf348cd74ada5be99b9d2ed7637184a786df8244"
107417,qbs%2Fqbs~1.4~I6d74a749dc701e96ed9ff56a977eedc48d3fbb57,https://codereview.qt-project.org/113543,3,3,0,0,96,317,2,10,0.433333333333333,168,refactoring/,refactor|,refactoring/,refactor|,Refactor the JSExtensions tests.,"Refactor the JSExtensions tests.  Use a proper Transformer instead of putting all the code in the ""type"" property.  Change-Id: I6d74a749dc701e96ed9ff56a977eedc48d3fbb57"
107574,qt%2Fqtbase~wip%2Fhighdpi~I054337cbae37a01cdd731d26d9cb628fcecdb652,https://codereview.qt-project.org/113149,4,27,4,0,2269,323,9,12,51.2944444444444,1458,refactoring/,refactor|,refactoring/,refactor|,Refactor QHighDpiScaling internals and usage,"Refactor QHighDpiScaling internals and usage  Overall goal is to simplify, separate concerns, and improve cross-platform-ness and testability.  QT_SCALE_FACTOR is now a pure cross-platform global scale factor setter has no ""auto"". ""auto"" requires input from the platform plugin and gets a separate environment variable which is handled by the platform plugins.  The effective scale factor (aka devicePixelRatio) is now computed as the product of the global, screen, and window scale factors. This matches how devicePixelRatio is computed in general (the window system devicePixelRatio is also a factor), and makes QT_SCALE_FACTOR work consistently regardless if there is a window scale factor set or not. This also means we can remove the if/else casing from the nativePixels conversion functions.  Add QPlatformIntegration::PlatformScreenPixelDensity Capability, which the platform plugin uses to opt in to per-screen pixel densities. Update the xcb plugin to set it based on QT_AUTO_SCREEN_SCALE_FACTOR  Add QHighDpiScaling initializer which reads the screen and global scale factors and enables the scaling in the to/from pixel functions if any is set. This maintains a fast path for platforms and apps that do not scale.  Add per-screen scale factor setting capability to the manual test. This makes it possible to test this logic on all platforms. The command line argument is --screen-scale-factor.  Change-Id: I054337cbae37a01cdd731d26d9cb628fcecdb652"
107953,qt%2Fqtlocation~dev~I51ed7041c4b9ecd763f045abbb80df5e0dcde8f6,https://codereview.qt-project.org/332803,4,22,7,3,42466,160,5,6,122.359166666667,1058,refactoring/,refactor|,refactoring/,refactor|,QtPositioning: refactor QGeoSatelliteInfo,"QtPositioning: refactor QGeoSatelliteInfo  The following changes were implemented for the class: - Use QExplicitlySharedDataPointer for private d-ptr. - Implement move-constructor and move-assignment operator.   The moved-from object is left in partially-formed state. Such   behavior is documented. - Use Q_DECLARE_SHARED to declare the typeinfo as Q_RELOCATABLE_TYPE   and provide a free swap() overload. - Provide a qHash() overload. - Provide a QTest::toString() overload.  All these changes are common pattern for Qt value classes. The benchmark shows that it results in slight performance drop while constructing a brand new object (most probably because of the overhead of QSharedData and QSharedDataPointer), but also gives a comparable performance boost for copy constructor and copy assignment. And of course a significant performance boost on move-operations (which were just copy-operations previously). Other API calls didn't have any significant performance impact.  Task-number: QTBUG-90491 Change-Id: I51ed7041c4b9ecd763f045abbb80df5e0dcde8f6"
107967,qt%2Fqtlocation~dev~I3c7993aa8abe1199e825d46ab19ccfb53902018f,https://codereview.qt-project.org/331785,5,60,23,4,37186,52,12,32,310.6575,321,refactoring/,refactor|,refactoring/,refactor|,QtPositioning: refactor unit tests,"WIP: QtPositioning: refactor unit tests  Some of the QtPositioning QML unit tests can be separated from the QtLocation tests, and run with QtPositioning and QtPositioningQuick only. This patch moves such unit tests into separate subdirectory.  Task-number: QTBUG-90491 Change-Id: I3c7993aa8abe1199e825d46ab19ccfb53902018f"
108512,qt%2Fqtlocation~5.5~I610f20098c67089bd2c2684910283f165e1109e0,https://codereview.qt-project.org/111370,3,22,0,0,589,167,10,4,565.096944444445,209,refactoring/,refactor|,refactoring/,refactor|,Refactor fetching calls in QGeoCameraTiles,"Refactor fetching calls in QGeoCameraTiles  Introduce dirty flags, remove redundant getters. Change fetch ifdefs to switch case, so all code gets compiled.  Change-Id: I610f20098c67089bd2c2684910283f165e1109e0"
108767,qt-creator%2Fqt-creator~master~I0ef8ee96995184e968467b799147c6b4c80fbccc,https://codereview.qt-project.org/112500,2,7,2,0,270,20,4,4,2.60916666666667,93,refactoring/,refactor|,refactoring/,refactor|,refactor NodeInstanceMetaObject,refactor registerNodeInstanceMetaObject  Change-Id: I0ef8ee96995184e968467b799147c6b4c80fbccc
108851,qt%2Fqtbase~5.5~Ic89361859fcf5cf33a57de0c803526702fa831b8,https://codereview.qt-project.org/112340,3,7,0,0,379,2,2,1,49.3608333333333,159,refactoring/,refactor|,refactoring/,refactor|,QStyle debug helpers: refactor dead code,"QStyle debug helpers: refactor dead code  ... or compilers complain about the second, unreachable return.  Change-Id: Ic89361859fcf5cf33a57de0c803526702fa831b8"
109257,qbs%2Fqbs~1.4~Ibfd1740fe2a28da0f6b21132038df96819660109,https://codereview.qt-project.org/111805,4,3,0,0,96,73,2,2,42.5536111111111,117,refactoring/,refactor|,refactoring/,refactor|,Refactor javac arguments into the JS file to prepare for fixes.,Refactor javac arguments into the JS file to prepare for fixes.  Change-Id: Ibfd1740fe2a28da0f6b21132038df96819660109
109287,qt-creator%2Fqt-creator~master~I93ddaf060ac88ef339da9f542719f2d695660ac0,https://codereview.qt-project.org/111306,3,9,1,0,256,392,5,5,239.586111111111,231,refactoring/,refactor|,refactoring/,refactor|,Refactor CommandMappings to be a widget instead of options page,"Refactor CommandMappings to be a widget instead of options page  The IOptionsPage parts in it were trivial, and we need more flexibility for the shortcut settings options pages.  Change-Id: I93ddaf060ac88ef339da9f542719f2d695660ac0"
109558,qt%2Fqtmultimedia~5.5~Ib903ecd6e7dd1dd56d7cefe255ab7049933df17d,https://codereview.qt-project.org/111410,4,5,0,0,186,578,3,14,41.7561111111111,391,refactoring/,refactor|,refactoring/,refactor|,Minor refactor of built-in QSGVideoNodes.,Minor refactor for built-in QSGVideoNodes.  - Load shader source from resource files. - Correctly report material types: each material can use different   shaders depending on the video pixel format but it was reporting   a unique material type. This was causing the node to keep using   the same shader even if its pixel format changed.  Change-Id: Ib903ecd6e7dd1dd56d7cefe255ab7049933df17d
110088,qt-creator%2Fqt-creator~wip%2Fclang-oop~Id2ddc63d631a79d1bfb685713f960cba245b8b3c,https://codereview.qt-project.org/110880,2,3,0,0,96,189,2,2,1.02583333333333,85,refactoring/,refactor|,refactoring/,refactor|,refactor translation unit tests,refactor translation unit tests  Change-Id: Id2ddc63d631a79d1bfb685713f960cba245b8b3c
110172,qt%2Fqtquickcontrols~5.5~I9099073bc4095d6060162689ca17c4999124f254,https://codereview.qt-project.org/110614,3,10,0,0,526,270,3,6,94.0477777777778,96,refactoring/,refactor|,refactoring/,refactor|,"Doc: Refactor TableViewStyle, TreeViewStyle","WIP Refactor TableViewStyle, TreeViewStyle  Change-Id: I9099073bc4095d6060162689ca17c4999124f254"
110543,qt%2Fqtlocation~5.5~Idf468d2025303a42cea6ca8d24ed541c509911c0,https://codereview.qt-project.org/107105,3,15,30,0,1428,211,7,2,1169.29666666667,189,refactoring/,refactor|,refactoring/,refactor|,Refactor code and fix documentation for mapviewer example.,WIP: Refactor code and fix documentation for mapviewer example.  Refactor code so the MapComponent holds revelant code for documenting.  Change-Id: Idf468d2025303a42cea6ca8d24ed541c509911c0
110874,qtsdk%2Fqtsdk~refactor~I534f9ecee0327b4d0dc7f3b5a94cff6054456f67,https://codereview.qt-project.org/109967,4,6,1,0,202,135,2,3,0.486111111111111,89,refactoring/,refactor|,refactoring/,refactor|,Merge branch 'master' into refactor,Merge branch 'master' into refactor  Change-Id: I534f9ecee0327b4d0dc7f3b5a94cff6054456f67
110880,qtsdk%2Fqtsdk~refactor~Ieeee87c30eebc92e89ac0d366c670dcceb715362,https://codereview.qt-project.org/109565,3,45,1,0,1293,308,23,1,216.681666666667,93,refactoring/,refactor|,refactoring/,refactor|,Refactor Qt release build handling,WIP: Refactor Qt release build handling  Change-Id: Ieeee87c30eebc92e89ac0d366c670dcceb715362
110997,qt%2Fqtbase~dev~I609b8a05203f8a1ea12827d1798313ace5b719f2,https://codereview.qt-project.org/96286,6,14,1,0,462,83,5,1,4373.68194444445,368,refactoring/,refactor|,refactoring/,refactor|,tst_QString: refactor the insert tests,"tst_QString: refactor the insert tests  It is tedious to test all the overloads of QString::insert, so get the help of the compiler to do it. The framework was originally developed for testing append.  This change showed that the insert(int, QStringRef) overload was missing. It will be added in a separate commit.  Change-Id: I609b8a05203f8a1ea12827d1798313ace5b719f2"
110998,qt%2Fqtbase~dev~Ic3d6ad011bedc6ee7d5024094d7c3529b1b9d669,https://codereview.qt-project.org/96285,6,16,3,0,512,63,5,1,4373.68194444445,397,refactoring/,refactor|,refactoring/,refactor|,tst_QString: refactor the prepend tests,"tst_QString: refactor the prepend tests  It is tedious to test all the overloads of QString::prepend, so get the help of the compiler to do it. The framework was originally developed for testing append.  This change showed that prepend(QStringRef) and prepend(const QChar*, int) overloads were missing. They will be added in a separate commit.  Change-Id: Ic3d6ad011bedc6ee7d5024094d7c3529b1b9d669"
110999,qt%2Fqtbase~dev~I89df581b6d037a5af80b34dd6b5d37ac7484c774,https://codereview.qt-project.org/96284,6,30,5,0,2227,102,7,1,4373.68194444445,292,refactoring/,refactor|,refactoring/,refactor|,tst_QString: refactor the append tests,"tst_QString: refactor the append tests  It is tedious to test all the overloads of QString::append, so get the help of the compiler to do it. The framework developed for this will be used in subsequent commits for prepend and insert, too.  Change-Id: I89df581b6d037a5af80b34dd6b5d37ac7484c774"
111000,qt%2Fqtbase~dev~I29011eba6438bf9b3daad354cbec4b8e2b98ed81,https://codereview.qt-project.org/96844,6,8,0,0,341,31,3,1,4152.06444444444,154,refactoring/,refactor|,refactoring/,refactor|,tst_QString: refactor the op+= tests,tst_QString: refactor the op+= tests  ... using the framework developed for testing QString::append.  Change-Id: I29011eba6438bf9b3daad354cbec4b8e2b98ed81
111288,qtsdk%2Fqtsdk~refactor~Idc7b8e49b7a8e965677c96f9fb2c5254f64b740f,https://codereview.qt-project.org/105381,4,66,91,0,9267,600,27,1,1288.98388888889,89,refactoring/,refactor|,refactoring/,refactor|,Refactor build command parsing,WIP: refactor build command parsing  Change-Id: Idc7b8e49b7a8e965677c96f9fb2c5254f64b740f
112424,qt-creator%2Fqt-creator~3.4~I7ccb9df6061923bcb34cf3090d6d8331895e83c7,https://codereview.qt-project.org/107268,4,77,105,0,8964,2848,14,26,287.4025,523,refactoring/,refactor|,refactoring/,refactor|,DiffEditor: Refactor the user-facing parts,DiffEditor: Refactor the user-facing parts  * Move all data handling into DiffEditorDocument * Move much of the logic of how to update views into the   DiffEditor. * Introduce a base class for the different views on the diff   to implement. * Remove DiffEditorGuiController * Make DiffEditorController smaller and merge the DiffEditorReloader   into the class * Simplify communication between the classes involved * Make much of the implementation private to the plugin  Change-Id: I7ccb9df6061923bcb34cf3090d6d8331895e83c7
112697,qt%2Fqtquickcontrols~dev~I7388ff648f70ba20a1f944485724a28249524848,https://codereview.qt-project.org/107628,3,7,0,0,259,694,3,6,47.9638888888889,424,refactoring/,refactor|,refactoring/,refactor|,Refactor: Move some common code up to QQuickLayout,"Refactor: Move some common code up to QQuickLayout  This should make them available to other types of layouts, such as StackLayout  * geometryChanged() is now reimplemented in QQuickLayout, and will call   the virtual rearrange() * As a consequence, isReady() is also moved up to QQuickLayout * invalidateSenderItem() is moved up * Moved some of the itemChange() code up  Change-Id: I7388ff648f70ba20a1f944485724a28249524848"
112704,qt%2Fqtwebengine~dev~I6ab407095460ef5b63b454f7d62b98215383fc21,https://codereview.qt-project.org/107788,7,9,7,0,413,357,4,14,19.4919444444444,232,refactoring/,refactor|,refactoring/,refactor|,Refactor FilePickerController,Refactor FilePickerController  Move FilePickerController classes to the QtWebEngine core to providing common functionality of files selecetion for WebEngine and WebEngineWidgtes.  Change-Id: I6ab407095460ef5b63b454f7d62b98215383fc21
112886,qtsdk%2Fqtsdk~refactor~Idb58ea0ce2edf2f2a8330ba4478ef686c75e6679,https://codereview.qt-project.org/107627,3,3,0,0,114,0,1,0,0.0836111111111111,89,refactoring/,refactor|,refactoring/,refactor|,Merge branch 'master' into refactor,Merge branch 'master' into refactor  Change-Id: Idb58ea0ce2edf2f2a8330ba4478ef686c75e6679
112904,qt%2Fqtbase~5.4~I953d27b9c0fc7c21d52fefeb8c7760a7235aed9d,https://codereview.qt-project.org/102665,5,9,4,0,451,680,3,3,1541.43361111111,183,refactoring/,refactor|,refactoring/,refactor|,Refactor networkmanager QtBearer backend to use QDBusAbstractInterface.,"Refactor to use QDBusAbstractInterface.  Using QDBusInterface causes introspection, which may not be permitted by some platforms.  Change-Id: I953d27b9c0fc7c21d52fefeb8c7760a7235aed9d"
113097,qtsdk%2Fqtsdk~refactor~Ie6e0d6a9ed755a129a36dd3ec9e7f1fd28472e28,https://codereview.qt-project.org/107032,5,3,0,0,114,163,1,1,70.3222222222222,138,refactoring/,refactor|,refactoring/,refactor|,Merge branch 'master' into refactor,Merge branch 'master' into refactor  Conflicts: 	packaging-tools/releases/release-55  Change-Id: Ie6e0d6a9ed755a129a36dd3ec9e7f1fd28472e28
113116,qt-creator%2Fqt-creator~3.4~I4555de223e50bc8d75e97205d273aa0f09f652fc,https://codereview.qt-project.org/106983,7,9,1,0,294,30,3,2,78.2527777777778,194,refactoring/,refactor|,refactoring/,refactor|,Refactor: Comment out delete statement of heap variables,Refactor: Comment out delete statement of heap variables  Convert to Stack Variable generates crashing code.  Task-number: QTCREATORBUG-13685 Change-Id: I4555de223e50bc8d75e97205d273aa0f09f652fc
113467,qt%2Fqtbase~6.1~If30a980d8449135b516745fec73170d53367b4b7,https://codereview.qt-project.org/332821,3,6,0,0,623,49,2,1,2.24166666666667,598,refactoring/,refactor|,refactoring/,refactor|,QStandardItem(Model): refactor multiData support,"QStandardItem(Model): refactor multiData support  QSI(M) allow users to override their data() functions. This means that we can't have their data() implemented in terms of multiData(), or otherwise a subclass that overrides data() will fall out of sync with its multiData() implementation. We must keep multiData() implemented in terms of data() instead.  While at it, document QSI::multiData().  Task-number: QTBUG-89423 Change-Id: If30a980d8449135b516745fec73170d53367b4b7 Reviewed-by: Christian Ehrlicher <ch.ehrlicher@gmx.de> (cherry picked from commit a1e9817cec5e0dccf26040d0b0d24e974841d5b8)"
113468,qt%2Fqtbase~6.0~If30a980d8449135b516745fec73170d53367b4b7,https://codereview.qt-project.org/332822,3,6,0,0,623,49,2,1,2.18027777777778,598,refactoring/,refactor|,refactoring/,refactor|,QStandardItem(Model): refactor multiData support,"QStandardItem(Model): refactor multiData support  QSI(M) allow users to override their data() functions. This means that we can't have their data() implemented in terms of multiData(), or otherwise a subclass that overrides data() will fall out of sync with its multiData() implementation. We must keep multiData() implemented in terms of data() instead.  While at it, document QSI::multiData().  Task-number: QTBUG-89423 Change-Id: If30a980d8449135b516745fec73170d53367b4b7 Reviewed-by: Christian Ehrlicher <ch.ehrlicher@gmx.de> (cherry picked from commit a1e9817cec5e0dccf26040d0b0d24e974841d5b8)"
113472,qt%2Fqtbase~dev~If30a980d8449135b516745fec73170d53367b4b7,https://codereview.qt-project.org/326932,7,34,0,0,17848,49,3,1,1277.71888888889,487,refactoring/,refactor|,refactoring/,refactor|,QStandardItem(Model): refactor multiData support,"QStandardItem(Model): refactor multiData support  QSI(M) allow users to override their data() functions. This means that we can't have their data() implemented in terms of multiData(), or otherwise a subclass that overrides data() will fall out of sync with its multiData() implementation. We must keep multiData() implemented in terms of data() instead.  While at it, document QSI::multiData().  Pick-to: 6.0 Task-number: QTBUG-89423 Change-Id: If30a980d8449135b516745fec73170d53367b4b7"
113597,qt-creator%2Fqt-creator~master~I5909e2d79313f6fc26159bb644fdfb43781b6c38,https://codereview.qt-project.org/331662,4,22,10,3,3084,144,7,5,191.198888888889,318,refactoring/,refactor|,refactoring/,refactor|,Refactor Locator filter settings saving,"WIP: Refactor Locator filter settings saving  Unify setting saving. Do not write settings that stay at the default. Make QJsonDocument the basis, because QDataStream cannot really handle structured data where parts could be missing.  Task-number: QTCREATORBUG-24762 Change-Id: I5909e2d79313f6fc26159bb644fdfb43781b6c38"
113740,qt%2Fqtbase~dev~Ie71db5a0ab66dd9d157b53297cbb9aba248fa8af,https://codereview.qt-project.org/331390,6,13,0,0,1940,41,3,1,191.316666666667,118,refactoring/,refactor|,refactoring/,refactor|,macOS: Refactor computing of accepted extensions in file dialogs,macOS: Refactor computing of accepted extensions in file dialogs  Change-Id: Ie71db5a0ab66dd9d157b53297cbb9aba248fa8af
113752,pyside%2Fpyside-setup~dev~I56c0ed58a70d36e53fdd8a9c76f5eff0a832f469,https://codereview.qt-project.org/332409,4,8,2,1,588,96,2,4,4.245,497,refactoring/,refactor|,refactoring/,refactor|,shiboken6: Refactor C++ wrapper generation handling,"shiboken6: Refactor C++ wrapper generation handling  The ""disable-wrapper"" attribute introduced by 1d044f467070a040713c9566a8a8de3a56c571e7 was not working in case the protected hack was disabled due to inconsistent, duplicated checking of conditions.  Move the wrapper check into AbstractMetaClass and let it return a flags type that indicates whether the wrapper is needed for protected functions or virtual methods.  Task-number: PYSIDE-1202 Change-Id: I56c0ed58a70d36e53fdd8a9c76f5eff0a832f469"
113908,qt-creator%2Fqt-creator~master~Iacc26eb0d0cbaad9d9242b548588f3afa3eba2ac,https://codereview.qt-project.org/332166,5,5,1,1,220,255,2,1,64.8227777777778,106,refactoring/,refactor|,refactoring/,refactor|,QmlDesigner: Refactor font collector,QmlDesigner: Refactor font collector  Fixes: QDS-3643 Change-Id: Iacc26eb0d0cbaad9d9242b548588f3afa3eba2ac
114058,qt%2Fqtbase~5.5~I3863bf847bc4024b8955d3bdb9af3cdd2abc1e5e,https://codereview.qt-project.org/106410,7,19,18,0,893,233,4,1,69.2119444444444,404,refactoring/,refactor|,refactoring/,refactor|,Windows: Refactor FreeType font database.,"Windows: Refactor FreeType font database.  - Split apart Windows CE/Windows code paths, moving   code out of addFontToDatabase() to separate   static functions. - Pass faceName/fullName as separate parameters to   addFontToDatabase().  This is preparatory work for introducing the delayed font population scheme for FreeType.  Task-number: QTBUG-43774 Change-Id: I3863bf847bc4024b8955d3bdb9af3cdd2abc1e5e"
114611,qt%2Fqtquickcontrols~dev~If95725e428025000d65984c81a1d7e1bac78e484,https://codereview.qt-project.org/105643,4,33,1,0,1508,280,12,9,166.846111111111,97,refactoring/,refactor|,refactoring/,refactor|,BasicTableView: Refactor and specialize ItemDelegateLoader,BasicTableView: Refactor ItemDelegateLoader  Change-Id: If95725e428025000d65984c81a1d7e1bac78e484
114985,qt%2Fqtwebview~dev~I3cbd81c7fd8d93bacf9134be32ad061d1f9e1183,https://codereview.qt-project.org/104209,5,8,7,0,615,1563,3,18,455.795277777778,848,refactoring/,refactor|,refactoring/,refactor|,Refactor QWebView code.,"Refactor QWebView code.  In an attempt to make the code more future proof, this patch tries to improve the abstraction between the native WebViews/View controllers and the public APIs. This should make it easier to add new platforms and alternative public interfaces, e.g., a Window/Widget API. It should also make it easier to implement a plugin system if needed.  In addition the following changes were done: - reload() implementation in the android controller. - reload() calls the native reload function on both Android and iOS. - loadProgress() calls the native getProgress() directly on Android. - isLoading() calls loading() on the UIWebView (iOS) - runJavaScript() will now only pass the script and an id to the platform   implementation to avoid creating a strong coupling to QJSValue.  Change-Id: I3cbd81c7fd8d93bacf9134be32ad061d1f9e1183"
115274,qt-creator%2Fqt-creator~at-master~I5fdb6429e8509468b7a710414af250ea6464d92d,https://codereview.qt-project.org/132801,3,9,3,0,529,571,4,4,68.2458333333333,77,refactoring/,refactor|,refactoring/,refactor|,Refactor TestCodeParser,Refactor TestCodeParser  Change-Id: I5fdb6429e8509468b7a710414af250ea6464d92d
115553,qt%2Fqtactiveqt~dev~Ife42f099f725a83e91cc2b73b49cee3fa8c3898b,https://codereview.qt-project.org/105021,4,5,0,0,249,96,2,1,71.3947222222222,278,refactoring/,refactor|,refactoring/,refactor|,dumpcpp: Refactor code handling options strings.,"dumpcpp: Refactor code handling options strings.  Change the type from QByteArray to QString, removing some conversion code. Move nameSpace option parameter into main and turn into a QString as well.  Task-number: QTBUG-41130 Change-Id: Ife42f099f725a83e91cc2b73b49cee3fa8c3898b"
115736,qtsdk%2Fqtsdk~refactor~Ic745e82b04508b15f194dcbe28dd350d0bb51d3b,https://codereview.qt-project.org/104826,5,3,0,0,114,4,1,1,5.50388888888889,89,refactoring/,refactor|,refactoring/,refactor|,Merge branch 'master' into refactor,Merge branch 'master' into refactor  Change-Id: Ic745e82b04508b15f194dcbe28dd350d0bb51d3b
116276,qt-creator%2Fqt-creator~at-master~I3ce6e711392f35c89dfcbecc3c8fcb8aca293602,https://codereview.qt-project.org/132436,3,3,0,0,163,21,1,1,114.664722222222,72,refactoring/,refactor|,refactoring/,refactor|,refactor if clause,refactor if clause  Change-Id: I3ce6e711392f35c89dfcbecc3c8fcb8aca293602
116277,qt-creator%2Fqt-creator~at-master~Ib9aa2d011c3d0525b618a1b0a6bd32b556c02010,https://codereview.qt-project.org/132275,3,14,10,0,621,39,4,1,277.729722222222,78,refactoring/,refactor|,refactoring/,refactor|,refactor performTestRun,refactor runcommand code  Change-Id: Ib9aa2d011c3d0525b618a1b0a6bd32b556c02010
116326,qtsdk%2Fqtsdk~refactor~I9128627c2ca41a7cc83927d4ef430787760b2018,https://codereview.qt-project.org/104052,3,3,0,0,96,79,2,987,3.015,89,refactoring/,refactor|,refactoring/,refactor|,Merge branch 'master' into refactor,Merge branch 'master' into refactor  Change-Id: I9128627c2ca41a7cc83927d4ef430787760b2018
116515,qt%2Fqtdeclarative~dev~I8499d2ca5bdd871e029f643ae605a94544558bb5,https://codereview.qt-project.org/103393,3,39,4,0,1712,511,10,11,106.525833333333,85,refactoring/,refactor|,refactoring/,refactor|,Refactor persistent values,WIP: refactor persistent values  Change-Id: I8499d2ca5bdd871e029f643ae605a94544558bb5
116534,qt%2Fqtwebengine~5.4~Iee4207e747e589ba67d5353cb4c18f156e555c11,https://codereview.qt-project.org/103454,7,33,9,0,1527,149,5,7,77.2027777777778,315,refactoring/,refactor|,refactoring/,refactor|,Refactor our build skipping logic,"Refactor our build skipping logic  Move the logic to mkspecs to keep the .pro files robust. Add a C++11 requirement so that we can land the new snapshot.  Add the basic infrastructure for config.tests, the first one of which will ensure we have libcap on linux.  Change-Id: Iee4207e747e589ba67d5353cb4c18f156e555c11"
116701,qt-creator%2Fqt-creator~master~I8b0d357863f1dc1d2d440ce8172502594138b9fb,https://codereview.qt-project.org/103381,5,15,18,0,657,805,6,18,41.9655555555556,857,refactoring/,refactor|,refactoring/,refactor|,Refactor ProjectExplorer::Node and remove NodesWatcher,"Refactor ProjectExplorer::Node and remove NodesWatcher  The idea behind NodesWatcher was that it was the central place to catch node related signals, so that users didn't need to connect to each individual node and the nodes didn't need to be QObjects. Somehow Nodes ended up being QObjects anyway.  Both the recently added ProjectTree and the FlatModels consume the signals the NodesWatcher sends. Unfortunately there's a ordering dependency between the ProjectTree and the FlatModels.  This patch removes all NodesWatcher and instead makes the ProjectTree singleton the emitter of various project tree related signals. The ProjectTree also ensures that the ordering between the FlatModel and itself is taken into account.  And it makes Node not derive from QObject, saving some memory in that process.  Change-Id: I8b0d357863f1dc1d2d440ce8172502594138b9fb"
116755,qt%2Fqtbase~dev~I9173ec2951a82e5eac9d8c9956bfb0bb4d1a2459,https://codereview.qt-project.org/103247,5,12,6,0,520,30,3,9,96.2997222222222,514,refactoring/,refactor|,refactoring/,refactor|,WinRT: Refactor icon specification usage,"WinRT: Refactor icon specification usage  Naming for different logo sizes on WinRT has been varying in the past and evolved from using small/medium/large to some being explicit (71x71).  Add new values introduced by 8.1 (310x150, 310x310,...) and clean up mixed usage. Detailed pixel versions overrule general specification and latter ones stay mostly for compatibility reasons. Still the preferred way is to use explicit pixel values.  Task-number: QTBUG-43644 Change-Id: I9173ec2951a82e5eac9d8c9956bfb0bb4d1a2459"
116804,qbs%2Fqbs~master~I65d8d7040603a6ea0ff2c11360234eba6802ad35,https://codereview.qt-project.org/102077,5,32,42,0,4246,875,12,16,697.248611111111,469,refactoring/,refactor|,refactoring/,refactor|,Refactor bundle (CFBundle) support across all of Qbs.,"Refactor bundle (CFBundle) support across all of Qbs.  This is the foundation for better bundle support, including static frameworks, loadable modules (""bundles"" i.e. plugins), and custom bundle types. This also simplifies the difference between bundle and non-bundle product types from a Qbs user's perspective, and allows more fine-grained control over the construction of and use of bundles.  Task-number: QBS-643 Change-Id: I65d8d7040603a6ea0ff2c11360234eba6802ad35"
117352,qtsdk%2Fqtsdk~refactor~I415067d679e730e7b1aec2e95fa53fa95435f7af,https://codereview.qt-project.org/102873,3,3,0,0,114,0,1,0,0.646944444444444,89,refactoring/,refactor|,refactoring/,refactor|,Merge branch 'master' into refactor,Merge branch 'master' into refactor  Change-Id: I415067d679e730e7b1aec2e95fa53fa95435f7af
118086,qbs%2Fqbs~master~Ia24604d0c0d347f63c879f4fb5b77a640858f3ca,https://codereview.qt-project.org/101941,3,6,0,0,186,16,3,2,0.686666666666667,180,refactoring/,refactor|,refactoring/,refactor|,Refactor build config compatibility check in build graph loader.,Refactor build config compatibility check in build graph loader.  We will extend the new member function in a follow-up patch.  Change-Id: Ia24604d0c0d347f63c879f4fb5b77a640858f3ca
118414,qt%2Fqtbase~5.4~I99f7192008ae8ea3a16f5300e5e4ebdde50847af,https://codereview.qt-project.org/101310,6,12,2,0,606,33,3,1,67.7791666666667,127,refactoring/,refactor|,refactoring/,refactor|,Reformat QOpenGL2PaintEngineExPrivate a bit to make it easier to refactor,Reformat QOpenGL2PaintEngineExPrivate a bit to make it easier to refactor  Change-Id: I99f7192008ae8ea3a16f5300e5e4ebdde50847af
118656,qtsdk%2Fqtsdk~refactor~I29eae42e1fff10a26987718e88fefde4c6fb4313,https://codereview.qt-project.org/101235,5,3,0,0,114,0,1,0,25.4730555555556,89,refactoring/,refactor|,refactoring/,refactor|,Merge branch 'master' into refactor,Merge branch 'master' into refactor  Change-Id: I29eae42e1fff10a26987718e88fefde4c6fb4313
118684,qt%2Fqtbase~5.4~Icc60f4a542983cda7ca0fd6622963d32d1e90db9,https://codereview.qt-project.org/100788,6,13,16,0,1113,138,5,2,170.479722222222,505,refactoring/,refactor|,refactoring/,refactor|,iOS: Refactor QIOSKeyboardListener implementation and usage,"iOS: Refactor QIOSKeyboardListener implementation and usage  QIOSKeyboardListener takes care of both maintaining the virtual keyboard state, and acting as a gesture recognizer for the hide keyboard gesture.  We make this explicit though a union in QIOSInputContext, so that we can access each 'mode' separately. This improved code readability and allows later refactoring of the state and gesture into separate classes without changing the call sites.  Change-Id: Icc60f4a542983cda7ca0fd6622963d32d1e90db9"
118757,qt%2Fqtconnectivity~wip%2Fwin~I949b112158a575f5b563a78163c1e3990c952ada,https://codereview.qt-project.org/100301,6,54,4,0,6011,660,6,9,287.108888888889,769,refactoring/,refactor|,refactoring/,refactor|,"Refactor of code for ""classic"" part on Windows","Refactor of code for ""classic"" part on Windows  The previous code is based on the assumption where we can use each of local radio separatelly to discovery of remote devices. Windows API allows to use a handle of separately local bluetooth adapter to operate with its power, to start/stop detection of remote devices through it and so on. But in this API there is no opportunity to enumerate services and attributes of the given remote device via the concrete local adapter.  Therefore now to discovery of remote devices are used all local bluetooth adapters in system. Also, the power and the host modes management now are belongs to all local adapters at once.  Tested on Windows 8 with the USB CSR8510 A10 adapter  Change-Id: I949b112158a575f5b563a78163c1e3990c952ada"
118831,qt-creator%2Fqt-creator~3.3~I528b3844181c139c8955091ac0bbcf6475fd8a4f,https://codereview.qt-project.org/100940,3,3,1,0,247,441,2,3,19.8533333333333,199,refactoring/,refactor|,refactoring/,refactor|,CppEditor: Tests: Refactor out BaseQuickFixTestCase,CppEditor: Tests: Refactor out BaseQuickFixTestCase  We will add another type of test case that allows us to test the list of offered operations.  Change-Id: I528b3844181c139c8955091ac0bbcf6475fd8a4f
119035,qt%2Fqtmultimedia~wip%2Fqt6~I46d338eb36650640d1ed83125ea0dbb61e119d21,https://codereview.qt-project.org/331045,3,15,0,0,546,280,7,8,185.353611111111,173,refactoring/,refactor|,refactoring/,refactor|,Refactor the mocking code for the recorder/capture service,Refactor the mocking code for the recorder/capture service  Use the new device integration infrastructure here as well.  Change-Id: I46d338eb36650640d1ed83125ea0dbb61e119d21
119769,qtsdk%2Fqtsdk~refactor~I933630a6455763cf07dbc54332127f073a9edb24,https://codereview.qt-project.org/100499,4,3,0,0,114,0,1,0,0.0825,89,refactoring/,refactor|,refactoring/,refactor|,Merge branch 'master' into refactor,Merge branch 'master' into refactor  Change-Id: I933630a6455763cf07dbc54332127f073a9edb24
119831,qtsdk%2Fqtsdk~refactor~Id46f862560200cc21b8b48dbb16efc6b6b09dc70,https://codereview.qt-project.org/100115,3,9,0,0,243,202,5,1,66.3025,200,refactoring/,refactor|,refactoring/,refactor|,Refactor how qt5 version numbers and snapshot directories are used.,Refactor how qt5 version numbers and snapshot directories are used.  Instead of reading the qt version from command line read it from environment.  Change-Id: Id46f862560200cc21b8b48dbb16efc6b6b09dc70
119922,qt%2Fqtwebengine~dev~Ib4558ca0b6b5084f851282916cbc9a6615ed33f9,https://codereview.qt-project.org/99532,6,8,0,0,517,27,3,1,195.556111111111,169,refactoring/,refactor|,refactoring/,refactor|,Refactor path building from QStandardPath,Refactor path building from QStandardPath  The duplicated logic was made apparent by the merge conflict resolution.  Change-Id: Ib4558ca0b6b5084f851282916cbc9a6615ed33f9
119931,qt%2Fqtbase~dev~I0c5decdfac7b0dc6e001c8c970491080f7b2e75f,https://codereview.qt-project.org/99846,8,12,0,0,764,407,3,8,126.491666666667,308,refactoring/,refactor|,refactoring/,refactor|,Item delegates: refactor and unify code,"Item delegates: refactor and unify code  We had code duplication all over the place between QItemDelegate and QStyledItemDelegate. Refactor that code in QAbstractItemDelegatePrivate, so that both can use it and we'll have one place to fix instead of two.  Change-Id: I0c5decdfac7b0dc6e001c8c970491080f7b2e75f"
119975,qt-creator%2Fqt-creator~master~Ic13596d4bbfd901846575fe441607c036aba3cd5,https://codereview.qt-project.org/100038,3,10,3,0,499,293,4,1,43.955,100,refactoring/,refactor|,refactoring/,refactor|,FakeVim: Refactor text transformation and yank,FakeVim: Refactor text transformation and yank  Change-Id: Ic13596d4bbfd901846575fe441607c036aba3cd5
120039,qtsdk%2Fqtsdk~refactor~I0e8a10b3d2955e5910bcae227ca5a070f2b3e575,https://codereview.qt-project.org/100106,3,3,0,0,114,0,1,0,0.0925,112,refactoring/,refactor|,refactoring/,refactor|,Merge remote-tracking branch 'origin/master' into refactor,Merge remote-tracking branch 'origin/master' into refactor  Change-Id: I0e8a10b3d2955e5910bcae227ca5a070f2b3e575
120140,qt-creator%2Fqt-creator~master~I6fe40908bc53fa84d2be165f3ee1b9c2f3a8d5c5,https://codereview.qt-project.org/99939,2,3,0,0,96,129,2,1,0.928888888888889,98,refactoring/,refactor|,refactoring/,refactor|,Fakevim: Refactor entering and leaving modes,Fakevim: Refactor entering and leaving modes  Change-Id: I6fe40908bc53fa84d2be165f3ee1b9c2f3a8d5c5
120361,qtsdk%2Fqtsdk~refactor~Ia30c5d58f0c17087e07e295484081247cb4e32bc,https://codereview.qt-project.org/99748,4,3,0,0,114,9,1,1,0.129444444444444,135,refactoring/,refactor|,refactoring/,refactor|,Merge branch 'master' into refactor,Merge branch 'master' into refactor  Conflicts: 	packaging-tools/build_wrapper.py  Change-Id: Ia30c5d58f0c17087e07e295484081247cb4e32bc
120600,qt%2Fqt3d~wip%2Fnewapi~I9e671b36a8d1b038cd99f06cf8984f1a052778e1,https://codereview.qt-project.org/92673,4,9,0,0,308,59,4,6,1987.98777777778,337,refactoring/,refactor|,refactoring/,refactor|,Refactor preprocessRenderTree() into a free function,Refactor preprocessRenderTree() into a free function  This will later allow us to potentially parallelise this more by recursively spawning jobs as we descend the tree of RenderEntities.  We may also want to make this stage configurable by way of a functor provided by the Technique?  Change-Id: I9e671b36a8d1b038cd99f06cf8984f1a052778e1
120603,qt%2Fqt3d~wip%2Fnewapi~Ib78a2ef7dab5674c71b6fda45c87168eb7f17342,https://codereview.qt-project.org/92670,4,10,3,0,588,31,4,4,1987.98777777778,100,refactoring/,refactor|,refactoring/,refactor|,Refactor isEntityInlayers() to a free function,Refactor isEntityInlayers() to a free function  Change-Id: Ib78a2ef7dab5674c71b6fda45c87168eb7f17342
120605,qt%2Fqt3d~wip%2Fnewapi~Ibfd0adc43ebef182e91f8960269899965eb1ec0b,https://codereview.qt-project.org/92668,4,9,0,0,434,50,4,4,1987.98777777778,214,refactoring/,refactor|,refactoring/,refactor|,Refactor computeViewport to be a free function,Refactor computeViewport to be a free function  This doesn't really belong in RenderView and only needs the public API of ViewportNode so a free function it is.  Change-Id: Ibfd0adc43ebef182e91f8960269899965eb1ec0b
120662,qt%2Fqtdeclarative~dev~I2b798deb53812a08155c92a0e6ef2dcd2ea137b8,https://codereview.qt-project.org/98690,3,41,0,0,1493,276,13,14,146.574166666667,130,refactoring/,refactor|,refactoring/,refactor|,Refactor ExecutionContexts,Refactor ExecutionContexts  Move the Data class out into the Heap namespace.  Change-Id: I2b798deb53812a08155c92a0e6ef2dcd2ea137b8
120859,qt-creator%2Fqt-creator~master~Iea371c67c67c9a810ee47aec98e18297993098b2,https://codereview.qt-project.org/98882,2,5,0,0,152,111,3,1,25.0113888888889,84,refactoring/,refactor|,refactoring/,refactor|,FakeVim: Refactor cutting text,FakeVim: Refactor cutting text  Change-Id: Iea371c67c67c9a810ee47aec98e18297993098b2
120929,qt%2Fqtbase~5.4~I6d792286ccbc50065ebfc588daca2240761a1937,https://codereview.qt-project.org/98530,4,8,0,0,444,13,2,2,139.733333333333,411,refactoring/,refactor|,refactoring/,refactor|,Cocoa: refactor commit 876a428f.,"Cocoa: refactor commit 876a428f.  Conditions for when updateExposedGeometry() should actually send the expose event goes into the function itself.  The window()->isVisible() check could arguably be moved to isWindowExposable(), but I'm keeping this as a straight refactor without any behavior changes. (isWindowExposable() is called from multiple locations)  Change-Id: I6d792286ccbc50065ebfc588daca2240761a1937"
121589,qt%2Fqtbase~5.4~I05067ee400f0b776b0f0418ee1c5fbd45126c29e,https://codereview.qt-project.org/97575,5,12,1,0,566,79,3,2,178.463888888889,112,refactoring/,refactor|,refactoring/,refactor|,QMacStyle: Refactor painter offset into drawNSViewInRect(),QMacStyle: Refactor painter offset into drawNSViewInRect()  Change-Id: I05067ee400f0b776b0f0418ee1c5fbd45126c29e
122034,qt%2Fqtrepotools~master~I9a081a3a9f5c1a06aad30e9e487650333bd812c1,https://codereview.qt-project.org/97517,4,12,4,0,352,45,4,1,71.6305555555556,141,refactoring/,refactor|,refactoring/,refactor|,refactor spell check reporting,refactor spell check reporting  put in in line with how the style checking is reported.  Change-Id: I9a081a3a9f5c1a06aad30e9e487650333bd812c1
122733,qbs%2Fqbs~1.3~I026bc51cd73db64bf8f96163362af4e9b77c70e3,https://codereview.qt-project.org/96556,4,13,0,0,1522,171,3,7,55.6416666666667,140,refactoring/,refactor|,refactoring/,refactor|,Refactor IB module a bit. This fixes the asset catalog autotest.,Refactor IB module a bit. This fixes the asset catalog autotest.  Task-number: QBS-669  Change-Id: I026bc51cd73db64bf8f96163362af4e9b77c70e3
123019,qt%2Fqtactiveqt~dev~I73cba7645d9ae4dc752538a9f7cab6d280aefecb,https://codereview.qt-project.org/96457,4,3,0,0,119,28,2,2,2.69138888888889,138,refactoring/,refactor|,refactoring/,refactor|,Refactor string handling in testcon.,Refactor string handling in testcon.  Remove some single character string constants.  Change-Id: I73cba7645d9ae4dc752538a9f7cab6d280aefecb
123045,qbs%2Fqbs~master~I06b5541b7ddbe46f56fbfc437682aba6b2b6952f,https://codereview.qt-project.org/96464,2,3,0,0,96,26,2,1,0.17,193,refactoring/,refactor|,refactoring/,refactor|,refactor setupScriptEngineForProduct,"refactor setupScriptEngineForProduct  Put code for setting up the ""project"" script value into its own function. We want to extend it later.  Change-Id: I06b5541b7ddbe46f56fbfc437682aba6b2b6952f"
123153,qt%2Fqtbase~5.4~Ie5f621c30fc461b880292b853e0660b8fba316eb,https://codereview.qt-project.org/96274,4,7,0,0,379,80,2,1,18.1716666666667,541,refactoring/,refactor|,refactoring/,refactor|,Refactor tst_QFiledialog::completer().,"Refactor tst_QFiledialog::completer().  - Streamline code and remove code that has no effect. - Create temporary directory and files only when it is actually   required (empty start path). - Remove try/catch as it is not commonly used in Qt autotests.   Its original purpose was apparently to ensure temporary file   cleanup, but that should now work since smart pointers are used   for temporary files and directories. - Introduce variable for case sensitivity.  Task-number: QTBUG-41681 Change-Id: Ie5f621c30fc461b880292b853e0660b8fba316eb"
123203,qt-creator%2Fqt-creator~3.2~I154ebcc01a870b0bf3912a69b37184fd2f37092a,https://codereview.qt-project.org/96206,3,7,3,0,543,50,3,1,18.8041666666667,93,refactoring/,refactor|,refactoring/,refactor|,Squish: Refactor and improve tst_CSUP01,Squish: Refactor and improve tst_CSUP01  Change-Id: I154ebcc01a870b0bf3912a69b37184fd2f37092a
123459,qt-creator%2Fqt-creator~master~I38e2adf188d4604182ec84003dc5d281fce025cc,https://codereview.qt-project.org/95970,5,9,4,0,906,146,3,1,18.6902777777778,652,refactoring/,refactor|,refactoring/,refactor|,Qbs: refactor property provider.,"Qbs: refactor property provider.  Set toolchain list centrally.  Set target OS for additional operating systems: WinRT, Windows CE, Android, FreeBSD, NetBSD, OpenBSD, BSD (generic), BlackBerry, QNX, and Solaris.  No more ""else assumptions"" which would for example detect Clang on Windows as MSVC, any non-Clang toolchains as GCC, or any unrecognized operating systems as Unix.  bsd4 is gone as it is not necessary in any practical sense (and no other operating systems have different identifiers by version -- there is a dedicated hostOSVersion property anyways).  Detect iOS without relying on Qt.  Change-Id: I38e2adf188d4604182ec84003dc5d281fce025cc"
123731,qt%2Fqtbase~5.4~I0d549886585d90e4701a2430503bc0d2d716e341,https://codereview.qt-project.org/95665,3,12,2,0,630,207,2,2,21.6127777777778,170,refactoring/,refactor|,refactoring/,refactor|,refactor VCXProjectWriter::outputFileConfig,refactor VCXProjectWriter::outputFileConfig  Put common code into a function. Subsequent patches will become easier.  Change-Id: I0d549886585d90e4701a2430503bc0d2d716e341
123756,qt%2Fqtserialport~5.3~Ibbac03a17fdd41bbaf530f863e7c690a15708bd2,https://codereview.qt-project.org/88878,9,17,0,0,3430,512,7,2,2027.4425,621,refactoring/,refactor|,refactoring/,refactor|,Refactor of the QSerialPortInfo for OS X,"WIP Refactor the QSerialPortInfo for MacX  The current implementation of the qserialportinfo_mac.cpp module is a little confused and complicated.  It is reasonable to re-write it using some ready wrappers of CFTypeRef, CFStringRef and others objects from the private qcore_mac_p.h file.  Thus, it will allow to bypass of manual releasing of the allocated resources (using the RAII idiom where it is possible), and also to simplify a code.  Tested on MacOSX 10.8.4 with the on-board, USB PL2303, USB FTDI, USB Android serial ports and with the USB ZTE Modem using Qt4.  Change-Id: Ibbac03a17fdd41bbaf530f863e7c690a15708bd2"
124022,qt%2Fqtbase~5.4~I4c4834df490bc8b0bac32aeedbd819780bd5aaba,https://codereview.qt-project.org/95156,7,23,7,0,980,637,5,8,70.4683333333333,2226,refactoring/,refactor|,refactoring/,refactor|,iOS: Refactor text input handling to standalone responder,"iOS: Refactor text input handling to standalone responder  Instead of coupling the visibility of the virtual keyboard to the first-responder status of the currently active QUIView, we now treat first-responder as a separate state, tied directly to QWindow activation. This fits better with the concept of first-responders in iOS, as a UIView can become first-responder without dealing with text input, eg when dealing with touch events or menu actions.  The decision point on whether or not to show the virtual keyboard is then handled by implementing the conformsToProtocol method and selectively returning YES for the UIKeyInput protocol. iOS internally calls _requiresKeyboardWhenFirstResponder on the UIResponder to determine this, but since we can't override a private method (like WKContentView in WebKit does) we have to rely on the fact that the implementation of the method uses the protocol conformance to make its decision.  Once the virtual keyboard is up, we then need to react to changes to its configuration, such as keyboard type or the type of return key. Normally this would be a simple call to [view reloadInputViews], but iOS will not reload the built-in keyboards unless the UIResponder returns YES for _requiresKeyboardResetOnReload. Since we again can't override this private method (like WebKit does), we work around it by taking advantage of the fact that iOS will treat any change to the first-responder as a reason to do a keyboard reset. By using a stand-alone UIResponder for text input we can init and destroy these responders as needed, so that every call to reloadInputViews will trigger a reset, as the responder has not been seen before.  We keep track of changes to the input-method-query, and detect whether or not we need to bring up a new UIResponder for text handling.  As part of this refactoring we now tie the visibility of the virtual keyboard to the presence of a focus object that has input-methods enabled. This means that we automatically will track changes to input-elements through the focus changes, and reconfigure or hide the keyboard as appropriate. As a result the hide() method of QInputMethod becomes a no-op on iOS.  Change-Id: I4c4834df490bc8b0bac32aeedbd819780bd5aaba"
124246,qt-labs%2Ftalk-schedule~master~I0f5760abee0098aa0c99e4a65ccee716dca7a3fb,https://codereview.qt-project.org/95055,3,16,0,0,752,566,8,14,13.7483333333333,109,refactoring/,refactor|,refactoring/,refactor|,Refactor application to enable proper authentication,WIP Refactor application to enable proper authetication  Change-Id: I0f5760abee0098aa0c99e4a65ccee716dca7a3fb
124650,qt%2Fqtlocation~dev~I1d3dc556d73e273e2e364f77e2decaad11810547,https://codereview.qt-project.org/330872,3,7,3,0,770,631,2,31,39.8302777777778,337,refactoring/,refactor|,refactoring/,refactor|,QtPositioning: refactor QGeoPositionInfoSourceFactory,QtPositioning: refactor QGeoPositionInfoSourceFactory  [ChangeLog][QtPositioning][Important Behavior Changes] Remove QGeoPositionInfoSourceFactoryV2 and update QGeoPositionInfoSourceFactory to support source configuration parameters. Update plugin ID string.  Task-number: QTBUG-90491 Change-Id: I1d3dc556d73e273e2e364f77e2decaad11810547
125818,qtsdk%2Fqtsdk~master~I3edad7b6221191e946b3933368eb4ade1e08985b,https://codereview.qt-project.org/93633,6,3,0,0,96,13,2,1,2.29388888888889,134,refactoring/,refactor|,refactoring/,refactor|,Refactor -D QT_EVAL flag usage,Refactor -D QT_EVAL flag usage  Should be always used for all enterprise builds.  Change-Id: I3edad7b6221191e946b3933368eb4ade1e08985b
125856,qt%2Fqtbase~dev~I85eef86d35f0d1e2da25f09d92204e32abf6d7d3,https://codereview.qt-project.org/93067,6,17,7,0,617,9,3,1,175.493611111111,179,refactoring/,refactor|,refactoring/,refactor|,Refactor QString::contains(QRegularExpression),"Refactor QString::contains(QRegularExpression)  Unify the code of the two overloads, and use an opportunity to insert a move.  Change-Id: I85eef86d35f0d1e2da25f09d92204e32abf6d7d3"
126022,qbs%2Fqbs~1.3~I541abbf8e8ffa05190980179ecb0919184f130eb,https://codereview.qt-project.org/93390,3,3,0,0,96,18,2,1,0.582222222222222,202,refactoring/,refactor|,refactoring/,refactor|,qtprofilesetup: Refactor qt_lib_*.pri file reading.,qtprofilesetup: Refactor qt_lib_*.pri file reading.  Move this functionality to a dedicated function. It will get more complex in a follow-up patch.  Change-Id: I541abbf8e8ffa05190980179ecb0919184f130eb
126026,qt%2Fqtbase~5.4~Ice552910227ffbe31c6e8716ff7896af7c4532ef,https://codereview.qt-project.org/93277,4,4,0,0,184,191,2,2,25.4672222222222,235,refactoring/,refactor|,refactoring/,refactor|,winrt: Refactor internal socket buffer,winrt: Refactor internal socket buffer  Simplify the temporary buffer usage by using the built-in WinRT Buffer class. This also allows one use of the local event loop to be removed.  Change-Id: Ice552910227ffbe31c6e8716ff7896af7c4532ef
126063,installer-framework%2Finstaller-framework~master~Ic7e30a7b3b3f339beda61170e63f69c4b8938beb,https://codereview.qt-project.org/90804,5,12,2,0,1280,174,5,2,718.531944444444,92,refactoring/,refactor|,refactoring/,refactor|,Refactor binary engine implementation.,Refactor binary engine implementation.  Change-Id: Ic7e30a7b3b3f339beda61170e63f69c4b8938beb
126151,qt-labs%2Ftalk-schedule~master~Id3c231b7e720311701b73f216895c774f4c93009,https://codereview.qt-project.org/92997,3,14,6,0,776,801,6,11,95.9772222222222,311,refactoring/,refactor|,refactoring/,refactor|,Refactor events/favorites list,"WIP Refactor events/favorites list  The two views uses the same design, so make one view to share between the two models and create a delegate to accomodate each model.  Add expected signals to c++ model so the changes are reflected into the views directly.  Change-Id: Id3c231b7e720311701b73f216895c774f4c93009"
126467,qt-labs%2Ftalk-schedule~master~I5e5dfce175b5aa0c6e3320f8e125b4f9af592e5d,https://codereview.qt-project.org/92741,3,17,2,0,1298,257,5,5,23.7741666666667,212,refactoring/,refactor|,refactoring/,refactor|,Refactor DaySwitcher,Refactor DaySwitcher  - Abandon DropDownMenu. Decision to have the three days in one row - Use a ListView to display the days - Update the date format to show  Change-Id: I5e5dfce175b5aa0c6e3320f8e125b4f9af592e5d
126551,qt-labs%2Ftalk-schedule~master~Id1a849f269f90c07319b19b7b5e7d0052122f3a7,https://codereview.qt-project.org/92693,3,4,0,0,163,25,2,2,5.63555555555556,100,refactoring/,refactor|,refactoring/,refactor|,Refactor the main to use QQmlApplicationEngine,Refactor the main to use QQmlApplicationEngine  Change-Id: Id1a849f269f90c07319b19b7b5e7d0052122f3a7
126648,qt%2Fqt~4.8~Ie9eec5ec54af16a8d19e34d04bdd993cc7bbd0f5,https://codereview.qt-project.org/92549,6,9,4,0,611,54,4,3,8.18277777777778,706,refactoring/,refactor|,refactoring/,refactor|,refactor disconnectFromFtp to remove cached entries when necessary,"backport: refactor disconnectFromFtp to remove cached entries when necessary  In cases where a cached ftp connection fails to connect, or a file transfer has failed, we should removed the cached connection. Since qnam has an idea of a single internal QFtp per full operation, when file transfers failed previously the cached connection would be reused for subsequent connections and thus fail. This was backported from a fix in the 5.3 branch.  [ChangeLog][QtNetwork][QNetworkAccessManager] QNetworkAccessManager now properly handles FTP transfer failures by removing failed cached ftp connections. This was backported from 5.3  Task-number: QTBUG-40797 Change-Id: Ie9eec5ec54af16a8d19e34d04bdd993cc7bbd0f5"
126652,qt%2Fqtbase~dev~I5893c6ed47462c473886c722a21577b1e8a23841,https://codereview.qt-project.org/90985,6,20,0,0,10882,248,7,2,482.971944444445,290,refactoring/,refactor|,refactoring/,refactor|,"Unify and refactor QString::to{Upper,Lower,CaseFolded}","Unify and refactor QString::to{Upper,Lower,CaseFolded}  This unifies the code for those three functions in one refactored template function, using QStringIterator. I don't think there's any loss of performance by doing that refactoring.  Change-Id: I5893c6ed47462c473886c722a21577b1e8a23841"
126788,qt%2Fqtbase~5.3~Ie090a39ceddd7e58a0d8baf7d01f2a08c70162e5,https://codereview.qt-project.org/92378,6,5,0,0,249,48,2,3,5.50222222222222,617,refactoring/,refactor|,refactoring/,refactor|,refactor disconnectFromFtp to remove cached entries when necessary,"refactor disconnectFromFtp to remove cached entries when necessary  In cases where a cached ftp connection fails to connect, or a file transfer has failed, we should removed the cached connection. Since qnam has an idea of a single internal QFtp per full operation, when file transfers failed previously the cached connection would be reused for subsequent connections and thus fail.  [ChangeLog][QtNetwork][QNetworkAccessManager] QNetworkAccessManager now properly handles FTP transfer failures by removing failed cached ftp connections.  Task-number: QTBUG-40797 Change-Id: Ie090a39ceddd7e58a0d8baf7d01f2a08c70162e5"
127527,qt%2Fqtbase~dev~Iab3d915e279ad6468a75ef6257794f12acd8cb65,https://codereview.qt-project.org/88859,3,13,0,0,625,395,4,4,867.674166666667,308,refactoring/,refactor|,refactoring/,refactor|,winrt: Refactor backing store,"winrt: Refactor backing store  Thanks to new features in ANGLE, the backing store implementation complexity can be greatly reduced. By using framebuffer blit extensions, no shader code is required, and the shader loading code and blit shader are removed.  Change-Id: Iab3d915e279ad6468a75ef6257794f12acd8cb65"
127574,qt%2Fqtbase~dev~I462ece3e5c8fe8be914e039ba391a28a77e0d771,https://codereview.qt-project.org/91560,5,9,0,0,791,42,3,1,7.93361111111111,384,refactoring/,refactor|,refactoring/,refactor|,Windows: Refactor QWindowsDragCursorWindow().,"Windows: Refactor QWindowsDragCursorWindow().  QWindowsDragCursorWindow is a helper window used to display the drag cursor when doing DnD by touch, in which case Windows hides the mouse cursor. Base it on QRasterWindow and fix the size calculation for device pixel ratio scaling.  Task-number: QTBUG-38858 Task-number: QTBUG-38993  Change-Id: I462ece3e5c8fe8be914e039ba391a28a77e0d771"
127918,qt%2Fqtbase~dev~Ic1a7f66389df532acca88ddda37d35d6e7049a53,https://codereview.qt-project.org/91057,4,6,0,0,233,37,3,1,24.2725,207,refactoring/,refactor|,refactoring/,refactor|,Windows plugin: Refactor input context.,Windows plugin: Refactor input context.  - Use static invocation of QGuiApplication methods. - QInputMethod::queryFocusObject().  Task-number: QTBUG-40402 Change-Id: Ic1a7f66389df532acca88ddda37d35d6e7049a53
127952,qt%2Fqtbase~dev~I9748a420a0abeb07cc84f948965b1e0321a95ca2,https://codereview.qt-project.org/90911,7,32,11,0,1401,195,5,3,38.6133333333333,207,refactoring/,refactor|,refactoring/,refactor|,QOpenGLVAO: refactor the helper class and export it,"QOpenGLVAO: refactor the helper class and export it  It is useful in other places, for instance in QtQuick, to avoid duplicating the same resolver logic.  Change-Id: I9748a420a0abeb07cc84f948965b1e0321a95ca2"
128032,qt%2Fqtwebchannel~dev~I15e15b5130f99dc8b39dfbfa8cd3d8b2d34dbbc0,https://codereview.qt-project.org/89964,11,14,0,0,393,108,6,3,325.039166666667,400,refactoring/,refactor|,refactoring/,refactor|,Refactor JavaScript QWebChannel to take an external transport object.,"Refactor JavaScript QWebChannel to take an external transport object.  This assimilates the JavaScript side to the QML/C++ side. We get rid of the automagic WebSocket code. Instead, users pass in the WebSocket from the outside, if they want to use that for communication. In the QtWebKit/QtWebEngine cases, we will pass in our custom IPC objects.  Change-Id: I15e15b5130f99dc8b39dfbfa8cd3d8b2d34dbbc0"
128048,qt%2Fqtwebchannel~dev~Ia8c125a5558507b3cbecf128a46b19fdb013f47b,https://codereview.qt-project.org/89547,11,22,9,0,3135,1097,7,17,478.229722222222,562,refactoring/,refactor|,refactoring/,refactor|,Refactor and streamline API and IPC protocol.,"Refactor and streamline API and IPC protocol.  This patch removes the obsolete API support to send raw messages using a QWebChannel. Instead, it is encouraged to directly use WebSockets or navigator.qt.  By doing so, we can cleanup the code considerably. While at it, the transport API is adapted to work on QJsonObject messages, instead of QStrings. This will allow us to use more efficient formats in e.g. QtWebKit or QtWebEngine. One could also implement a JSONRPC interface using a custom transport then.  Change-Id: Ia8c125a5558507b3cbecf128a46b19fdb013f47b"
128170,qt%2Fqtbase~dev~Ie25fab57f77f5ceb11ced26ab7e7f86739f4c78b,https://codereview.qt-project.org/89502,5,17,7,0,507,134,5,1,452.638611111111,216,refactoring/,refactor|,refactoring/,refactor|,Refactor QString::split functions.,Refactor QString::split functions.  Implementation of the functions were moved to a templatized helper functions that will be used by QString::splitRef in future.  Change-Id: Ie25fab57f77f5ceb11ced26ab7e7f86739f4c78b
128632,qt%2Fqttools~dev~I5173034a02e29f88f8ca6f2b61c0caea6ba71778,https://codereview.qt-project.org/90222,5,6,0,0,194,105,3,1,25.755,516,refactoring/,refactor|,refactoring/,refactor|,androiddeployqt: Refactor findFilesRecursively(),"androiddeployqt: Refactor findFilesRecursively()  Currently, androiddeployqt expects all the detected dependencies to reside inside the Qt installation directory. Once we add support for the qmlimportscanner, however, they can reside in any of the qml import paths. The refactoring prepares the code for this, separating the relative path (the path of the file when it is installed on the device) and the absolute path (the source file).  Task-number: QTBUG-34175 Change-Id: I5173034a02e29f88f8ca6f2b61c0caea6ba71778"
128664,qt%2Fqtbase~dev~Ib6297e37d67b2c0ea251ae054b8ff877af2673a5,https://codereview.qt-project.org/89088,6,14,2,0,1227,875,5,6,432.698611111111,126,refactoring/,refactor|,refactoring/,refactor|,iOS: Refactor qioswindow.mm into quiview.mm and quiview_accessibility.mm,iOS: Refactor qioswindow.mm into quiview.mm and quiview_accessibility.mm  Change-Id: Ib6297e37d67b2c0ea251ae054b8ff877af2673a5
128752,qt%2Fqtquickcontrols~dev~Ib1eec3259d19ffea7aa8c2b76fed4e914f2ce3ec,https://codereview.qt-project.org/90134,5,7,0,0,327,295,2,4,2.47222222222222,216,refactoring/,refactor|,refactoring/,refactor|,TextField: refactor selection handles,TextField: refactor selection handles  Move the selection handles to a private type that can be re-used in SpinBox and editable ComboBox.  Task-number: QTBUG-38934 Change-Id: Ib1eec3259d19ffea7aa8c2b76fed4e914f2ce3ec
128805,qt-creator%2Fqt-creator~3.2~Ief2c880f40948c3bb724196d6e0cfe888b8ece89,https://codereview.qt-project.org/90075,3,6,1,0,184,278,3,7,15.2841666666667,486,refactoring/,refactor|,refactoring/,refactor|,"Core: Refactor handling of ""window state"" actions out of MainWindow","Core: Refactor handling of ""window state"" actions out of MainWindow  Currently the actions for fullscreen, minimize and zoom only apply to the main window, even if a different window is active. Refactor the handling of these actions into a WindowSupport class, and use that instead for the main window. In a second step, this will be used to add the functionality to the corresponding external windows (e.g. help and editor windows)  Change-Id: Ief2c880f40948c3bb724196d6e0cfe888b8ece89"
128986,qbs%2Fqbs~master~I258f97e8411a54e99fa274041f9054ce0703e273,https://codereview.qt-project.org/89851,3,4,0,0,122,63,2,2,0.451944444444444,170,refactoring/,refactor|,refactoring/,refactor|,Refactor BuildGraphLoader::load().,Refactor BuildGraphLoader::load().  Move the code that actually loads the project from a file into its own function.  Change-Id: I258f97e8411a54e99fa274041f9054ce0703e273
129000,qt-creator%2Fqt-creator~master~I785fc103ea7d12e1da4bfdaf1d4664ed83a9989b,https://codereview.qt-project.org/89697,3,8,4,0,308,228,3,4,94.2108333333333,281,refactoring/,refactor|,refactoring/,refactor|,ProjectWizardPage: Refactor code a little,ProjectWizardPage: Refactor code a little  Move functionality from the projectfilewizardextension into the projectwizardpage itself and reduce the size of the context shared between the extension and the page to a bare minimum.  Change-Id: I785fc103ea7d12e1da4bfdaf1d4664ed83a9989b
129077,qt%2Fqtmultimedia~5.3~I9baf6f83e7c69619f20a101921f7865a1c90d5e4,https://codereview.qt-project.org/87794,3,3,0,0,119,2216,2,15,554.283055555556,614,refactoring/,refactor|,refactoring/,refactor|,DirectShow: Refactor camera backend.,DirectShow: Refactor camera backend.  Almost entire rewrite of the camera backend. It doesn't provide new features but is more stable and behave as it should.  - Correctly report camera state and status - Correctly report if the camera is ready to capture - Emit imageExposed() signal - Save captured images in an appropriate directory - Images can be captured even without a viewport - Better error handling  Removed the custom QVideoWidgetControl as it doesn't provide anything more than the QVideoWidget's renderer control fallback.  Task-number: QTBUG-33782 Change-Id: I9baf6f83e7c69619f20a101921f7865a1c90d5e4
129283,qt-creator%2Fqt-creator~3.2~I42d291d8f8c0e76e289e56055044c369e8be8a89,https://codereview.qt-project.org/89305,3,11,3,0,307,156,4,4,46.4825,106,refactoring/,refactor|,refactoring/,refactor|,Core: Refactor file dropping into reusable component,Core: Refactor file dropping into reusable component  Change-Id: I42d291d8f8c0e76e289e56055044c369e8be8a89
129338,qt%2Fqtbase~dev~If8b7f76d48beab470f6cac0bfdeaf56058237e94,https://codereview.qt-project.org/89033,4,11,2,0,422,58,3,1,122.209444444444,207,refactoring/,refactor|,refactoring/,refactor|,Refactor custom/standard color selectors in QColorDialog.,Refactor custom/standard color selectors in QColorDialog.  Introduce an enumeration for the rows/columns and use std::find() to find the matching colors.  Change-Id: If8b7f76d48beab470f6cac0bfdeaf56058237e94
129406,qt%2Fqtbase~5.3~Ic3de2be51305972b096e1ed0a477e341eb5d9404,https://codereview.qt-project.org/87381,3,6,0,0,233,34,3,1,581.506666666667,290,refactoring/,refactor|,refactoring/,refactor|,Android: Refactor exception checking in qjni.,"Android: Refactor exception checking in qjni.  In places where we call java/jni functions that can throw exceptions, we check and clear the exception, if necessary. This change moves the ""checking"" code into a single (private) function.  Change-Id: Ic3de2be51305972b096e1ed0a477e341eb5d9404"
129770,qt-creator%2Fqt-creator~3.2~Ie3816d84ea715691256f757fdd9a7b666fb6c27c,https://codereview.qt-project.org/88929,4,6,3,0,325,18,2,1,0.854444444444444,180,refactoring/,refactor|,refactoring/,refactor|,Refactor text retrieval of the code paster plugin.,Refactor text retrieval of the code paster plugin.  Try to obtain text via ITextEditorDocument.  Task-number: QTCREATORBUG-9669 Change-Id: Ie3816d84ea715691256f757fdd9a7b666fb6c27c
129797,qt%2Fqtwinextras~dev~Ic70422d98d0bc3d486b32fb3534400b9fff8d324,https://codereview.qt-project.org/88601,6,11,0,0,524,100,4,6,116.19,331,refactoring/,refactor|,refactoring/,refactor|,Refactor QQuickIconLoader.,"WIP: Refactor icon loader.  - Add pixmap support (TODO)  TODO: - Add QPixmap mode - Make some delayed initialized singleton or similar, do   not instantiate in each button. If that is not possible,   instantiate shared in toolbar and share in buttons.  Task-number: QTBUG-36730  Change-Id: Ic70422d98d0bc3d486b32fb3534400b9fff8d324"
129897,qt-creator%2Fqt-creator~3.2~I6d5085b591439cc2e79ca0f9872a1c0497c5f220,https://codereview.qt-project.org/88434,3,17,0,0,442,10,8,2,121.5725,119,refactoring/,refactor|,refactoring/,refactor|,QmlDesigner: Refactor currentModel() getters in QmlDesignerPlugin,QmlDesigner: Refactor currentModel() getters in QmlDesignerPlugin  Change-Id: I6d5085b591439cc2e79ca0f9872a1c0497c5f220
129947,pyside%2Fpyside-setup~dev~I70b798e531787d4932605ed5121b523fff5c1110,https://codereview.qt-project.org/330697,4,6,0,0,691,195,2,5,22.0005555555556,349,refactoring/,refactor|,refactoring/,refactor|,shiboken6: Refactor options parsing,"shiboken6: Refactor options parsing  Replace the string map in the CommandLineArguments struct by a QVariantMap, which can store strings and string lists. A number of list split and join operations can then be removed. Replace the path splitter by QDir::listSeparator().  Task-number: PYSIDE-1477 Change-Id: I70b798e531787d4932605ed5121b523fff5c1110"
129959,pyside%2Fpyside-setup~dev~I69fa5e149818c8186755810c013232aa40d03dd9,https://codereview.qt-project.org/330666,4,12,0,0,5995,48,2,1,22.77,318,refactoring/,refactor|,refactoring/,refactor|,shiboken6: Refactor parsing project files,shiboken6: Refactor parsing project files  Use a std::optional<CommandLineArguments> as return value. An error can then be distinguished from an empty map. Add error handling for failing to open a project file which was previously ignored.  Task-number: PYSIDE-1477 Change-Id: I69fa5e149818c8186755810c013232aa40d03dd9
130692,qt-creator%2Fqt-creator~3.2~I01017b9e8f6ea5a444a6927756b8fb5370020e90,https://codereview.qt-project.org/88433,3,5,0,0,385,26,3,2,5.06722222222222,125,refactoring/,refactor|,refactoring/,refactor|,QmlDesigner: Refactor the rewriterView getters in the QmlDesignerPlugin,QmlDesigner: Refactor the rewriterView getters in the QmlDesignerPlugin  Change-Id: I01017b9e8f6ea5a444a6927756b8fb5370020e90
130789,qt%2Fqtbase~dev~I18a5573df2a8fa32d1982c61e665d5df664b6db0,https://codereview.qt-project.org/87855,3,21,5,0,919,185,7,1,155.730833333333,547,refactoring/,refactor|,refactoring/,refactor|,winrt: Refactor timer callbacks,"***winrt: Refactor thread pool timers for new threading model  With the previous solution, a thread pool timer callback fired in the same thread as the dispatcher. Now that timers can be called from the base thread pool, callbacks can come from alternate threads and so the associated event dispatcher must be tracked. This change refactors how timer info objects are created and tracked so that they can be properly created/destroyed/queued inside the timer callbacks.  All QTimer tests pass.  Change-Id: I18a5573df2a8fa32d1982c61e665d5df664b6db0"
131172,qt-creator%2Fqt-creator~master~I0876f3b94df6ea0cf457e67306c89a798f0c8bfd,https://codereview.qt-project.org/87809,3,5,0,0,145,54,3,7,21.5891666666667,91,refactoring/,refactor|,refactoring/,refactor|,QmkDesigner: Refactor ItemLibraryItem,QmkDesigner: Refactor ItemLibraryItem  Change-Id: I0876f3b94df6ea0cf457e67306c89a798f0c8bfd
131179,qt-creator%2Fqt-creator~master~I5674493c16acf6fb86abd0f56c318ceff021e1b5,https://codereview.qt-project.org/87810,4,17,2,0,1903,163,8,5,21.2044444444444,476,refactoring/,refactor|,refactoring/,refactor|,QmlDesigner.ComponentCore: Refactor and export AbstractActionGroup,"QmlDesigner.ComponentCore: Refactor and export MenuDesignerAction  The classes in modelnodecontextmenu_helper.h are used to create a huge bunch of AbstractDesignerAction objects in a prototype based way using function pointers.  Those classes are not intended for reuse and I renamed them to ...Prototype.  Instead this patch adds MenuDesignerAction which makes adding sub menus easier, but does not use function pointers.  Change-Id: I5674493c16acf6fb86abd0f56c318ceff021e1b5"
131383,qt-creator%2Fqt-creator~master~Iba591f255f3d9504b4613e5f712bb94b5ce7c19a,https://codereview.qt-project.org/87548,3,5,0,0,145,53,3,1,4.2225,94,refactoring/,refactor|,refactoring/,refactor|,QmlDesigner: Refactor component handling,QmlDesigner: Refactor component handling  Change-Id: Iba591f255f3d9504b4613e5f712bb94b5ce7c19a
131397,qt-creator%2Fqt-creator~master~Idc156aff3023a75c41e06b822c0248f746b5e51d,https://codereview.qt-project.org/87549,2,3,0,0,96,26,2,1,1.31138888888889,95,refactoring/,refactor|,refactoring/,refactor|,QmlDesigner: Refactor openInlineComponent,QmlDesigner: Refactor openInlineComponent  Change-Id: Idc156aff3023a75c41e06b822c0248f746b5e51d
131797,qt%2Fqtserialport~stable~Iddc2a9511230e56e4a9d01a4c22af7b2eaeae60c,https://codereview.qt-project.org/86668,7,9,10,0,432,81,2,1,95.8163888888889,637,refactoring/,refactor|,refactoring/,refactor|,Refactor the availablePortsByUdev() in favor to readability,"Refactor the availablePortsByUdev() in favor to readability  Implementation of the availablePortsByUdev() function is a little complicated by excess ""if/else"" conditions and also too long lines, that worsens readability.  It is reasonable to make the following:  * To get rid of the big ""if {...}"" blocks in favor to immediate return from function in case of an error. It will allow to reduce a quantity of lines and will shift code alignment to the left.  * To split declaration of some long variables and functions into separate lines, with length at least up to 80~100 characters.  Change-Id: Iddc2a9511230e56e4a9d01a4c22af7b2eaeae60c"
132213,qt-creator%2Fqt-creator~master~Ic3768bbd3ed3f65b456b0e9e2b4c8ab9497ca1ce,https://codereview.qt-project.org/85515,3,17,0,0,1269,194,8,5,455.894444444444,96,refactoring/,refactor|,refactoring/,refactor|,QmlDesigner: Refactor ItemLibraryModel,WIP QmlDesigner: Refactor ItemLibraryModel  Change-Id: Ic3768bbd3ed3f65b456b0e9e2b4c8ab9497ca1ce
132603,qt%2Fqtserialport~stable~I79d731c1a0178ef0238495d7e9bb3e1b866e82c0,https://codereview.qt-project.org/85389,5,30,16,0,1446,78,4,2,306.580277777778,149,refactoring/,refactor|,refactoring/,refactor|,Refactor unix setBaudRate() error handling,Refactor unix setBaudRate() error handling  Return QSerialPort::SerialPortError instead of bool  Change-Id: I79d731c1a0178ef0238495d7e9bb3e1b866e82c0
132754,qbs%2Fqbs~master~I02ffa00b53e722dbb3d94d2bc14f4a5b88302675,https://codereview.qt-project.org/86044,3,6,1,0,252,39,2,2,21.4666666666667,111,refactoring/,refactor|,refactoring/,refactor|,refactor rule application,refactor rule application  Move invariant out of doApply.  Change-Id: I02ffa00b53e722dbb3d94d2bc14f4a5b88302675
133321,qt%2Fqtbase~dev~Id9d4af34acb2cf15d8553d5e5a6390fae6014ff6,https://codereview.qt-project.org/85356,5,26,4,0,1619,328,6,3,26.9663888888889,184,refactoring/,refactor|,refactoring/,refactor|,Windows: Refactor cursor creation code.,"Windows: Refactor cursor creation code.  Factor out a function creating bitmap cursors, streamline code.  Task-number: QTBUG-37862  Change-Id: Id9d4af34acb2cf15d8553d5e5a6390fae6014ff6"
133360,qt%2Fqtbase~dev~Iac7409c4dbf0fdc3ee993ce4f7dc96cb00a422e6,https://codereview.qt-project.org/85195,6,28,6,0,2567,510,3,15,66.0272222222222,367,refactoring/,refactor|,refactoring/,refactor|,qpa: Clean up and refactor qfontengine_qpa,"qpa: Clean up and refactor qfontengine_qpa  QFontEngineQPA was really QFontEngineQPF2, and has been renamed. The multi font engine in qfontengine_qpa.cpp was really a base implementation of a multi font engine, used by other multi font engines, and has been renamed and moved accordingly into qfontengine_p.h/cpp.  Change-Id: Iac7409c4dbf0fdc3ee993ce4f7dc96cb00a422e6"
133364,qt-labs%2Fweather-app~master~Idd5dd07c1951fe70320f8434e0cfe8f211518277,https://codereview.qt-project.org/84207,3,8,0,0,295,144,3,3,402.593055555556,176,refactoring/,refactor|,refactoring/,refactor|,Refactor the zoom page,"Refactor the zoom page  Make the design more flexible to sliderHandleWidth, sliderHandleHeigth and sliderGapWidth changes.  Change-Id: Idd5dd07c1951fe70320f8434e0cfe8f211518277"
133388,qt%2Fqtserialport~stable~Ia26d5472219756fbf186c78aa049bba72966d7b5,https://codereview.qt-project.org/84140,5,91,42,0,11157,157,12,2,455.155,196,refactoring/,refactor|,refactoring/,refactor|,Refactor QSerialPortPrivate::setBaudRate(),Refactor QSerialPortPrivate::setBaudRate()  Split platform specific functions into their own setBaudRate_sys() methods to improve readability.  Change-Id: Ia26d5472219756fbf186c78aa049bba72966d7b5
133792,qt-creator%2Fqt-creator~master~If5e1c5dbd8dd6f52bcf43d88256201a4a3c4aa9a,https://codereview.qt-project.org/84974,2,3,0,0,163,7,1,2,0.620555555555556,101,refactoring/,refactor|,refactoring/,refactor|,QmlDesigner: Refactor NavigatorWidget::treeView,QmlDesigner: Refactor NavigatorWidget::treeView  Change-Id: If5e1c5dbd8dd6f52bcf43d88256201a4a3c4aa9a
133793,qt-creator%2Fqt-creator~master~I92003bda65077a5f1f15e34e3aec46edac852c56,https://codereview.qt-project.org/84973,2,3,0,0,163,8,1,1,0.635,113,refactoring/,refactor|,refactoring/,refactor|,QmlDesigner: Refactor NavigatorWidget::createToolBarWidgets,QmlDesigner: Refactor NavigatorWidget::createToolBarWidgets  Change-Id: I92003bda65077a5f1f15e34e3aec46edac852c56
133911,qt-creator%2Fqt-creator~master~Ibe187cc432f212889f56ec6ef8a2b9ff742e8a9e,https://codereview.qt-project.org/84750,3,3,0,0,163,16,1,1,22.7702777777778,89,refactoring/,refactor|,refactoring/,refactor|,QmlDesigner: Refactor NavigatorView,QmlDesigner: Refactor NavigatorView  Change-Id: Ibe187cc432f212889f56ec6ef8a2b9ff742e8a9e
133913,qt-creator%2Fqt-creator~master~I501da870a8ebfbeb80a2c12010eadadbb3a158a3,https://codereview.qt-project.org/84693,3,5,0,0,219,201,2,2,41.8436111111111,92,refactoring/,refactor|,refactoring/,refactor|,QmlDesigner: Refactor NameItemDelegate,QmlDesigner: Refactor NameItemDelegate  Change-Id: I501da870a8ebfbeb80a2c12010eadadbb3a158a3
133915,qt-creator%2Fqt-creator~master~I947b3f928a8a83e2930a0f996f9d04a8fe85ff0b,https://codereview.qt-project.org/84691,3,5,0,0,219,65,2,2,41.8394444444444,100,refactoring/,refactor|,refactoring/,refactor|,QmlDesigner: Refactor IconCheckboxItemDelegate,QmlDesigner: Refactor IconCheckboxItemDelegate  Change-Id: I947b3f928a8a83e2930a0f996f9d04a8fe85ff0b
133984,qt-creator%2Fqt-creator~master~I439d049bfc399252aee1865ea66c920859c88d2f,https://codereview.qt-project.org/84744,4,4,0,0,424,8,1,1,3.14,125,refactoring/,refactor|,refactoring/,refactor|,QmlDesigner: Refactor QmlDesignerPlugin::selectModelNodeUnderTextCursor,QmlDesigner: Refactor QmlDesignerPlugin::selectModelNodeUnderTextCursor  Change-Id: I439d049bfc399252aee1865ea66c920859c88d2f
134139,qt%2Fqt~4.8~I4ce3d8b90d116960b2044d3fafe3f745f6141416,https://codereview.qt-project.org/59523,9,70,58,0,6213,53,16,5,7576.3325,568,refactoring/,refactor|,refactoring/,refactor|,Refactor OS X bundle detection for QFileInfo,Refactor OS X bundle detection for QFileInfo  CFBundleGetPackageInfoInDirectory originaly used tests for the presence of two informations that are not mandatory in a bundle. The new implementation uses known bundle extensions as well as Launch Services to try to find if the bundle is known to the system.  The unix Makefile for qmake now also builds qfilesystemengine_mac The code has been wrapped in the same ifdefs found in the header and qfilesystemengine_unix to avoid build problems.  Task-number: QTBUG-31884 Change-Id: I4ce3d8b90d116960b2044d3fafe3f745f6141416
134241,qt-creator%2Fqt-creator~master~Icafc4deb2e879acbbc32bb6950256f8b3494ac10,https://codereview.qt-project.org/84379,2,3,0,0,163,39,1,1,0.0472222222222222,104,refactoring/,refactor|,refactoring/,refactor|,QmlDesigner: Refactor NavigatorTreeModel::mimeData,QmlDesigner: Refactor NavigatorTreeModel::mimeData  Change-Id: Icafc4deb2e879acbbc32bb6950256f8b3494ac10
134243,qt-creator%2Fqt-creator~master~Idadaf9ff50b3d284ad64341a379db4ae1babbaa2,https://codereview.qt-project.org/84377,2,3,0,0,163,55,1,1,0.0416666666666667,114,refactoring/,refactor|,refactoring/,refactor|,QmlDesigner: Refactor NavigatorTreeModel::updateItemRowOrder,QmlDesigner: Refactor NavigatorTreeModel::updateItemRowOrder  Change-Id: Idadaf9ff50b3d284ad64341a379db4ae1babbaa2
134256,qt-creator%2Fqt-creator~master~I08db749f9b284b34e14f684f2369eee42ee67414,https://codereview.qt-project.org/84369,3,3,0,0,163,119,1,1,0.326111111111111,108,refactoring/,refactor|,refactoring/,refactor|,QmlDesigner: Refactor NavigatorTreeModel::dropMimeData,QmlDesigner: Refactor NavigatorTreeModel::dropMimeData  Change-Id: I08db749f9b284b34e14f684f2369eee42ee67414
134260,qt-creator%2Fqt-creator~master~Ibcd2068b20fdc50ffcc6c21fae1b0c289f08637c,https://codereview.qt-project.org/84312,2,3,0,0,163,132,1,2,22.9936111111111,116,refactoring/,refactor|,refactoring/,refactor|,QmlDesigner: Refactor NavigatorTreeModel::moveNodesInteractive,QmlDesigner: Refactor NavigatorTreeModel::moveNodesInteractive  Change-Id: Ibcd2068b20fdc50ffcc6c21fae1b0c289f08637c
134336,qt-creator%2Fqt-creator~master~I214b9a2c4ee751592e49eb0b7eba86c48c17c5a3,https://codereview.qt-project.org/84243,3,12,1,0,420,80,5,2,16.4225,113,refactoring/,refactor|,refactoring/,refactor|,QmlDesigner: Refactor NavigatorTreeModel::handleChangedItem,QmlDesigner: Refactor NavigatorTreeModel::handleChangedItem  Change-Id: I214b9a2c4ee751592e49eb0b7eba86c48c17c5a3
134340,qt-creator%2Fqt-creator~master~I7d4c26ce118e6346be7110002cc2197970392aa4,https://codereview.qt-project.org/84239,3,3,0,0,163,19,1,1,16.4052777777778,99,refactoring/,refactor|,refactoring/,refactor|,QmlDesigner: Refactor appendNodeToEndOfTheRow,QmlDesigner: Refactor appendNodeToEndOfTheRow  Change-Id: I7d4c26ce118e6346be7110002cc2197970392aa4
134341,qt-creator%2Fqt-creator~master~I0b89f81cb122704b827395c937a0b7dd7d605722,https://codereview.qt-project.org/84238,2,3,0,0,163,47,1,1,16.4022222222222,114,refactoring/,refactor|,refactoring/,refactor|,QmlDesigner: Refactor NavigatorTreeModel::updateItemRowOrder,QmlDesigner: Refactor NavigatorTreeModel::updateItemRowOrder  Change-Id: I0b89f81cb122704b827395c937a0b7dd7d605722
134345,qt-creator%2Fqt-creator~master~Icb63e96a305152f90135a2656536de2581faafaf,https://codereview.qt-project.org/84249,4,5,2,0,229,78,1,22,3.95472222222222,277,refactoring/,refactor|,refactoring/,refactor|,ProjectNodes: Refactor runConfigurationsFor(),ProjectNodes: Refactor runConfigurationsFor()  Rename to runConfigurations() and remove the node argument which is available as 'this'. Adjust const-ness of node argument in RunConfigurationFactory::runConfigurationsForNode  Change-Id: Icb63e96a305152f90135a2656536de2581faafaf
134594,qt-creator%2Fqt-creator~master~Ibed59ae8a9e84030c4ca303760ed939b021ec4cb,https://codereview.qt-project.org/84074,2,3,0,0,163,34,1,1,0.00305555555555556,109,refactoring/,refactor|,refactoring/,refactor|,QmlDesigner: Refactor NavigatorTreeModel::removeSubTree,QmlDesigner: Refactor NavigatorTreeModel::removeSubTree  Change-Id: Ibed59ae8a9e84030c4ca303760ed939b021ec4cb
134618,qt-creator%2Fqt-creator~master~Ibd8df868c2e86305e253657e1dba0d3bc421f275,https://codereview.qt-project.org/84039,2,3,0,0,163,235,1,2,0.132777777777778,106,refactoring/,refactor|,refactoring/,refactor|,QmlDesigner: Refactor NavigatorTreeModel::addSubTree,QmlDesigner: Refactor NavigatorTreeModel::addSubTree  Change-Id: Ibd8df868c2e86305e253657e1dba0d3bc421f275
134625,qt-creator%2Fqt-creator~master~Iee8637607d60e8629b28098e740beba5e369bb09,https://codereview.qt-project.org/83970,3,3,0,0,163,28,1,1,22.8936111111111,114,refactoring/,refactor|,refactoring/,refactor|,QmlDesigner: Refactor positioning code in NavigatorTreeModel,QmlDesigner: Refactor positioning code in NavigatorTreeModel  Change-Id: Iee8637607d60e8629b28098e740beba5e369bb09
134626,qt-creator%2Fqt-creator~master~I594b8255e1515f1307eb6c669e26f0a4045484ed,https://codereview.qt-project.org/83964,3,4,2,0,216,924,1,15,23.0308333333333,88,refactoring/,refactor|,refactoring/,refactor|,QmlDesigner: Refactor anchor lines,QmlDesigner: Refactor anchor lines  Change-Id: I594b8255e1515f1307eb6c669e26f0a4045484ed
134682,qt-creator%2Fqt-creator~master~Ib2866296c03db0ab8866a3b99761ef83c5000884,https://codereview.qt-project.org/83963,2,3,0,0,163,17,1,1,0.005,117,refactoring/,refactor|,refactoring/,refactor|,QmlDesigner: Refactor clear position code in NavigatorTreeModel,QmlDesigner: Refactor clear position code in NavigatorTreeModel  Change-Id: Ib2866296c03db0ab8866a3b99761ef83c5000884
134883,qt%2Fqtbase~stable~I03c8fc183863473b7337223e51835cf080914a41,https://codereview.qt-project.org/83556,4,8,0,0,522,227,2,1,26.4863888888889,303,refactoring/,refactor|,refactoring/,refactor|,Direct2D QPA: Refactor code to reduce code duplication,Direct2D QPA: Refactor code to reduce code duplication  Refactor duplicate logic in painterPathToPathGeometry and vectorPathToID2D1PathGeometry into one utility class. At the same time make the naming of the two functions consistent with each other.  Change-Id: I03c8fc183863473b7337223e51835cf080914a41
134977,qt%2Fqtconnectivity~stable~If449420d936c96e62518fc408e6a1e35b79988a8,https://codereview.qt-project.org/83481,3,8,0,0,566,22,3,3,24.1216666666667,344,refactoring/,refactor|,refactoring/,refactor|,Refactor disconnection signals emittance in QBluetoothSocket,Refactor disconnection signals emittance in QBluetoothSocket  This fixes duplicate switching to the unconnected state in case the disconnect() signal is used to reconnect.  [ChangeLog][QtBluetooth][QBluetoothSocket] Fix duplicate switching to the unconnected state in the reconnection case.  Change-Id: If449420d936c96e62518fc408e6a1e35b79988a8
135067,qbs%2Fqbs~master~I9668ba213953698bc438ef3777cef77665a09072,https://codereview.qt-project.org/83351,4,12,0,0,956,83,3,4,73.2791666666667,178,refactoring/,refactor|,refactoring/,refactor|,Refactor JavaScript functions into more sensible locations.,Refactor JavaScript functions into more sensible locations.  NOTE: Gcc.removePrefixAndSuffix had no callers and was removed.  Change-Id: I9668ba213953698bc438ef3777cef77665a09072
135199,qtsdk%2Fqtsdk~master~I0eae600434942abfcfbb3f214018311479347d97,https://codereview.qt-project.org/83255,4,11,3,0,820,132,4,1,3.885,150,refactoring/,refactor|,refactoring/,refactor|,Refactor extra module build initialization,Refactor extra module build initialization  This makes version tracking easier for extra modules  Change-Id: I0eae600434942abfcfbb3f214018311479347d97
135236,qt-creator%2Fqt-creator~master~Idf729d85b604ad770339d8d914c5d554d2526221,https://codereview.qt-project.org/83029,4,4,0,0,225,33,1,2,47.4416666666667,82,refactoring/,refactor|,refactoring/,refactor|,Refactor open editors window,Refactor open editors window  Change-Id: Idf729d85b604ad770339d8d914c5d554d2526221
135488,qt-creator%2Fqt-creator~master~Icc88b5b884f1d60458c7c3254c2d13d7ab4592de,https://codereview.qt-project.org/329735,3,4,0,0,183,302,2,2,44.3163888888889,292,refactoring/,refactor|,refactoring/,refactor|,CPlusPlus: Refactor FindUsages::getType(),"CPlusPlus: Refactor FindUsages::getType()  Use a dedicated class instead of a collection of lambdas. We had difficulties debugging this code, as gdb appears to have problems stepping into lambdas. The new structure is also easier to read.  Change-Id: Icc88b5b884f1d60458c7c3254c2d13d7ab4592de"
135619,qt-creator%2Fqt-creator~master~I5c44016014749d0d958b91a9a1ee9b35d3ea5eaa,https://codereview.qt-project.org/328924,5,14,0,0,643,452,7,3,160.699166666667,229,refactoring/,refactor|,refactoring/,refactor|,Refactor CppElementEvaluator,WIP: Refactor CppElementEvaluator  Separate the use of CppElementEvaluator for CppHoverHandler from the use for CppTypeHierarchyWidget. They are in fact much different things.  Change-Id: I5c44016014749d0d958b91a9a1ee9b35d3ea5eaa
137124,qt%2Fqtbase~stable~I1e135b8b1e3faeb213aa370ea59ebde3a671273d,https://codereview.qt-project.org/81351,4,8,0,0,521,139,2,1,54.3097222222222,334,refactoring/,refactor|,refactoring/,refactor|,Cleanup and refactor QFontconfigDatabase::fontEngine,"Cleanup and refactor qfontconfigdatabase  Refactors the logic to parse the font configuration from fontconfig, so that it maybe reused for custom fonts in a later patch.  Also fixes a minor mistake that meant we defaulted to medium hinting, where we tried to default full hinting.  Change-Id: I1e135b8b1e3faeb213aa370ea59ebde3a671273d"
137146,qt%2Fqtwebchannel~master~I277eb5d7337d398fdf0694ef539d3b6ab7e5d332,https://codereview.qt-project.org/77475,7,7,1,0,336,284,2,5,1053.97777777778,224,refactoring/,refactor|,refactoring/,refactor|,Refactor QML test code and add a test for multiple websocket clients.,Refactor QML test code and add a test for multiple websocket clients.  This will allow us to refactor the handling of multiple clients without breaking the functionality.  Change-Id: I277eb5d7337d398fdf0694ef539d3b6ab7e5d332
137251,qt-creator%2Fqt-creator~3.1~Id0988fda89b7a671be5f57e511650bd7c73c2d84,https://codereview.qt-project.org/81364,4,10,0,0,870,481,4,2,19.6044444444444,167,refactoring/,refactor|,refactoring/,refactor|,QmlDesigner.PropertyEditor: Refactor LayoutSection,QmlDesigner.PropertyEditor: Refactor LayoutSection  Avoiding duplication of code and giving the label more space.  Change-Id: Id0988fda89b7a671be5f57e511650bd7c73c2d84
137800,qt-labs%2Fweather-app~master~I702c708ea58731c5a0e213f70507e7b49b621743,https://codereview.qt-project.org/80360,6,12,4,0,609,240,3,3,161.555,262,refactoring/,refactor|,refactoring/,refactor|,Refactor long term page.,WIP Refactor long term page.  The previous design makes it to cumbersome to adjust properly to strings in different languages.  Now the GridLayout will take care of the column widths according to the content.  Change-Id: I702c708ea58731c5a0e213f70507e7b49b621743
138052,qt-creator%2Fqt-creator~3.1~I3f5daa3d2ce14c28d48c2e1e996ec4935d1dae3f,https://codereview.qt-project.org/80629,2,3,0,0,163,318,1,6,0.0316666666666667,131,refactoring/,refactor|,refactoring/,refactor|,DiffEditor: refactor internal structures.,DiffEditor: refactor internal structures.  Simplify the implementation a lot.  Change-Id: I3f5daa3d2ce14c28d48c2e1e996ec4935d1dae3f
138074,qt-creator%2Fqt-creator~3.1~Ie19c3405d671b16ae51ba37ea00f21bbbde785c8,https://codereview.qt-project.org/80597,4,3,0,0,196,49,1,1,0.197222222222222,213,refactoring/,refactor|,refactoring/,refactor|,QmlDesigner: Refactor FormEditorItem::paintPlaceHolderForInvisbleItem,QmlDesigner: Refactor FormEditorItem::paintPlaceHolderForInvisbleItem  The method is doing to things so splitting it up in two functions makes this more clear.  Change-Id: Ie19c3405d671b16ae51ba37ea00f21bbbde785c8
138403,qt-creator%2Fqt-creator~master~I92675bf1c19ef60bec22836eda56240c2f2e4c80,https://codereview.qt-project.org/80140,3,12,0,0,636,99,4,1,1.31944444444444,170,refactoring/,refactor|,refactoring/,refactor|,SettingsAccessor: Refactor helper functions for merge/track sticky,SettingsAccessor: Refactor helper functions for merge/track sticky  Instead of a template use a abstract base class.  Change-Id: I92675bf1c19ef60bec22836eda56240c2f2e4c80
139006,qt-creator%2Fqt-creator~3.1~Id9cb87d099cecb61a2774e7a4fffcc162dece604,https://codereview.qt-project.org/79392,2,3,0,0,163,76,1,1,0.005,171,refactoring/,refactor|,refactoring/,refactor|,Refactor internal structures inside diff editor,"Refactor internal structures inside diff editor  Move ""changed"" property out of TextLineData into RowData as ""equal"".  Change-Id: Id9cb87d099cecb61a2774e7a4fffcc162dece604"
139112,qt-creator%2Fqt-creator~3.1~I8bdf3830e230b5db3d6041fae0d22c05cfc047d8,https://codereview.qt-project.org/79251,3,7,6,0,336,28,2,1,1.87861111111111,69,refactoring/,refactor|,refactoring/,refactor|,Small refactor.,Small refactor.  Change-Id: I8bdf3830e230b5db3d6041fae0d22c05cfc047d8
139691,qtsdk%2Fqtsdk~master~Ibf021d47d1758e475e8ffa9b167dc746cd942e55,https://codereview.qt-project.org/78323,4,8,1,0,502,245,3,2,45.0211111111111,84,refactoring/,refactor|,refactoring/,refactor|,Refactor installer build logic,Refactor installer build logic  Change-Id: Ibf021d47d1758e475e8ffa9b167dc746cd942e55
139857,qt%2Fqtbase~dev~I6d29bba011849da5210f6f4d595e3c2e0c021449,https://codereview.qt-project.org/77773,5,27,9,0,4058,60,3,6,154.1775,284,refactoring/,refactor|,refactoring/,refactor|,Refactor the handling of the navigator swipe down event,Refactor the handling of the navigator swipe down event  The navigator swipe down event is mapped to a platform panel event of the root window. Furthermore the NavigatorEventHandler is exposed through the QPlatformNativeInterface.  Change-Id: I6d29bba011849da5210f6f4d595e3c2e0c021449
140066,qt%2Fqtwebengine~master~I90ab2e1efc0c9703fc5b6ef57b38204ac8eea828,https://codereview.qt-project.org/78059,6,11,2,0,556,142,3,2,4.02305555555556,591,refactoring/,refactor|,refactoring/,refactor|,Refactor the way callbacks are stored,"Refactor the way callbacks are stored  With the upcoming addition of a new type of callback result, this patch allows storing multiple callback types in the same QHash instead or requiring a different hash table just to please the type system.  This does so by managing the ref-counted callback pointers directly instead of relying on a templated QExplicitlySharedDataPointer that requires a different type for each different callback pointer type.  The ref-counting, construction and destruction is managed through a run-time type enum.  Change-Id: I90ab2e1efc0c9703fc5b6ef57b38204ac8eea828"
140446,qt%2Fqtbase~dev~Ia3161ecd59753f3f39d2a5967e9cb922cf0b9203,https://codereview.qt-project.org/77250,4,31,0,0,3138,81,1,2,116.355555555556,404,refactoring/,refactor|,refactoring/,refactor|,Windows: Refactor code registering/unregistering drop sites.,Windows: Refactor code registering/unregistering drop sites.  Only top level windows of certain types should be drop sites. Add code to update drop site registration to setParent().  This ensures the drop site is unregistered for example when winId() is invoked on a parentless widgets which is later inserted into a layout.  Task-number: QTBUG-33635  Change-Id: Ia3161ecd59753f3f39d2a5967e9cb922cf0b9203
141307,qt-creator%2Fqt-creator~4.14~Id95721b13454f0062a144263b1c518402a556e5f,https://codereview.qt-project.org/327873,3,6,0,0,229,71,3,2,355.181944444444,76,refactoring/,refactor|,refactoring/,refactor|,Refactor label drawing,Refactor label drawing  Change-Id: Id95721b13454f0062a144263b1c518402a556e5f
141649,qt-creator%2Fqt-creator~master~I97fc0887ef27c821252283ccbad655ac0bc79f0a,https://codereview.qt-project.org/75863,3,15,0,0,775,844,7,2,309.705,112,refactoring/,refactor|,refactoring/,refactor|,"Refactor diff editor widget, fix whitespaces handling","WIP: Refactor diff editor widget, fix whitespaces handling  Change-Id: I97fc0887ef27c821252283ccbad655ac0bc79f0a"
141824,qt%2Fqtbase~dev~Iafcbfd9ec9e8c6ae8bbaced21667887b10b47f23,https://codereview.qt-project.org/76608,4,9,4,0,541,114,2,1,27.4066666666667,325,refactoring/,refactor|,refactoring/,refactor|,Windows: Refactor QWindowsOleDropSource.,Windows: Refactor QWindowsOleDropSource.  Introduce a struct CursorEntry for the cursor map which also contains pixmap and hotspot required for follow-up changes. Streamline code in createCursors(). Fix cacheKey checks in GiveFeedback() to trigger for non-zero keys only.  Change-Id: Iafcbfd9ec9e8c6ae8bbaced21667887b10b47f23
142020,qt%2Fqtserialport~release~Id94cba1f88503754318c865793229e3d3947bec6,https://codereview.qt-project.org/76429,7,7,0,0,606,11,2,1,6.37944444444444,410,refactoring/,refactor|,refactoring/,refactor|,Refactor the reference in the documentation for property setters/getters,"Refactor the reference in the documentation for property setters/getters  The documentation contains broken links due to this, and it is also inconsistent with the rest. Properties should be referred to as properties, not individual methods like setter, getter, notified signal, etc.  The change is tested with ""make docs"" and the broken links are history.  Change-Id: Id94cba1f88503754318c865793229e3d3947bec6"
142248,qt%2Fqtwebengine~master~Ia923767b9c1021a108c26da17d4c41878ef7cb95,https://codereview.qt-project.org/75721,6,22,12,0,1533,106,4,7,138.600555555556,674,refactoring/,refactor|,refactoring/,refactor|,Refactor the callback mechanism used by runJavaScript,"Refactor the callback mechanism used by runJavaScript  This prepares the way for other API made async like toHtml and toPlainText.  Use a callback class with an implicit templated constructor to carry the functor across the API boundary and avoid the intermediate helper method as the ABI that we have to maintain.  Also pass the callback result through WebContentsAdapterClient using a bookkeeping ID instead of transfering the callback to WebContentsAdapter. This will allow other calls, which might not already allow passing a callback functor, to use a consisten way of carrying back the result to the top API layer.  Change-Id: Ia923767b9c1021a108c26da17d4c41878ef7cb95"
143408,qt%2Fqtbase~stable~I794159ca7c19d38b0b97521448cef0f5112ee8ba,https://codereview.qt-project.org/73863,5,13,2,0,882,76,3,1,630.993888888889,248,refactoring/,refactor|,refactoring/,refactor|,Android: Refactor the InputType mapping code.,Android: Refactor the InputType mapping code.  - Fix issue where input flags and classes where wrongly mixed. - Add DATETIME class (support for Qt::ImhDate/Qt::ImhTime).  Task-number: QTBUG-35198 Change-Id: I794159ca7c19d38b0b97521448cef0f5112ee8ba
143678,qt-creator%2Fqt-creator~3.0~I1b98c8ff45864decd36f24b219f7d952e44de8fc,https://codereview.qt-project.org/74561,3,8,0,0,386,25,3,2,2.26166666666667,231,refactoring/,refactor|,refactoring/,refactor|,QmlDesigner.DragTool: refactor committing of transaction,QmlDesigner.DragTool: refactor commiting of transaction  I created commitTransaction() which is called whenever we change to the selection tool.  Task-number: QTCREATORBUG-11134  Change-Id: I1b98c8ff45864decd36f24b219f7d952e44de8fc
143866,qt-creator%2Fqt-creator~3.0~I8fe4fabcc5e101188f2a2dc51bbd43c827f286e7,https://codereview.qt-project.org/73070,4,7,0,0,419,44,2,1,412.460277777778,125,refactoring/,refactor|,refactoring/,refactor|,Debugger: Refactor the debugger engine restriction of dumper test data.,Debugger: Refactor the debugger engine restriction of dumper test data.  Change-Id: I8fe4fabcc5e101188f2a2dc51bbd43c827f286e7
143906,qt-creator%2Fqt-creator~master~I6641a7b55c42b4eceba78c2e28f5140b40fe0fa5,https://codereview.qt-project.org/74253,4,9,0,0,834,44,3,6,3.48972222222222,181,refactoring/,refactor|,refactoring/,refactor|,Refactor source property,"Refactor source property  Get rid of source property out of DiffEditorWidget, attach dynamic property when it's needed instead.  Change-Id: I6641a7b55c42b4eceba78c2e28f5140b40fe0fa5"
144079,qt-creator%2Fqt-creator~master~I0e163147a0303741af52127ece6f6afd0d2aa658,https://codereview.qt-project.org/73648,3,18,1,0,1626,192,7,13,141.896666666667,96,refactoring/,refactor|,refactoring/,refactor|,QmlDesigner: Refactor enumeration handling,QmlDesigner: Refactor enumeration handling  Change-Id: I0e163147a0303741af52127ece6f6afd0d2aa658
144583,qt-creator%2Fqt-creator~master~I49b50a667309cf337a07ef20dabb4801c680700d,https://codereview.qt-project.org/55842,4,57,39,0,5422,397,13,4,5015.14972222222,104,refactoring/,refactor|,refactoring/,refactor|,ClearCase: Refactor and add tests,WIP: ClearCase: Refactor to make the code testable  Change-Id: I49b50a667309cf337a07ef20dabb4801c680700d
145175,qt-creator%2Fqt-creator~3.0~I1416df4e152be231be386209ca1f360be31c58c6,https://codereview.qt-project.org/72322,5,30,4,0,11828,895,10,2,64.5136111111111,96,refactoring/,refactor|,refactoring/,refactor|,CppEditor: Refactor quickfix tests,CppEditor: Refactor quickfix tests  Step 1  Change-Id: I1416df4e152be231be386209ca1f360be31c58c6
145414,qt%2Fqtsystems~dev~I21ee9514c4b6f5b153ab8d36c8baa1c75c72b1d7,https://codereview.qt-project.org/72319,8,3,0,0,185,110,1,2,14.3225,164,refactoring/,refactor|,refactoring/,refactor|,Refactor the Linux/upower QBatteryInfo to match the other platforms,Refactor the Linux/upower QBatteryInfo to match the other platforms  I missed this refactorization in 15d5f78.  Change-Id: I21ee9514c4b6f5b153ab8d36c8baa1c75c72b1d7
145876,qt%2Fqtwebkit~stable~Ia31b326a1f3c41e9c913e513563ff1e6b8f8e55e,https://codereview.qt-project.org/71204,3,5,0,0,280,126,2,2,169.100277777778,1076,refactoring/,refactor|,refactoring/,refactor|,[sh4] Refactor jumps in baseline JIT to return label after the jump.,[sh4] Refactor jumps in baseline JIT to return label after the jump. https://bugs.webkit.org/show_bug.cgi?id=123734  Patch by Julien Brianceau <jbriance@cisco.com> on 2013-11-04 Reviewed by Michael Saboff.  Current implementation of jumps in sh4 baseline JIT returns a label on the jump itself and not after it. This is not correct and leads to issues like infinite loop the DFG (https://bugs.webkit.org/show_bug.cgi?id=122597 for instance). This refactor fixes this and also simplifies the link and relink procedures for sh4 jumps.  * assembler/MacroAssemblerSH4.h: (JSC::MacroAssemblerSH4::branchDouble): (JSC::MacroAssemblerSH4::branchTrue): (JSC::MacroAssemblerSH4::branchFalse): * assembler/SH4Assembler.h: (JSC::SH4Assembler::jmp): (JSC::SH4Assembler::extraInstrForBranch): (JSC::SH4Assembler::jne): (JSC::SH4Assembler::je): (JSC::SH4Assembler::bra): (JSC::SH4Assembler::linkJump): (JSC::SH4Assembler::relinkJump):  Change-Id: Ia31b326a1f3c41e9c913e513563ff1e6b8f8e55e git-svn-id: http://svn.webkit.org/repository/webkit/trunk@158580 268f45cc-cd09-0410-ab3c-d52691b4dbfc
146046,qt-creator%2Fqt-creator~3.0~I0ebc4eaf2bf9f2bcff3be25bbe6c14e3087f8c56,https://codereview.qt-project.org/71645,3,6,1,0,311,466,2,2,0.339444444444444,167,refactoring/,refactor|,refactoring/,refactor|,CppEditor: Refactor tests,CppEditor: Refactor tests  * Use more data functions * Better use of QEXPECT_FAIL * Less noise when adding a test  Change-Id: I0ebc4eaf2bf9f2bcff3be25bbe6c14e3087f8c56
147158,qt%2Fqtbase~stable~I1afd64a813bc084c0893b958aa191d4a25c32b9d,https://codereview.qt-project.org/69575,12,43,27,0,3136,606,9,13,301.004166666667,312,refactoring/,refactor|,refactoring/,refactor|,Refactor QQnxWindow,Refactor QQnxWindow  This patch does following things: * Remove the root window: First window which is created will serve as a root window * Allow creation of more than one application window (with every app window having   an own window group) on one screen  Change-Id: I1afd64a813bc084c0893b958aa191d4a25c32b9d
147512,qt%2Fqtdeclarative~stable~I2d37d97579144fcba87ec8e9fd545dd220c01fbb,https://codereview.qt-project.org/70163,3,22,1,0,1974,382,6,44,53.5036111111111,305,refactoring/,refactor|,refactoring/,refactor|,Refactor marking GC'ed objects,"Refactor marking GC'ed objects  Don't use recursive function calls anymore. Instead, push marked objects onto the JS stack, and then pop them off when their children are being marked.  Should reduce stack memory usage, and improves performance by ~5%.  Change-Id: I2d37d97579144fcba87ec8e9fd545dd220c01fbb"
147593,qt%2Fqtbase~dev~I7e3da293362488b62a3357c4882ebf5e048dcf95,https://codereview.qt-project.org/70071,5,7,0,0,365,49,2,6,89.4330555555556,558,refactoring/,refactor|,refactoring/,refactor|,Refactor plugin loading for WinRT,"Refactor plugin loading for WinRT  Specify the root directory to be the package root. Only plugins inside the root can be opened (actually also only files). Furthermore current defaults to the package root now, which in most cases is identical to previous behavior.  When attempting to load a plugin the path can either be specified in host format ""C:/..."" or as plugin absolute ""/platforms/..."". Check for both, with preference of latter case, like when qt.conf is used with / being used as plugin path.  Change-Id: I7e3da293362488b62a3357c4882ebf5e048dcf95"
147897,qt%2Fqtwebchannel~master~Ic3266329d1a2877bd46227e4ad70b88dc340d289,https://codereview.qt-project.org/69894,3,9,0,0,663,1665,4,21,22.9586111111111,506,refactoring/,refactor|,refactoring/,refactor|,Refactor QWebChannel to use a custom WebSocket server implementation.,Refactor QWebChannel to use a custom WebSocket server implementation.  The code is much simpler in my opinion and much faster and far more stable. Especially the timer issues or multiple signal connects are now properly resolved.  Also simplify the QML WebChannel API:  - Rename slot to sendRawMessage and signal to rawMessageReceived - Add a QML helper that has a respond and sendMessage method that   transforms the input to the expected JSON format.  Change-Id: Ic3266329d1a2877bd46227e4ad70b88dc340d289
147920,qt%2Fqtwebchannel~master~Id45121bb654447e095bf8a8062d0c8edf9dcb018,https://codereview.qt-project.org/69871,3,7,0,0,504,652,3,20,22.9572222222222,1105,refactoring/,refactor|,refactoring/,refactor|,Refactor the QObject QWebChannel and make the API reusable.,"Refactor the QObject QWebChannel and make the API reusable.  It might becme a very common use case of the QWebChannel QML plugin. Thus it should be as simple as possible for third party consumers to setup a QWebChannel for QObject publishing.  The new API basically moves the QtMetaObjectPublisher along with the JavaScript marshalling to the qwebchannl/src folder.  The updated qtobject example shows how this new API can be used. Furthermore note how it is now trivially possible to register multiple objects, which was not easily possible before.  Some notes on the applied refactoring:  - qobject.js contains the JavaScript QObject binding and was   refactored to support multiple objects. - the MetaObjectPublisher contains a new handleRequest function   which handles the QML-side of the QObject binding. This is   implemented in QML, while the other book keeping and esp. the   classInfoForObject is still handled in C++ via the   QtMetaObjectPublisher class (which is registered as   MetaObjectPublisherPrivate and used by MetaObjectPublisher)  Change-Id: Id45121bb654447e095bf8a8062d0c8edf9dcb018"
148049,qt%2Fqtdeclarative~stable~I1a66213c2ce788413168eb48c7bc5317e61988a2,https://codereview.qt-project.org/69322,5,36,9,0,4412,2268,8,70,94.5908333333333,834,refactoring/,refactor|,refactoring/,refactor|,Refactor shaders into seprate GLSL source files,"Refactor shaders into seprate GLSL source files  The default implementation of QSGShaderMaterial::vertexShader() and fragmentShader() now loads the GLSL source from a list of source files that can be specified via the setShaderSourceFile() or setShaderSourceFiles() functions.  Multiple shader source files for each shader stage are supported. Each source file will be read in the order specified and concatenated together before being compiled.  The other places where Qt Quick 2 loads shader source code have been adapted to use the new QSGShaderSourceBuilder, which is also used internally by QSGMaterial.  This puts Qt Quick 2 into a better state ready to support OpenGL core profile and to load different shaders based upon OpenGL version, profile, GPU vendor, platform, etc.  Change-Id: I1a66213c2ce788413168eb48c7bc5317e61988a2"
148285,qt%2Fqtmodeling~master~Ic215ce4edb0a7ffc5918fe5a3367515d8162d16a,https://codereview.qt-project.org/69609,2,3,0,0,163,265,1,7,0.00527777777777778,102,refactoring/,refactor|,refactoring/,refactor|,"Refactor DuSE-MT's Save, SaveAs, and New actions","Refactor DuSE-MT's Save, SaveAs, and New actions  Change-Id: Ic215ce4edb0a7ffc5918fe5a3367515d8162d16a"
148464,qt-creator%2Fqt-creator~master~I5125694ba334e2f3774ed19c64d671d3cb726bf4,https://codereview.qt-project.org/69442,3,6,1,0,296,42,2,2,8.95638888888889,79,refactoring/,refactor|,refactoring/,refactor|,Git: Refactor revParseCmd,Git: Refactor revParseCmd  Change-Id: I5125694ba334e2f3774ed19c64d671d3cb726bf4
149050,qt-creator%2Fqt-creator~3.0~If917bd2a1099800f1a7333639d674c8d1b16de7b,https://codereview.qt-project.org/68564,6,22,7,0,1321,529,4,6,71.7177777777778,375,refactoring/,refactor|,refactoring/,refactor|,QNX: Refactor BlackBerryLogProcessRunner,"QNX: Refactor BlackBerryLogProcessRunner  This change introduce a separate class for running the slog2info process, in order to be able to use that for pure QNX (non-BlackBerry) devices.  Also moved from using QSsh::SshRemoteProcessRunner to use ProcessExplorer::SshDeviceProcess for the tail/slog2info processes instead.  Change-Id: If917bd2a1099800f1a7333639d674c8d1b16de7b"
149450,qt-creator%2Fqt-creator~3.0~Ia8545fd0255f59290a6bab6e35ef1c082649f794,https://codereview.qt-project.org/67663,4,15,19,0,1334,694,5,5,149.4,85,refactoring/,refactor|,refactoring/,refactor|,Debugger: Refactor DebuggerItemManager class,WIP: Refactor DebuggitemManager  Change-Id: Ia8545fd0255f59290a6bab6e35ef1c082649f794
149916,qtsdk%2Fqtsdk~master~Ie4001c2d150f5d683e33cbc793772eb228fb8e1d,https://codereview.qt-project.org/67750,4,5,0,0,219,79,2,1,21.6886111111111,205,refactoring/,refactor|,refactoring/,refactor|,Refactor patching in Qt5 build script after build,Refactor patching in Qt5 build script after build  Collect patching under one wrapper. Also a place holder for other patching functions added later on.  Change-Id: Ie4001c2d150f5d683e33cbc793772eb228fb8e1d
150360,qt%2Fqtbase~stable~Ib58996c6ac65194c21238f5f86f78d797e310608,https://codereview.qt-project.org/60034,7,40,25,0,2353,89,8,2,2376.76722222222,564,refactoring/,refactor|,refactoring/,refactor|,Refactor OS X bundle detection for QFileInfo,Refactor OS X bundle detection for QFileInfo  CFBundleGetPackageInfoInDirectory originally used tests for the presence of information that are not mandatory in a bundle. The new implementation uses known bundle extensions as well as Launch Services to try to find if the bundle is known to the system.  The unix Makefile for qmake now also builds qfilesystemengine_mac The code has been wrapped in the same ifdefs found in the header and qfilesystemengine_unix to avoid build problems.  Task-number: QTBUG-31884 Change-Id: Ib58996c6ac65194c21238f5f86f78d797e310608
150605,qt%2Fqtmultimedia~stable~I6c8eb94b47d0a03329c912701b8af3fb5ebd1876,https://codereview.qt-project.org/66721,4,13,2,0,475,764,5,13,100.076111111111,466,refactoring/,refactor|,refactoring/,refactor|,Android: refactor video renderer.,"Android: refactor video renderer.  Removed the overhead of having to create a shared OpenGL context in the GUI thread and pre-render the frame into a FBO.  We now directly render the GL_TEXTURE_EXTERNAL_OES in the QtQuick render thread, using an Android-specific QSGVideoNode. We also use a callback from the render thread to create the texture from there and not have to create a separate shared OpenGL context.  Change-Id: I6c8eb94b47d0a03329c912701b8af3fb5ebd1876"
150620,qt-creator%2Fqt-creator~master~If0a98544a365fe72e3fa89a9d7c85d8a5101434b,https://codereview.qt-project.org/66312,3,8,0,0,316,15,3,2,171.407777777778,97,refactoring/,refactor|,refactoring/,refactor|,QmlDesigner: Refactor puppet path composing,QmlDesigner: Refactor puppet path composing  Change-Id: If0a98544a365fe72e3fa89a9d7c85d8a5101434b
150671,qt%2Fqtserialport~stable~I67e1eb66c5661f6830389189a323aa7f97e474f9,https://codereview.qt-project.org/66826,4,9,0,0,421,116,3,1,49.7880555555556,96,refactoring/,refactor|,refactoring/,refactor|,Refactor the blocking master documentation,Refactor the blocking master documentation  Change-Id: I67e1eb66c5661f6830389189a323aa7f97e474f9
150705,qt%2Fqtdatavis3d~develop~I086d3a422ff444cbcede1aa238107ebcbce68729,https://codereview.qt-project.org/116916,4,3,0,0,290,1267,1,22,19.9258333333333,132,refactoring/,refactor|,refactoring/,refactor|,"Refactor surface data item to have X, Y, and Z values.","Refactor surface data item to have X, Y, and Z values.  Task-number: QTRD-2332  Change-Id: I086d3a422ff444cbcede1aa238107ebcbce68729"
150764,qt%2Fqtconnectivity~stable~I8a8197a5e10ee0d087dea2b55eb9577ba8c7d3c9,https://codereview.qt-project.org/66787,3,7,6,0,353,236,2,2,66.7044444444444,95,refactoring/,refactor|,refactoring/,refactor|,Refactor QDeclarativeBluetoothServiceInfo,Refactor QDeclarativeBluetoothServiceInfo  Change-Id: I8a8197a5e10ee0d087dea2b55eb9577ba8c7d3c9
150982,pyside%2Fpyside-setup~master~I23c3a7f7e311e046642d951d6ad2236571fda6b8,https://codereview.qt-project.org/64688,3,8,20,0,835,150,2,5,526.045555555556,1125,refactoring/,refactor|,refactoring/,refactor|,Refactor and improve added function resolving,"Refactor and improve added function resolving  Add a public function to create an AddedFunction::TypeInfo from a signature string. Change translateType to use this to do full recursive resolution on template arguments. Create a new helper function to do more intelligent parsing of template type name signatures, and use this in translateType.  Taken together, this means that we now recognize both multiple arguments to template types of added functions, as well as template arguments that are themselves template types. We couldn't do this before due to the use of a regular expression to attempt to separate the template type name from its arguments. The test cases are updated to test these new features.  Note, however, that it is now a fatal error if the template argument type cannot be determined. (Before we would just drop it and treat the type as a non-container.) However, 1) this should not be happening in a well formed type system, and 2) it's questionable if things wouldn't have fallen apart anyway from treating the presumed container as something else.  Change-Id: I23c3a7f7e311e046642d951d6ad2236571fda6b8"
151176,qtsdk%2Fqtsdk~master~I548035aad54017197cdc5c93d8172a9dfc15ae0b,https://codereview.qt-project.org/66343,4,31,0,0,2203,46,13,1,21.9955555555556,226,refactoring/,refactor|,refactoring/,refactor|,Refactor init_repositories(),Refactor init_repositories()  Repo updates should not use any global data from the release description file. Instead it should use only the data given in each repo section.  Change-Id: I548035aad54017197cdc5c93d8172a9dfc15ae0b
151546,qt%2Fqtconnectivity~dev~Idcd3e0e6061b85e8b6adad248625740f3b91289a,https://codereview.qt-project.org/65977,4,11,7,0,571,107,3,11,18.0119444444444,233,refactoring/,refactor|,refactoring/,refactor|,Refactor device and service discovery errors,Refactor device and service discovery errors  - Make them mor consistent with other Qt modules - Propagate the error during device discovery to the QBluetoothServiceDiscoveryAgent  Change-Id: Idcd3e0e6061b85e8b6adad248625740f3b91289a
151567,qtsdk%2Fqtsdk~master~I45a06605fe35c2fadd94475a6aae747c1154c772,https://codereview.qt-project.org/65953,4,4,0,0,186,22,1,1,21.5977777777778,164,refactoring/,refactor|,refactoring/,refactor|,build_wrapper: Refactor handle_qt_desktop_release_build() a bit,build_wrapper: Refactor handle_qt_desktop_release_build() a bit  Also removing -no-vcproj option for msvc2012.  Change-Id: I45a06605fe35c2fadd94475a6aae747c1154c772
151581,qt%2Fqtconnectivity~dev~I7bd36d4b05a28788720b3301eed310c4f4b2d910,https://codereview.qt-project.org/65855,4,17,8,0,1443,119,4,2,40.4691666666667,90,refactoring/,refactor|,refactoring/,refactor|,Refactor QDeclarativeBluetoothSocket,Refactor QDeclarativeBluetoothSocket  Change-Id: I7bd36d4b05a28788720b3301eed310c4f4b2d910
151650,qtsdk%2Fqtsdk~master~I2461ea8953782c8c1d2f8c920ea7ce76958fa479,https://codereview.qt-project.org/65871,4,6,4,0,401,183,1,1,17.6136111111111,285,refactoring/,refactor|,refactoring/,refactor|,build_wrapper: Refactor injection of examples,"build_wrapper: Refactor injection of examples  Add a new handle_examples_injection() function to handle all the injection of the examples in one place.  This function is only called for desktop builds, so excluding Android and iOS.  Change-Id: I2461ea8953782c8c1d2f8c920ea7ce76958fa479"
151676,qtsdk%2Fqtsdk~master~Icf3750d6088337fd709e676422a1f196c993be9a,https://codereview.qt-project.org/65890,4,4,0,0,339,36,1,1,1.9075,103,refactoring/,refactor|,refactoring/,refactor|,build_wrapper: Refactor Desktop builds a bit more,build_wrapper: Refactor Desktop builds a bit more  Change-Id: Icf3750d6088337fd709e676422a1f196c993be9a
151684,qtsdk%2Fqtsdk~master~I6313cf0b9acc510798271abd34beee3e0ec000f1,https://codereview.qt-project.org/65799,4,25,6,0,840,46,9,1,22.5125,222,refactoring/,refactor|,refactoring/,refactor|,Add online installer build function and refactor the offline one,Add online installer build function and refactor the offline one  Added function to cover online installer builds. Also refactored the offline installer build function.  Change-Id: I6313cf0b9acc510798271abd34beee3e0ec000f1
151686,qtsdk%2Fqtsdk~master~Id33d33d597615585721faf0e35c9e8f3ca7d4269,https://codereview.qt-project.org/65756,4,14,1,0,525,60,6,1,26.9955555555556,132,refactoring/,refactor|,refactoring/,refactor|,Refactor command line parsing in build_wrapper.py,Refactor command line parsing in build_wrapper.py  Simplify the parsing a bit.  Change-Id: Id33d33d597615585721faf0e35c9e8f3ca7d4269
151721,qtsdk%2Fqtsdk~master~I91d96e72ed46b66be42bbaf658ecc4aa1e12cce2,https://codereview.qt-project.org/65746,4,9,1,0,394,120,3,1,23.1522222222222,193,refactoring/,refactor|,refactoring/,refactor|,build_wrapper: Refactor Desktop builds,build_wrapper: Refactor Desktop builds  Add a new handle_qt_desktop_release_build() function to handle all the desktop builds in one place.  Change-Id: I91d96e72ed46b66be42bbaf658ecc4aa1e12cce2
151733,qt%2Fqtconnectivity~dev~I94f33e3eabd7440b5c0c6c83f3e8158009bd2dbd,https://codereview.qt-project.org/65603,5,37,35,0,1965,471,13,6,48.2044444444445,369,refactoring/,refactor|,refactoring/,refactor|,Refactor QBluetoothDiscoveryModel,Refactor QBluetoothDiscoveryModel  - Add the option to discover devices - Clear the model when a new discovery is started. In the previous implementation the model was only cleared if new data was available. This can lead to some funny results. - Change some property types to enums - Enhance the qmlscanner example  Change-Id: I94f33e3eabd7440b5c0c6c83f3e8158009bd2dbd
151777,qt%2Fqtdeclarative~dev~I582e0fb167a62c0c527c6bfa3452550e37944069,https://codereview.qt-project.org/65547,3,30,0,0,2594,216,6,10,64.5583333333333,373,refactoring/,refactor|,refactoring/,refactor|,Refactor our NaN boxing to be more efficient,"Refactor our NaN boxing to be more efficient  Use a unified way to store all Managed objects, instead of distinguishing between strings and other objects  On 64 bit we need to store pointers as pointers, so accessing them through Scoped<> objects is cheap.  On 32 bit we can simplify the encoding from what we have now.  Change-Id: I582e0fb167a62c0c527c6bfa3452550e37944069"
151793,qt-creator%2Fqt-creator~master~I50a74778f5fa0895110f2157728b9d99b677a6c5,https://codereview.qt-project.org/65734,3,3,0,0,163,444,1,5,18.8902777777778,117,refactoring/,refactor|,refactoring/,refactor|,AmlDesigner: Refactor DesignerActionManagerView in a extra file,AmlDesigner: Refactor DesignerActionManagerView in a extra file  Change-Id: I50a74778f5fa0895110f2157728b9d99b677a6c5
151812,qtsdk%2Fqtsdk~master~Iaf23d2729b81931a3235ad17e02eb9e23c4d3c44,https://codereview.qt-project.org/65770,4,3,0,0,163,46,1,1,0.0713888888888889,101,refactoring/,refactor|,refactoring/,refactor|,"build_wrapper: Refactor {SSH,SCP}_COMMAND a bit","build_wrapper: Refactor {SSH,SCP}_COMMAND a bit  Change-Id: Iaf23d2729b81931a3235ad17e02eb9e23c4d3c44"
151822,qtsdk%2Fqtsdk~master~I30ff566bc9b271d6f06b04de71bb3cd282e35b69,https://codereview.qt-project.org/65744,4,3,0,0,163,27,1,1,10.1116666666667,109,refactoring/,refactor|,refactoring/,refactor|,build_wrapper: Refactor MAKE_INSTALL_PADDING a bit more,build_wrapper: Refactor MAKE_INSTALL_PADDING a bit more  Change-Id: I30ff566bc9b271d6f06b04de71bb3cd282e35b69
152233,qt%2Fqtremoteobjects~dev~I5502bb040afe502f7b127668cf7ff81ee79f5e89,https://codereview.qt-project.org/306928,5,30,25,1,2244,377,7,11,7812.21027777778,197,refactoring/,refactor|,refactoring/,refactor|,Refactor serialization code into an abstracted class,Refactor serialization code into an abstracted class  This hides implementation details and allows for different implementations in the future.  Change-Id: I5502bb040afe502f7b127668cf7ff81ee79f5e89
152280,qt%2Fqtconnectivity~dev~I05641d849f4f07cd39d12ea136b4e7453d6aa883,https://codereview.qt-project.org/351065,2,7,0,0,858,94,2,19,30.22,275,refactoring/,refactor|,refactoring/,refactor|,QtNFC: refactor directory structure,QtNFC: refactor directory structure  A lot of test-related files were actually located in the src directory. This patch moves them to tests/auto/nfccommons and adjusts the build files accordingly.  Task-number: QTBUG-93854 Change-Id: I05641d849f4f07cd39d12ea136b4e7453d6aa883
152284,qt%2Fqtremoteobjects~dev~I289661155aca574430cdbf2d09ea36be7117057b,https://codereview.qt-project.org/307081,5,27,8,1,1357,155,6,2,7781.63555555556,165,refactoring/,refactor|,refactoring/,refactor|,Refactor Factory code to hide implementation,Refactor Factory code to hide implementation  Change to pimpl pattern to allow extension/changes in the future.  Change-Id: I289661155aca574430cdbf2d09ea36be7117057b
152590,pyside%2Fpyside-setup~6.0~Iaf8209b6f6534ad91a96970a56c1e86cce054922,https://codereview.qt-project.org/327589,6,27,4,0,23545,68,5,6,24.7755555555556,1040,refactoring/,refactor|,refactoring/,refactor|,shiboken6: Refactor base class retrieval,"shiboken6: Refactor base class retrieval  AbstractMetaClass has a list of base class names and a list of AbstractMetaClass* base instances.  AbstractMetaBuilder populates the instance list from the names in setupInheritance() and sets a flag.  In a few places in AbstractMetaBuilder, the base class instances are needed before this has been completed. For this purpose, the helper AbstractMetaBuilder::getBaseClasses() is needed.  Replace the set of classes m_setupInheritanceDone by a flag on AbstractMetaClass. This allows for adding an assert to AbstractMetaClass::baseClasses() ensuring setupInheritance() has been called and taking a shortcut in AbstractMetaBuilder::getBaseClasses().  In addition, classesTopologicalSorted() can use AbstractMetaClass::baseClasses() instead of searching with AbstractMetaBuilder::getBaseClasses() and can thus be made static.  Change-Id: Iaf8209b6f6534ad91a96970a56c1e86cce054922 Reviewed-by: Christian Tismer <tismer@stackless.com> (cherry picked from commit e99ac18b134469854dff05fd3bb61158f9d9ccf9)"
152663,pyside%2Fpyside-setup~6.0~I4722cfacb4173c84035038c667ec1aaeb049c713,https://codereview.qt-project.org/327588,3,9,0,0,1447,57,2,1,3.42861111111111,415,refactoring/,refactor|,refactoring/,refactor|,shiboken6: Refactor the class find algorithm,"shiboken6: Refactor the class find algorithm  Search for target lang name if there is a dot present and do not search for unqualified names if there is a ""::"" in the name.  Use iterators to prepare for the use of different container types.  Change-Id: I4722cfacb4173c84035038c667ec1aaeb049c713 Reviewed-by: Christian Tismer <tismer@stackless.com> (cherry picked from commit 3139c8dddf9dfb0e935cd03b3d539541fdf0edf0)"
152665,pyside%2Fpyside-setup~dev~Iaf8209b6f6534ad91a96970a56c1e86cce054922,https://codereview.qt-project.org/327612,5,18,0,0,2254,66,6,6,46.5091666666667,918,refactoring/,refactor|,refactoring/,refactor|,shiboken6: Refactor base class retrieval,"shiboken6: Refactor base class retrieval  AbstractMetaClass has a list of base class names and a list of AbstractMetaClass* base instances.  AbstractMetaBuilder populates the instance list from the names in setupInheritance() and sets a flag.  In a few places in AbstractMetaBuilder, the base class instances are needed before this has been completed. For this purpose, the helper AbstractMetaBuilder::getBaseClasses() is needed.  Replace the set of classes m_setupInheritanceDone by a flag on AbstractMetaClass. This allows for adding an assert to AbstractMetaClass::baseClasses() ensuring setupInheritance() has been called and taking a shortcut in AbstractMetaBuilder::getBaseClasses().  In addition, classesTopologicalSorted() can use AbstractMetaClass::baseClasses() instead of searching with AbstractMetaBuilder::getBaseClasses() and can thus be made static.  Change-Id: Iaf8209b6f6534ad91a96970a56c1e86cce054922"
152666,pyside%2Fpyside-setup~dev~I4722cfacb4173c84035038c667ec1aaeb049c713,https://codereview.qt-project.org/327585,4,15,0,0,1174,56,6,1,48.0422222222222,293,refactoring/,refactor|,refactoring/,refactor|,shiboken6: Refactor the class find algorithm,"shiboken6: Refactor the class find algorithm  Search for target lang name if there is a dot present and do not search for unqualified names if there is a ""::"" in the name.  Use iterators to prepare for the use of different container types.  Change-Id: I4722cfacb4173c84035038c667ec1aaeb049c713"
152952,qtsdk%2Fqtsdk~master~Iba58999bd0313d3efd7a1e7ddad79111b032d37c,https://codereview.qt-project.org/65287,4,8,2,0,354,65,2,1,100.313888888889,101,refactoring/,refactor|,refactoring/,refactor|,Refactor Android build part in build_wrapper.py,Refactor Android build part in build_wrapper.py  Change-Id: Iba58999bd0313d3efd7a1e7ddad79111b032d37c
153140,qt%2Fqtbase~dev~I7b3e933d7e3d1aa26c1b78d21ef75b71c692827f,https://codereview.qt-project.org/63991,7,46,45,0,5682,330,11,2,374.859166666667,232,refactoring/,refactor|,refactoring/,refactor|,Refactor QCollator to be able to use it in different platforms,Refactor QCollator to be able to use it in different platforms  Propose the API to be changed so that we can implement QCollator in the different platforms where Qt is available.  Change-Id: I7b3e933d7e3d1aa26c1b78d21ef75b71c692827f
153334,qt-creator%2Fqt-creator~master~If3292bd55f5efcde27b374b3902e9bf0b0678356,https://codereview.qt-project.org/64669,3,5,0,0,219,6,2,1,163.834722222222,124,refactoring/,refactor|,refactoring/,refactor|,QmlDesigner: Refactor AbstractFormEditorTool::topMovableFormEditorItem,QmlDesigner: Refactor AbstractFormEditorTool::topMovableFormEditorItem  Change-Id: If3292bd55f5efcde27b374b3902e9bf0b0678356
153347,qtsdk%2Fqtsdk~master~I9a54959af12494111e35e8cfd81ed566c92d519d,https://codereview.qt-project.org/65154,4,3,0,0,163,36,1,1,2.29416666666667,108,refactoring/,refactor|,refactoring/,refactor|,Refactor build_wrapper.py,Refactor build_wrapper.py  Refactor handle_ifw_build()  Change-Id: I9a54959af12494111e35e8cfd81ed566c92d519d
153367,qtsdk%2Fqtsdk~master~Ibd7b89927f17b7e51a7e6affb6bb19e8dbb996fe,https://codereview.qt-project.org/65090,4,7,4,0,287,32,2,1,17.9411111111111,196,refactoring/,refactor|,refactoring/,refactor|,build_wrapper: Refactor the path to the configuration files,build_wrapper: Refactor the path to the configuration files  Use one variable instead of duplicating the path for all the calls to mkqt5bld.py  Change-Id: Ibd7b89927f17b7e51a7e6affb6bb19e8dbb996fe
154080,qt%2Fqtdatavis3d~develop~Ie961da29340743fdaa9293d7d4ace9577def9102,https://codereview.qt-project.org/116721,4,8,4,0,353,1734,3,36,63.8372222222222,570,refactoring/,refactor|,refactoring/,refactor|,Refactor item model mapping and proxies,"Refactor item model mapping and proxies  - Introduced new handler for item models. Instance of this is   owned by item model proxies. - Introduced abstract mapping class to enable moving a lot of   duplicate code to the new handler. - Changed ownership handling of mapping objects to be in line   with proxies and axes, though there is no default mapping   at this time. Need to reconsider the default case more. - Made item model const so it is clear that we do not own it.  The documentation is not yet up to date.  Change-Id: Ie961da29340743fdaa9293d7d4ace9577def9102"
154336,qt%2Fqtwinextras~dev~I8b95d7804d9070c8e93993ad6acf5c22d964880d,https://codereview.qt-project.org/63791,6,10,0,0,976,832,2,8,45.7169444444445,110,refactoring/,refactor|,refactoring/,refactor|,Refactor QWinTaskbarProgress out of QWinTaskbarButton,Refactor QWinTaskbarProgressBar out of QWinTaskbarButton  Change-Id: I8b95d7804d9070c8e93993ad6acf5c22d964880d
154386,qt%2Fqtbase~dev~Ie6510fa94626a1c586621948a4681efdcf61f8b2,https://codereview.qt-project.org/63802,4,6,0,0,456,18,1,1,26.6158333333333,182,refactoring/,refactor|,refactoring/,refactor|,Refactor line breaks in windows configure app,"Refactor line breaks in windows configure app  As a side effect, this fixes wrong line break in ""Third Party Libraries"" section.  Change-Id: Ie6510fa94626a1c586621948a4681efdcf61f8b2"
154648,qbs%2Fqbs~master~Ie24b3bdd3381894500b67679fa4bb07268e952a0,https://codereview.qt-project.org/63606,3,5,0,0,219,47,2,1,2.73055555555556,216,refactoring/,refactor|,refactoring/,refactor|,Refactor Project::targetExecutable().,"Refactor Project::targetExecutable().  We now implement this function in terms of targetArtifacts() and installableFilesForProduct(), getting rid of redundancies.  Change-Id: Ie24b3bdd3381894500b67679fa4bb07268e952a0"
154661,qt%2Fqtserialport~stable~I9eb0a0a62e1404a095cfc3b1bd68c519552d23b8,https://codereview.qt-project.org/63601,4,15,0,0,1523,4,3,1,1.20916666666667,109,refactoring/,refactor|,refactoring/,refactor|,Qt 4: Refactor the shell handling for header generation,Qt 4: Refactor the shell handling for header generation  Change-Id: I9eb0a0a62e1404a095cfc3b1bd68c519552d23b8
155010,qt-creator%2Fqt-creator~master~I12482b62751a234982f41cafb7e63a641012bc30,https://codereview.qt-project.org/63138,6,3,0,0,163,148,1,5,72.0888888888889,131,refactoring/,refactor|,refactoring/,refactor|,Locator: Refactor out filter_helper for tests,Locator: Refactor out filter_helper for tests  ...and rename it to runSearch.  Change-Id: I12482b62751a234982f41cafb7e63a641012bc30
155385,qt%2Fqtdatavis3d~develop~I2a63f0ebb4e8312cec1ccdd3e24b2c672cd59152,https://codereview.qt-project.org/116619,3,3,0,0,163,167,1,5,0.124166666666667,115,refactoring/,refactor|,refactoring/,refactor|,Refactor QBarDataProxy,Refactor QBarDataProxy  + Fix bar heights caching in renderer  Change-Id: I2a63f0ebb4e8312cec1ccdd3e24b2c672cd59152
155619,qt%2Fqtdatavis3d~develop~I651b36a11a5b20632e78aeebc786084e33c4e12c,https://codereview.qt-project.org/116587,3,3,0,0,163,97,1,11,0.375277777777778,157,refactoring/,refactor|,refactoring/,refactor|,Refactor axes to use more properties in preparation of qml support,Refactor axes to use more properties in preparation of qml support  + Removed obsolete unused function.  Change-Id: I651b36a11a5b20632e78aeebc786084e33c4e12c
156183,qt-creator%2Fqt-creator~master~I1fa0eb94d36ae48bb131da2ceca75e19a4175a4d,https://codereview.qt-project.org/61912,3,23,0,0,728,91,11,1,23.9047222222222,115,refactoring/,refactor|,refactoring/,refactor|,QmlDesigner: Refactor QmlItemNode::createQmlItemNodeFromImage,QmlDesigner: Refactor QmlItemNode::createQmlItemNodeFromImage  Change-Id: I1fa0eb94d36ae48bb131da2ceca75e19a4175a4d
156191,qt-creator%2Fqt-creator~master~Idd1aac53bafda25a2334fdd84b064f1204755764,https://codereview.qt-project.org/61886,3,17,0,0,555,152,8,1,27.2383333333333,89,refactoring/,refactor|,refactoring/,refactor|,QmlDesigner: Refactor QmlModelState,QmlDesigner: Refactor QmlModelState  Change-Id: Idd1aac53bafda25a2334fdd84b064f1204755764
156207,qt-creator%2Fqt-creator~master~Ic3f5db354cce4fd992008fa89aa4748254ea290e,https://codereview.qt-project.org/61910,3,11,0,0,387,59,5,1,21.555,118,refactoring/,refactor|,refactoring/,refactor|,QmlDesigner: Refactor QmlItemNode::createQmlItemNode,QmlDesigner: Refactor QmlItemNode QmlItemNode::createQmlItemNode  Change-Id: Ic3f5db354cce4fd992008fa89aa4748254ea290e
156230,qt-creator%2Fqt-creator~master~If95aead7d922511e4f1b3abdee38f4c403da37a5,https://codereview.qt-project.org/61646,3,11,0,0,851,417,5,1,138.474444444444,82,refactoring/,refactor|,refactoring/,refactor|,QmlDesigner: Refactor layout functions,WIP refactor layout functins  Change-Id: If95aead7d922511e4f1b3abdee38f4c403da37a5
156231,qt-creator%2Fqt-creator~2.8~Ic8bffcbc5a4ac5aca76bc55880d33c3b55f0944c,https://codereview.qt-project.org/61882,4,3,0,0,319,902,1,1,23.1222222222222,235,refactoring/,refactor|,refactoring/,refactor|,CppTools: Tests: Refactor / Clean up cppcompletion_test.cpp,"CppTools: Tests: Refactor / Clean up cppcompletion_test.cpp  * Open the files in the cpp editor, so preprocessing will take place * Remove duplicated code * Fix coding styles issues  Change-Id: Ic8bffcbc5a4ac5aca76bc55880d33c3b55f0944c"
156236,qt-creator%2Fqt-creator~master~If8b98e008e59de1eae87108a3256005fd85981b9,https://codereview.qt-project.org/61881,3,7,0,0,275,18,3,1,23.0847222222222,96,refactoring/,refactor|,refactoring/,refactor|,QmlDesigner: Refactor allQmlItemsRecursive,QmlDesigner: Refactor allQmlItemsRecursive  Change-Id: If8b98e008e59de1eae87108a3256005fd85981b9
156548,qt-creator%2Fqt-creator~master~Icbc850551da3f729ccaa3473da720ade3051adaf,https://codereview.qt-project.org/60494,8,49,34,0,3519,523,15,12,481.947222222222,91,refactoring/,refactor|,refactoring/,refactor|,Qnx: Refactor BlackBerryConfiguration,Qnx: Refactor BlackBerryConfiguration  Change-Id: Icbc850551da3f729ccaa3473da720ade3051adaf
156565,qt-creator%2Fqt-creator~master~Iad331275421a9ff4a693d6f04bb2da793304a48d,https://codereview.qt-project.org/61534,4,5,0,0,219,86,2,2,1.90583333333333,113,refactoring/,refactor|,refactoring/,refactor|,QmlDesigner: Refactor creation of nodes in the qmlmodelview,QmlDesigner: Refactor creation of nodes in the qmlmodelview  Change-Id: Iad331275421a9ff4a693d6f04bb2da793304a48d
156578,qt-creator%2Fqt-creator~master~I7408b6ad2a767eb944436c5cc62c87609aba8a69,https://codereview.qt-project.org/61225,4,5,0,0,219,27,2,4,140.733333333333,114,refactoring/,refactor|,refactoring/,refactor|,QmlDesigner: Refactor inline functions in QmlModelNodeFacade,QmlDesigner: Refactor inline functions in QmlModelNodeFacade  Change-Id: I7408b6ad2a767eb944436c5cc62c87609aba8a69
156582,qt-creator%2Fqt-creator~master~Ibc80c36efffb539417817c84f8c0cd19ccd1770d,https://codereview.qt-project.org/61224,4,5,0,0,219,13,2,2,140.248333333333,109,refactoring/,refactor|,refactoring/,refactor|,QmlDesigner: Refactor inline functions in QmlObjectNode,QmlDesigner: Refactor inline functions in QmlObjectNode  Change-Id: Ibc80c36efffb539417817c84f8c0cd19ccd1770d
156931,qbs%2Fqbs~master~I6abeb41c6089e7fb7a0bfa2e69361ab8e58f477f,https://codereview.qt-project.org/61011,3,3,0,0,163,176,1,2,87.8083333333333,321,refactoring/,refactor|,refactoring/,refactor|,Refactor BuildGraphLoader::trackProjectChanges().,"Refactor BuildGraphLoader::trackProjectChanges().  It's becoming hard to keep an overview of which checks are being done to find out whether we need to re-resolve, so introduce one function per check. In addition, skip checks if we already know we need to re-resolve.  Change-Id: I6abeb41c6089e7fb7a0bfa2e69361ab8e58f477f"
157244,qt%2Fqtwebengine~master~Iefa288c6bf775ac530f183c0dcfebb6a3230d68d,https://codereview.qt-project.org/60741,5,5,0,0,497,243,2,2,0.546388888888889,276,refactoring/,refactor|,refactoring/,refactor|,Refactor process initialization code,Refactor process initialization code  Move parts of the initialization from the WebEngineContext ctor to ContentMainDelegateQt and BrowserMainPartsQt members so that they are executed in their respective stages of startup.  Change-Id: Iefa288c6bf775ac530f183c0dcfebb6a3230d68d
157280,qt%2Fqtdatavis3d~develop~I61c0db96f115b7c667e37ea92aa5ae6b8583c61a,https://codereview.qt-project.org/116455,3,5,0,0,424,927,2,27,16.4516666666667,242,refactoring/,refactor|,refactoring/,refactor|,Refactor data item,"Refactor data item  Data items do not need to know about rendering related stuff, so separated that to render items. Renderer will maintain array of render items equal to the sample space.  Change-Id: I61c0db96f115b7c667e37ea92aa5ae6b8583c61a"
158392,qt%2Fqtdeclarative~6.0~I52d834811fa7325788fc71ea20f78b4afe3fdb86,https://codereview.qt-project.org/326611,4,11,1,0,960,97,3,1,2.01555555555556,366,refactoring/,refactor|,refactoring/,refactor|,Refactor QQuickTextInput test to use QKeyCombination,"Refactor QQuickTextInput test to use QKeyCombination  Makes the code typesafe, simplifies the data structures, and fixes a compiler warning from implicit conversion from/to int.  Fixes: QTBUG-89356 Change-Id: I52d834811fa7325788fc71ea20f78b4afe3fdb86 Reviewed-by: Mitch Curtis <mitch.curtis@qt.io> (cherry picked from commit 8257cf75c68bd3d2a2af0cd8260e3cc96f5d0df4)"
158561,qt-creator%2Fqt-creator~2.8~Ic7300d489d3982394be5ad1d12a79a2914320298,https://codereview.qt-project.org/59504,3,3,0,0,163,427,1,9,99.8097222222222,339,refactoring/,refactor|,refactoring/,refactor|,Refactor qbs project files.,"Refactor qbs project files.  - Use sub-projects. - Move the main application and the application header products   into dedicated files. As a result, qtcreator.qbs becomes much simpler to understand, consisting now of just a bunch of global properties and a few sub-project references.  Change-Id: Ic7300d489d3982394be5ad1d12a79a2914320298"
158689,qbs%2Fqbs~master~I2eae85620a62f2343e99e6755a4047fa7ced9345,https://codereview.qt-project.org/59470,6,11,2,0,577,169,3,2,89.1202777777778,122,refactoring/,refactor|,refactoring/,refactor|,Refactor compiler and linker flags handling to avoid long arg lists.,Refactor compiler and linker flags handling to avoid long arg lists.  Change-Id: I2eae85620a62f2343e99e6755a4047fa7ced9345
159200,qt-creator%2Fqt-creator~2.8~I0f17a3f5f04fcf4621717b2773f843d4860d66e7,https://codereview.qt-project.org/59112,2,3,0,0,163,59,1,2,0.0111111111111111,90,refactoring/,refactor|,refactoring/,refactor|,Debugger: Refactor QByteArray dumper,Debugger: Refactor QByteArray dumper  Change-Id: I0f17a3f5f04fcf4621717b2773f843d4860d66e7
159871,qt%2Fqtcharts~master~I3186eacba494ff1cc14cbfc2b4c9eeb5144a2368,https://codereview.qt-project.org/116274,3,3,0,0,163,150,1,2,0.0416666666666667,74,refactoring/,refactor|,refactoring/,refactor|,Refactor boxplottest,Refactor boxplottest  Change-Id: I3186eacba494ff1cc14cbfc2b4c9eeb5144a2368
160316,qbs%2Fqbs~master~Iab91818ee8111e626ea167470a446f73845163b5,https://codereview.qt-project.org/57889,2,3,0,0,163,290,1,2,0.771388888888889,174,refactoring/,refactor|,refactoring/,refactor|,Refactor setting up built-in items.,Refactor setting up built-in items.  One function per item for easier maintenance. Fixes some subtle bugs along the way.  Change-Id: Iab91818ee8111e626ea167470a446f73845163b5
160327,qt-creator%2Fqt-creator~2.8~Idf770a20db66191b4d7fe3a704d31bdce70505c5,https://codereview.qt-project.org/57862,4,8,3,0,887,14,1,2,11.6991666666667,107,refactoring/,refactor|,refactoring/,refactor|,Git - refactor executeGit and remove unnecessary args,Git - refactor executeGit and remove unnecessary args  Change-Id: Idf770a20db66191b4d7fe3a704d31bdce70505c5
160814,qt-creator%2Fqt-creator~2.8~I85784f32f515ff896c73f35303c7de26f8006f59,https://codereview.qt-project.org/56730,4,22,7,0,1481,155,6,4,145.6975,243,refactoring/,refactor|,refactoring/,refactor|,Git: Refactor stash handling,"Git: Refactor stash handling  * Replace RebaseManager with ConflictHandler * Store StashGuard in GitClient, allow popping after   a whole process is done (e.g. pull with resolved conflicts)  Change-Id: I85784f32f515ff896c73f35303c7de26f8006f59"
160938,qt%2Fqtquickcontrols~stable~Ib451e06ab393ba4945c96076d71dd3f96489e0c7,https://codereview.qt-project.org/57165,3,14,2,0,1117,167,6,3,2.71416666666667,89,refactoring/,refactor|,refactoring/,refactor|,Refactor TableView styling API,WIP: Refactor TableView styling API  Change-Id: Ib451e06ab393ba4945c96076d71dd3f96489e0c7
162218,qt%2Fqtsystems~master~I485640a93d8fda8d60f6e92b34834f877f19f5b6,https://codereview.qt-project.org/55762,2,23,0,0,1027,13301,8,54,8.17388888888889,181,refactoring/,refactor|,refactoring/,refactor|,refactor the dir structure,refactor the dir structure  putting system specific files into their own directories makes it look nicer and easier to work on.  Change-Id: I485640a93d8fda8d60f6e92b34834f877f19f5b6
162991,qt-creator%2Fqt-creator~master~I455b26d77301bdfe93ece2c8470526ed174a50ed,https://codereview.qt-project.org/54790,4,11,0,0,614,249,3,9,71.1183333333333,321,refactoring/,refactor|,refactoring/,refactor|,BlackBerry: Refactor parsing of blackberry-* processes output,BlackBerry: Refactor parsing of blackberry-* processes output  This moves the parsing of the output from all blackberry-* processes used in the deploy steps to a separate class. Errors and warnings coming from those processes will have issues added to the Issues tab.  Change-Id: I455b26d77301bdfe93ece2c8470526ed174a50ed
163070,qt%2Fqtquickcontrols~stable~I3dd818f6f7504908534eb5b22413fbeba1877985,https://codereview.qt-project.org/54280,4,17,1,0,1634,245,3,6,168.922222222222,1631,refactoring/,refactor|,refactoring/,refactor|,Refactor propagation of size hints,"Refactor propagation of size hints  This issue refactors how size hints are propagated up layout hierarchies. It fixes several problems:  1. Do not overwrite explicitly set size hints when propagating them    (Covered by test_sizeHint(propagateNone) ) 2. Propagate size hints immediately when they are changed.    Previously, this was in an inconsistent state, since for some    operations (such as implicitWidth changes) it would immediately    propagate through an explicit call to propagateSizeHints. However,    changes to other properties such as Layout.minimumWidth would simply    call invalidate(), causing the propagation to be postponed until the    layout got rearranged. 3. Do not propagate size hints from rearrange. This could potentially    make rearrange() unnecessary slow. 4. Only use the fallback to width/height the *first* time the size hint    is queried. This had the unfortunate consequence when a    Layout.preferredWidth was reset back to -1 it could end up querying    the width again (due to layout resizing, this could at this point be    different than what was specified in the QML file). This is still    not bullet proof, but AFAIK there is no bullet-proof way, since there    is no way of retrieving the original value that 'width' was bound to    in the QML file.    (Covered by test_sizeHintPropagationCount)  The performance characteristics for this change should be that it will make resizing of layouts faster, but will make dynamic changes to the layout slower (since it has to propagate the size hints every time a property is changed).  Change-Id: I3dd818f6f7504908534eb5b22413fbeba1877985"
163201,qt%2Fqtcharts~master~I4286178cd971a4f3e6fbff9290ae0bbb5c9097cd,https://codereview.qt-project.org/115906,3,3,0,0,163,20,1,6,0.18,421,refactoring/,refactor|,refactoring/,refactor|,Refactor the new QXYSeries::pointAt() -> QXYSeries::at(),"Refactor the new QXYSeries::pointAt() -> QXYSeries::at()  QML API already had XYSeries::at() for the same functionality. Also, at() is a common method for returning an item at index in Qt containers, so use that instead of pointAt(). This function was introduced in polar chart refactoring and has not yet been released, so no problem changing the name at this point.  Change-Id: I4286178cd971a4f3e6fbff9290ae0bbb5c9097cd"
163220,qt%2Fqtdeclarative~stable~I1f3e30c699c958c827fdecfb57c35f5c24cd810a,https://codereview.qt-project.org/54624,6,13,3,0,684,51,4,2,10.8472222222222,160,refactoring/,refactor|,refactoring/,refactor|,Refactor the pathElements property in QQuickPath,Refactor the pathElements property in QQuickPath  A prequel to make QQuickPath pathElemets designer ready.  Change-Id: I1f3e30c699c958c827fdecfb57c35f5c24cd810a
163255,qt%2Fqtbase~winrt~I8616b631f8aef81f82181ff014e9df9b24727232,https://codereview.qt-project.org/54383,5,13,2,0,561,492,3,6,61.5413888888889,277,refactoring/,refactor|,refactoring/,refactor|,WinRT: Refactor pointer handling,WinRT: Refactor pointer handling  This commit aims to improve efficiency and correctness of pointer event handling. Touch events are now tracked. Tablet events are now supported. Runtime resources are now properly released.  Change-Id: I8616b631f8aef81f82181ff014e9df9b24727232
163342,qt-creator%2Fqt-creator~master~If25703c51ea96fe5a64698f6fa3ffd6f5cb1b2c5,https://codereview.qt-project.org/54552,3,8,4,0,453,116,3,2,1.9675,111,refactoring/,refactor|,refactoring/,refactor|,Refactor code,Refactor code  Create a common method for a similar code.  Change-Id: If25703c51ea96fe5a64698f6fa3ffd6f5cb1b2c5
163728,qt-labs%2Fvstools~dev~Ibef43851dda4621257098a2e8f6215981078b8ae,https://codereview.qt-project.org/324507,5,8,0,0,294,564,4,4,193.466944444444,77,refactoring/,refactor|,refactoring/,refactor|,Refactor editor classes,Refactor editor classes  Change-Id: Ibef43851dda4621257098a2e8f6215981078b8ae
164094,qt-creator%2Fqt-creator~master~I1c4751c75f59312904fe7c175678f965ac16741d,https://codereview.qt-project.org/54232,4,6,0,0,1519,48,1,5,5.84972222222222,132,refactoring/,refactor|,refactoring/,refactor|,Git: Refactor reset,"Git: Refactor reset  Remove enum, provide the associated flag in the combobox.  Change-Id: I1c4751c75f59312904fe7c175678f965ac16741d"
164572,qt%2Fqtsensors~stable~If945f8616f4cdde98b31382fcd9c555c2b490c4a,https://codereview.qt-project.org/53382,4,4,0,0,230,96,1,2,95.1575,407,refactoring/,refactor|,refactoring/,refactor|,iOS: refactor and simplify IOSAccelerometer code,iOS: refactor and simplify IOSAccelerometer code  The code as it stood made use of an extra obj-c class to listen for sensor readings. This is not needed with the block (lambda) API used by CMMotionManager. This will also make IOSGyroscope and (soon) IOSMagnetometer follow the same code pattern.  Change-Id: If945f8616f4cdde98b31382fcd9c555c2b490c4a Reviewed-by: Tor Arne Vestbø <tor.arne.vestbo@digia.com>
164654,qbs%2Fqbs~master~Ia2f47b7555c8ec5e4ad85ce6b69861e32c764478,https://codereview.qt-project.org/53635,2,3,0,0,163,132,1,2,2.30222222222222,226,refactoring/,refactor|,refactoring/,refactor|,Refactor blackbox tests.,"Refactor blackbox tests.  We want runQbs() to be more flexible while not adding even more function parameters, so aggregate the possible parameters in a new data structure.  Change-Id: Ia2f47b7555c8ec5e4ad85ce6b69861e32c764478"
164945,qt%2Fqtbase~dev~I9e4741a3d3229905c247491a07099519815680bb,https://codereview.qt-project.org/50341,6,15,2,0,1049,41,2,1,718.610277777778,723,refactoring/,refactor|,refactoring/,refactor|,QRegularExpression: refactor the handling of the study data,"QRegularExpression: refactor the handling of the study data  Consider the following situation: - threads A and B have shallow copies of the same QRegularExpression - threads A and B both call match() on a string - thread A calls optimizePattern(), which doesn't optimize - thread B calls optimizePattern(), which does optimize, and sets   studyData - thread A uses studyData (set by B)  A needs to properly acquire the memory pointed by studyData (which, in turn, needs to be released by B). This commit implements that.  (Before, we used to return a copy of the current studyData from optimizePattern(), so A didn't see that B optimized the pattern and set studyData).  Change-Id: I9e4741a3d3229905c247491a07099519815680bb"
165373,qt-creator%2Fqt-creator~master~I5af8e7cfca45b475d859e04ed448bf5793bf91fc,https://codereview.qt-project.org/52775,3,3,0,0,163,13,1,1,23.4175,130,refactoring/,refactor|,refactoring/,refactor|,ClearCase: Refactor ClearCaseSync,ClearCase: Refactor ClearCaseSync  Moved code to the scope where it is used.  Change-Id: I5af8e7cfca45b475d859e04ed448bf5793bf91fc
165414,qbs%2Fqbs~master~I70af2f43848cb7315eb7dfe64b32447670a62e23,https://codereview.qt-project.org/52759,3,7,0,0,275,137,3,2,18.7652777777778,110,refactoring/,refactor|,refactoring/,refactor|,tst_language: refactor handling of init/cleanup datatags,tst_language: refactor handling of init/cleanup datatags  Change-Id: I70af2f43848cb7315eb7dfe64b32447670a62e23
165955,qt%2Fqtwebkit~stable~Id9b55d37c7ad839a27029e92872f36bbf202e660,https://codereview.qt-project.org/51691,5,6,0,0,527,140,1,5,102.679166666667,1853,refactoring/,refactor|,refactoring/,refactor|,Refactor handling of content suspension to properly cover corner cases,"Refactor handling of content suspension to properly cover corner cases  https://bugs.webkit.org/show_bug.cgi?id=111751  This is a back-port from upstream patch http://trac.webkit.org/changeset/146355      Reviewed by Jocelyn Turcotte.  The current suspend / resume infrastructure turned out to be insufficient to cover all corner cases during transitions between gestures of complex gesture chains.  The requirements for robust suspend / resume handling are:     - Keep the content suspended while the user is continuously interacting, eg. does not lift the finger between transition from a pan to a pinch gesture and vice versa.     - The content should not be suspended unnecessarily (like for a tap gesture), only during panning and scroll animation (flick), as well as pinch zoom and scale animation (also includes double-tap-to-zoom).     - The content should never end up stuck in suspended state after long gesture chains and continuous interaction.  This patch reintroduces reference counting based suspension in form of a new ViewportInteractionTracker member class to make it possible to reliably control the suspend / resume cycles during scrolling and scaling. During continuous gestures, while the user is interacting, the reference count is increased without actually suspending the content to prevent resuming unnecessarily during continuous interaction. At the same time this also assures that the page is not suspended for simple tap gestures, which was a side-effect of the previous approach based on update deferrers. The newly added functionality replaces boolean members that tried to achive the above requirements. Additionally this patch also removes the redundant m_hasSuspendedContent member from the PageViewportController since WebPageProxy already keeps this information.  Change-Id: Id9b55d37c7ad839a27029e92872f36bbf202e660"
166009,qt-creator%2Fqt-creator~2.7~Ie9c71e564e66874b0715ed35cfacc578ad8b58b0,https://codereview.qt-project.org/51986,3,3,0,0,163,257,1,9,69.9169444444444,218,refactoring/,refactor|,refactoring/,refactor|,QmlDesigner: Refactor designer actions,QmlDesigner: Refactor designer actions  Change-Id: Ie9c71e564e66874b0715ed35cfacc578ad8b58b0 Reviewed-by: Thomas Hartmann <Thomas.Hartmann@digia.com> (cherry picked from commit 27f261f0b711c7d3d7e9fbb36b37763dfabc49e2)
166191,qt%2Fqtsensors~dev~If945f8616f4cdde98b31382fcd9c555c2b490c4a,https://codereview.qt-project.org/51780,4,6,1,0,274,95,2,2,19.8144444444444,350,refactoring/,refactor|,refactoring/,refactor|,iOS: refactor and simplify IOSAccelerometer code,iOS: refactor and simplify IOSAccelerometer code  The code as it stood made use of an extra obj-c class to listen for sensor readings. This is not needed with the block (lambda) API used by CMMotionManager. This will also make IOSGyroscope and (soon) IOSMagnetometer follow the same code pattern.  Change-Id: If945f8616f4cdde98b31382fcd9c555c2b490c4a
166240,qbs%2Fqbs~master~I039f1e8292f0d734b8b69f73ce235c982fc81c30,https://codereview.qt-project.org/51789,2,3,0,0,163,90,1,2,0.239444444444444,187,refactoring/,refactor|,refactoring/,refactor|,refactor BuildProjectLoader::load,refactor BuildProjectLoader::load  Move code for tracking project changes into its own function. Also try to use sane variable names.  Change-Id: I039f1e8292f0d734b8b69f73ce235c982fc81c30
166471,qt-creator%2Fqt-creator~master~Ie9c71e564e66874b0715ed35cfacc578ad8b58b0,https://codereview.qt-project.org/51399,3,3,0,0,163,257,1,9,3.51194444444444,92,refactoring/,refactor|,refactoring/,refactor|,QmlDesigner: Refactor designer actions,QmlDesigner: Refactor designer actions  Change-Id: Ie9c71e564e66874b0715ed35cfacc578ad8b58b0
166823,qt%2Fqtquickcontrols~dev~I978f26590594050f52bd2244fe2c264967b65b38,https://codereview.qt-project.org/50997,5,7,1,0,427,105,2,3,5.97722222222222,218,refactoring/,refactor|,refactoring/,refactor|,QtMenuPopupWindow: Refactor code away from QtMenu,"QtMenuPopupWindow: Refactor code away from QtMenu  Also prepares to expose the class in QML, since it is needed for the (in progress) drop-down list implementation.  Change-Id: I978f26590594050f52bd2244fe2c264967b65b38"
167474,qtsdk%2Fqtsdk~master~I272291d3169f5e2b2ff20cf70e867dcfe49ba43e,https://codereview.qt-project.org/49824,5,17,0,0,1450,434,7,1,40.9094444444444,84,refactoring/,refactor|,refactoring/,refactor|,Refactor ifw build script,WIP: refactor ifw build script  Change-Id: I272291d3169f5e2b2ff20cf70e867dcfe49ba43e
167981,qt-creator%2Fqt-creator~master~I6be1bde16ce9b3d1294dd859fe8b2c60cf68b9d0,https://codereview.qt-project.org/49213,3,9,0,0,1081,240,2,6,44.5102777777778,197,refactoring/,refactor|,refactoring/,refactor|,Svn: refactor class SubversionSettings,Svn: refactor class SubversionSettings  SubversionSettings now inherits VcsBase::VcsBaseClientSettings allowing significant code factorization.  Change-Id: I6be1bde16ce9b3d1294dd859fe8b2c60cf68b9d0
168312,qt%2Fqtserialport~master~If33073d367fa7971fb57169d498f005766c166a9,https://codereview.qt-project.org/48846,4,21,7,0,3978,9,2,3,42.6622222222222,591,refactoring/,refactor|,refactoring/,refactor|,Refactor the documentation management for the source,"Refactor the documentation management for the source  * Other submodules use qtsubmodule.qdocconf instead of submodule.qdocconf  * They also use the QMAKE_DOCS variable to set that to the qtsubmodule.qdocconf  * They do not have .pri files for the doc folder  * They do not use the QT5DOC variable with ""indexes"" either. It should have been indices with proper English, anyway.  * This also eliminates a warning about the ""docs"" target duplication  The docs is not fully complete yet, but the work is in progress. This is the first step.  Change-Id: If33073d367fa7971fb57169d498f005766c166a9"
168315,qtsdk%2Fqtsdk~master~I4484ac21de9f13b3450da7654ca345adfeafda7e,https://codereview.qt-project.org/49011,4,9,0,0,469,113,4,5,2.10861111111111,300,refactoring/,refactor|,refactoring/,refactor|,Refactor Qt Installer-Framework build script,WIP: Refactor Qt Installer-Framework build script  Removed hard coded filenames from configuration files. Added some logic to determine machine architecture and use it in archive file names. Build artefacts will be copied into separate directory.  Change-Id: I4484ac21de9f13b3450da7654ca345adfeafda7e
168583,qt%2Fqtbase~dev~I0c788559397d446ec7210e2ad940da862179710d,https://codereview.qt-project.org/46508,5,8,0,0,380,38,3,2,488.4775,269,refactoring/,refactor|,refactoring/,refactor|,OpenGL: Refactor some defines and typedefs to a common location,OpenGL: Refactor some defines and typedefs to a common location  These will be needed by the upcoming OpenGL enablers so move them out of qopenglfunctions.h to somewhere that any opengl related file can access them.  Change-Id: I0c788559397d446ec7210e2ad940da862179710d
169473,qt%2Fqtbase~stable~Ie30e7c63cabe9409a3263ca1650e323a870926f2,https://codereview.qt-project.org/48090,3,3,0,0,185,124,1,11,70.69,565,refactoring/,refactor|,refactoring/,refactor|,refactor build config resolution,"refactor build config resolution  the current approach of having ""free-flying"" prf files for such a core issue is rather insane. this was noticed early on, as evidenced by the forcible loading of debug/release/debug_and_release in default_post. however, things remained a mess, in particular static vs. shared.  consequently, the commit merges all related feature files. the actual config resolution is put in a separate feature file, so it can be loaded by resolve_target if that happens to be loaded early on.  Change-Id: Ie30e7c63cabe9409a3263ca1650e323a870926f2"
169727,qt-creator%2Fqt-creator~2.7~If74c29a8c17819d5369ffa3df94d146b14e53af9,https://codereview.qt-project.org/47115,4,20,1,0,1032,3593,7,5,172.109722222222,105,refactoring/,refactor|,refactoring/,refactor|,C++: Refactor quick fixes,WIP: C++: Refactor quick fixes  Create quickfixes.h  Change-Id: If74c29a8c17819d5369ffa3df94d146b14e53af9
169820,qt-creator%2Fqt-creator~2.7~I2c4347749d26669d88b7c2968f30f60710f442b1,https://codereview.qt-project.org/46856,6,38,2,0,6625,245,10,9,211.510833333333,92,refactoring/,refactor|,refactoring/,refactor|,Editor: Refactor Open Link in Next Split.,WIP: Refactor Open Link in Next Split.  Change-Id: I2c4347749d26669d88b7c2968f30f60710f442b1
170441,qt%2Fqtserialport~master~Ieb96c33ca93a3d7b5362522aa340361d5ea6a655,https://codereview.qt-project.org/47080,6,5,0,0,287,18,1,2,9.98305555555556,108,refactoring/,refactor|,refactoring/,refactor|,Refactor the API for boolean accessors as the Qt style,Refactor the API for boolean accessors as the Qt style  Change-Id: Ieb96c33ca93a3d7b5362522aa340361d5ea6a655
170660,qt-creator%2Fqt-creator~2.7~I5a84408333afb8e6043f76eb0b9f028d8d78e2f3,https://codereview.qt-project.org/46718,2,3,0,0,163,54,1,1,20.1658333333333,93,refactoring/,refactor|,refactoring/,refactor|,QmlDesigner: Refactor designmode widget,QmlDesigner: Refactor designmode widget  Change-Id: I5a84408333afb8e6043f76eb0b9f028d8d78e2f3
170742,%7Bgraveyard%7D%2Fv4vm~master~Ib08b8152597ae0b6c883eef0fced55ee0cb4c286,https://codereview.qt-project.org/46518,4,10,0,0,875,31,4,3,71.0122222222222,83,refactoring/,refactor|,refactoring/,refactor|,Refactor property access,WIP: refactor property access  Change-Id: Ib08b8152597ae0b6c883eef0fced55ee0cb4c286
170790,qt%2Fqtserialport~master~Iab183b4234276818f85aa356981952f63394a23a,https://codereview.qt-project.org/46581,7,13,4,0,531,56,3,1,8.68333333333333,185,refactoring/,refactor|,refactoring/,refactor|,Refactor the documentation to use the property style more,"Refactor the documentation to use the property style more  Also, there was a fix for a left-over ""Rate"" usage in the documentation.  Change-Id: Iab183b4234276818f85aa356981952f63394a23a"
170826,qt%2Fqtserialport~master~Id8af629c2b488050b8accd4c552e9b0ebf366e32,https://codereview.qt-project.org/46329,6,19,7,0,1563,294,4,12,35.5269444444444,123,refactoring/,refactor|,refactoring/,refactor|,"Refactor certain variable names, remove useless comments and so forth","Refactor certain variable names, remove useless comments and so forth  Change-Id: Id8af629c2b488050b8accd4c552e9b0ebf366e32"
170990,qt%2Fqtmultimedia~dev~I880ff90e154165c2a3a31fd2b51e1dd224fea8fd,https://codereview.qt-project.org/46334,4,4,1,0,453,59,1,16,2.09861111111111,224,refactoring/,refactor|,refactoring/,refactor|,Blackberry: Refactor plugin directory structure,Blackberry: Refactor plugin directory structure  Move the mediaplayer related code in its own subdirectory. This is a preparation for adding camera support in the future.  Change-Id: I880ff90e154165c2a3a31fd2b51e1dd224fea8fd
171056,qt%2Fqtbase~dev~I5a198af5347cc1fdce97031e0a1be99b2120c3ac,https://codereview.qt-project.org/46205,3,5,0,0,433,123,1,5,6.04027777777778,108,refactoring/,refactor|,refactoring/,refactor|,Refactor QEglFSPandaHooks and add physicalScreenSize(),Refactor QEglFSPandaHooks and add physicalScreenSize()  Change-Id: I5a198af5347cc1fdce97031e0a1be99b2120c3ac
171593,qt%2Fqtdeclarative~dev~I9b127dff7955456aacb25138fa6ea8efb7bb9220,https://codereview.qt-project.org/42981,6,8,1,0,728,259,2,2,912.445,184,refactoring/,refactor|,refactoring/,refactor|,Refactor QQmlTypePrivate,"Refactor QQmlTypePrivate  Now has a registrationType, and an extraData union for data only relevant to certain registration types.  Change-Id: I9b127dff7955456aacb25138fa6ea8efb7bb9220"
171685,%7Bgraveyard%7D%2Fv4vm~master~Iaa4cbda29db9c53c3dd5ab2b2ded71efdaa6f8ee,https://codereview.qt-project.org/45556,3,3,0,0,163,692,1,3,0.659444444444445,258,refactoring/,refactor|,refactoring/,refactor|,Refactor JSON.parse,"Refactor JSON.parse  Use a modified copy of the parser in QtCore to get all test cases to pass and to be a lot faster.  In addition, this will later on to add support for the second argument to JSON.parse  Change-Id: Iaa4cbda29db9c53c3dd5ab2b2ded71efdaa6f8ee"
171869,qt-creator%2Fqt-creator~master~Ib68a08368270a27976a3e16bdd1cb219a52b8889,https://codereview.qt-project.org/45180,3,31,3,0,1598,268,10,17,85.5794444444445,159,refactoring/,refactor|,refactoring/,refactor|,VCS: Refactor fileNameFromDiffSpecification,VCS: Refactor fileNameFromDiffSpecification  Use diff file pattern to match file name. Avoid duplication.  Change-Id: Ib68a08368270a27976a3e16bdd1cb219a52b8889
171970,qt-creator%2Fqt-creator~master~I21e5a1d7507292add91199a3db75df74165b63b1,https://codereview.qt-project.org/45171,3,6,2,0,272,64,2,18,15.5280555555556,117,refactoring/,refactor|,refactoring/,refactor|,VCS: Refactor createDiffHighlighter,VCS: Refactor createDiffHighlighter  All plugins do the same...  Change-Id: I21e5a1d7507292add91199a3db75df74165b63b1
172011,qt%2Fqtquickcontrols~master~I54d64bce5b1d5fbf1233a122d0c205f71193d55d,https://codereview.qt-project.org/45040,5,33,9,0,2700,27,10,5,24.3544444444444,359,refactoring/,refactor|,refactoring/,refactor|,Tests: Refactor build and use of test plugin,Tests: Refactor the import of the test plugin  Add possibility to set QML2_IMPORT_PATH at runtime so qmlscene can find a test plugin in a custom location.  This avoid the need to deploy the test plugin to the qml install folder.  Update qtdesktop test so it can find the test plugin in the auto test tree.  Change-Id: I54d64bce5b1d5fbf1233a122d0c205f71193d55d
172540,qt%2Fqtbase~dev~I8fb5e43e3de3ef62a526a79a6dfeda7f9546771d,https://codereview.qt-project.org/44412,6,10,3,0,1410,144,2,14,18.9763888888889,1619,refactoring/,refactor|,refactoring/,refactor|,Refactor paint/font-engine shouldDrawCachedGlyphs and supportsTransformations,"Refactor paint/font-engine shouldDrawCachedGlyphs and supportsTransformations  Some cruft had built up over time, and this is an attempt at cleaning up the naming and use of these functions, and should not have any behavioral effects.  The function supportsTransformations() has been renamed in QPaintEngineEx to reflect its use, which is to decide if QPainter needs to pre-transform the coordinates of the static text before asking the paint-engine to draw it. The new name is requiresPretransformedGlyphPositions().  The OpenGL and CoreGraphics (Mac) paint engines keep their behavior of not needing pre-transformed text, while the raster engine needs this when using cached glyphs. The base-class implementation assumes that all transforms that include a projection will need pre-transform, which is also the case for the raster engine.  All decisions in the paint engines about whether or not to use the glyph cache when drawing text are now deferred to the function shouldDrawCachedGlyphs(), which has been refactored for the GL paint engine(s) to share more logic. All implementations call the base class implementation, which ensures that large font sizes will not be cached. The raster engine will in addition ask the font engine whether or not it can produce glyphs for the glyph-cache with the given transform.  This is the only remaining instance of the supportsTransformations() function, and will for all font engines except the CoreText engine support affine transformations. The CoreText engine on the other hand only supports translations (for now).  Change-Id: I8fb5e43e3de3ef62a526a79a6dfeda7f9546771d"
173561,qt%2Fqtbase~ios~I5f9b578f948d66d10e57a835b80b5c493e07fb4c,https://codereview.qt-project.org/43150,5,3,0,0,279,233,1,7,0.768611111111111,234,refactoring/,refactor|,refactoring/,refactor|,iOS: refactor general convenience functions into new file 'qiosglobal',iOS: refactor general convenience functions into new file 'qiosglobal'  Some functions are needed across several files and classes. Lets place them in a common file for all to use.  Change-Id: I5f9b578f948d66d10e57a835b80b5c493e07fb4c
173675,qt%2Fqtbase~ios~I8b6b4d08a42349b4232749d59d46748297083536,https://codereview.qt-project.org/43015,5,7,0,0,275,299,3,7,2.72333333333333,491,refactoring/,refactor|,refactoring/,refactor|,iOS: refactor QIOSOrientationListener into QIOSScreen,"iOS: refactor QIOSOrientationListener into QIOSScreen  Clean up a bit. The orientation conversion functions belongs to QIOSScreen more than QIOSOrientationListener. And rename them in the same go to follow toQRect/fromQRect standard. The orientation listener itself is tightly coupled to QIOSScreen, and does not make much sense on its own, so move it into QIOSScreen to follow the same patteren already implemented for QIOSInputContext.  Change-Id: I8b6b4d08a42349b4232749d59d46748297083536"
174756,installer-framework%2Finstaller-framework~master~I7ee605be75541cc83a3b6909089bda45f0835bcf,https://codereview.qt-project.org/322724,4,22,3,0,1510,133,9,12,283.590277777778,153,refactoring/,refactor|,refactoring/,refactor|,Tools: refactor to move general purpose functionality to installer lib,WIP: Tools: refactor to move general purpose functionality to installer lib  Task-number: QTIFW-2048 Change-Id: I7ee605be75541cc83a3b6909089bda45f0835bcf
174761,pyside%2Fpyside-setup~dev~I9997559acd529bd070df5ff84610fe75c74a71a5,https://codereview.qt-project.org/324861,5,10,1,0,429,182,5,9,2.56527777777778,352,refactoring/,refactor|,refactoring/,refactor|,shiboken6: Refactor field modifications,shiboken6: Refactor field modifications  Decouple class FieldModification from the base class Modification since it does not need its attributes and turn in into a value class using QSharedDataPointer for consistency with FunctionModification. Remove some unused code and simplify removed handling.  Change-Id: I9997559acd529bd070df5ff84610fe75c74a71a5
175605,qt-creator%2Fqt-creator~master~Ia3caa47a701fd58c07f9f463bb282cf0be3807ae,https://codereview.qt-project.org/41244,3,3,4,0,241,97,1,3,0.532777777777778,85,refactoring/,refactor|,refactoring/,refactor|,ClearCase: Refactor ccGetView(),ClearCase: Refactor ccGetView()  Change-Id: Ia3caa47a701fd58c07f9f463bb282cf0be3807ae
176433,qt-creator%2Fqt-creator~master~I99dbbe43b25ee8631b6bb1effe993f951e19a8db,https://codereview.qt-project.org/40206,3,6,0,0,260,191,2,138,22.5161111111111,304,refactoring/,refactor|,refactoring/,refactor|,QmlDesigner.PropertyEditor: refactor QML file structure,"QmlDesigner.PropertyEditor: refactor QML file structure  All the ""helper widgets"" are now a plugin called HelperWidgets. This allows reuse of these widgets from other places.  The QtQuick directory now really contains only the QtQuick specific items.  Change-Id: I99dbbe43b25ee8631b6bb1effe993f951e19a8db"
176922,qbs%2Fqbs~master~I19dca9eab438b00134de7651dba4ba9edfb7db58,https://codereview.qt-project.org/39535,2,3,0,0,163,436,1,2,23.3880555555556,333,refactoring/,refactor|,refactoring/,refactor|,Refactor Loader::resolveProject().,"Refactor Loader::resolveProject().  Split it up into smaller functions to make it easier to see what is going on and get rid of the last parameter, which is not used by any callers. Also remove the Loader class' ""protected"" section, since it is not intended to be inherited from.  Change-Id: I19dca9eab438b00134de7651dba4ba9edfb7db58"
177007,qt%2Fqtbase~master~I3b277316b1befbb57613b465fc5bbedc6b2305f7,https://codereview.qt-project.org/39362,3,7,0,0,588,56,1,1,69.3452777777778,104,refactoring/,refactor|,refactoring/,refactor|,Refactor create_cmake to re-use the computed stem.,Refactor create_cmake to re-use the computed stem.  Change-Id: I3b277316b1befbb57613b465fc5bbedc6b2305f7
177117,qt%2Fqtbase~master~I2c8a85de0cf8187468798cf5faff0006da4b9623,https://codereview.qt-project.org/39095,3,37,2,0,2211,1775,10,8,73.6638888888889,292,refactoring/,refactor|,refactoring/,refactor|,Refactor and cleanup QGtk(2)Painter,"Refactor QGtk(2)Painter  Move all the GTK2 specific function resolving and painting routines to QGtk2Painter. A GTK3 specific and Cairo based QGtk3Painter will be introduced later, and it will be QGtkStyle's job to choose between the two.  Change-Id: I2c8a85de0cf8187468798cf5faff0006da4b9623"
177179,qt-creator%2Fqt-creator~master~Iceeb5ed0ecafa6593095bbeeab5819be6b8a28de,https://codereview.qt-project.org/39137,4,6,0,0,286,79,2,2,39.9008333333333,95,refactoring/,refactor|,refactoring/,refactor|,EditorManager: Refactor read-only message,EditorManager: Refactor read-only message  Change-Id: Iceeb5ed0ecafa6593095bbeeab5819be6b8a28de
177951,qt%2Fqtbase~master~Icba4d773315e3bf87764a381742168b51cf169c0,https://codereview.qt-project.org/37325,6,34,19,0,2045,384,10,1,315.0025,229,refactoring/,refactor|,refactoring/,refactor|,Test: refactor tst_QProcess,Test: refactor tst_QProcess  Remove QSKIP and instead omit the whole tests when appropriate.  Remove QSKIP from crashTest and crashTest2 on Windows as it is no longer failing.  Change-Id: Icba4d773315e3bf87764a381742168b51cf169c0
177962,qt-creator%2Fqt-creator~master~I9a19cc7fd8cb2102eb8c5a1589b81164498d3c34,https://codereview.qt-project.org/38376,3,3,0,0,163,30,1,2,18.035,112,refactoring/,refactor|,refactoring/,refactor|,Git: Refactor checkLine as a member function in CommitData,Git: Refactor checkLine as a member function in CommitData  Change-Id: I9a19cc7fd8cb2102eb8c5a1589b81164498d3c34
178027,qt%2Fqtbase~master~Ic314ab06d28e687986a8ab472d8b58830cb0ad90,https://codereview.qt-project.org/38187,3,7,0,0,533,2,2,1,25.2955555555556,280,refactoring/,refactor|,refactoring/,refactor|,Qt 5.0 - Add QHeaderView refactor to changes notes.,Qt 5.0 - Add QHeaderView refactor to changes notes.  Some widgets users could get the picture that nothing has happend on that side. At least we should state that something more has happend than just a rename of the functions.  Change-Id: Ic314ab06d28e687986a8ab472d8b58830cb0ad90
178514,qt%2Fqtbase~master~Ibc72c3e224cb57c9f1796de3b04fda9de663dbb4,https://codereview.qt-project.org/37480,3,29,9,0,2589,59,3,2,34.5144444444444,331,refactoring/,refactor|,refactoring/,refactor|,Refactor recursive target logic out of default_post into function,"Refactor recursive target logic out of default_pre into function  The qmake function prepareRecursiveTarget can now be used both by the existing logic in default_pre, as well as future recursive targets that will be needed as part of the modularization of documentation builds.  Change-Id: Ibc72c3e224cb57c9f1796de3b04fda9de663dbb4"
179357,qt%2Fqtmodeling~master~I89ca69660cb1c3ca37afdee55786a1017c7acc72,https://codereview.qt-project.org/36709,2,3,0,0,163,659,1,71,0.00722222222222222,90,refactoring/,refactor|,refactoring/,refactor|,Refactor and fix templates/class.cpp,Refactor and fix templates/class.cpp  Change-Id: I89ca69660cb1c3ca37afdee55786a1017c7acc72
179580,qt-creator%2Fqt-creator~2.6~I6ce82c701246ddac9cadcdd22ef994b0086ce8f7,https://codereview.qt-project.org/36375,6,5,0,0,300,14,1,1,3.03166666666667,132,refactoring/,refactor|,refactoring/,refactor|,"""Find Usages"" and ""Refactor"" may decode error.","""Find Usages"" and ""Refactor"" may decode error.  Task-number: QTCREATORBUG-7204  Change-Id: I6ce82c701246ddac9cadcdd22ef994b0086ce8f7"
180326,qt%2Fqtbase~5.15~I226f4aad4aaf703a4726c42b40afb4bde3a9d878,https://codereview.qt-project.org/320625,4,31,2,0,130721,47,3,2,501.153611111111,304,refactoring/,refactor|,refactoring/,refactor|,Minor refactor of installMetaFile,Minor refactor of installMetaFile  Move some lines into createSedArgs. This is used in follow up patch.  Task-number: QTBUG-87154 Change-Id: I226f4aad4aaf703a4726c42b40afb4bde3a9d878 Reviewed-by: Joerg Bornemann <joerg.bornemann@qt.io> (cherry picked from commit 9bade12c2ca78a2dc5effda568342ae11adb0f42)
180925,qt-creator%2Fqt-creator~master~Iaa7a744ecf13e011addc573a381ea523d2d50a55,https://codereview.qt-project.org/35160,3,16,0,0,2042,6396,7,51,115.903055555556,101,refactoring/,refactor|,refactoring/,refactor|,QmlDesigner.Instances: Refactor the qml2 puppet,QmlDesigner.Instances: Refactor the qml2 puppet  Change-Id: Iaa7a744ecf13e011addc573a381ea523d2d50a55
181251,qt%2Fqt~4.8~I392d2a5bfffb9a335f28d5dbc5ea27b800fc4487,https://codereview.qt-project.org/31070,7,47,5,0,6794,90,11,22,1482.36194444444,115,refactoring/,refactor|,refactoring/,refactor|,Refactor coreservices -> ios & QT_NO_CORESERVICES -> Q_OS_IOS,Refactor coreservices -> ios & QT_NO_CORESERVICES -> Q_OS_IOS  Change-Id: I392d2a5bfffb9a335f28d5dbc5ea27b800fc4487
181884,qt-creator%2Fqt-creator~master~I58f615f30029d2554ed26518343a9b77b594bd0d,https://codereview.qt-project.org/34172,4,7,0,0,405,302,2,1,49.0502777777778,95,refactoring/,refactor|,refactoring/,refactor|,QmlDesigner.Test: Refactor model creation,QmlDesigner.Test: Refactor model creation  Change-Id: I58f615f30029d2554ed26518343a9b77b594bd0d
182437,qt%2Fqtdeclarative~master~Ic7215741b26ddf0a36181cf7c7daaff095e797da,https://codereview.qt-project.org/33575,3,10,0,0,556,82,3,2,24.1269444444444,105,refactoring/,refactor|,refactoring/,refactor|,Refactor QQmlPropertyCacheMethodArguments creation.,Refactor QQmlPropertyCacheMethodArguments creation.  Change-Id: Ic7215741b26ddf0a36181cf7c7daaff095e797da
182440,qt%2Fqtdeclarative~master~I5c81c4ca5bf65210f7125d74a62a282a21838068,https://codereview.qt-project.org/32700,11,56,58,0,3118,645,15,19,338.421388888889,262,refactoring/,refactor|,refactoring/,refactor|,Refactor singleton type registration code,Refactor singleton type registration code  Previously each singleton type was registered as an implicit separate import.  This commit changes the code so that these types are treated just like any other type.  Change-Id: I5c81c4ca5bf65210f7125d74a62a282a21838068
182915,qt%2Fqtbase~master~I99c5f8f0756fccf0fb2bb845c29255c14d4d703e,https://codereview.qt-project.org/32896,5,12,2,0,1149,64,2,1,100.428333333333,152,refactoring/,refactor|,refactoring/,refactor|,Refactor the automatic metatype templates into preprocessor lists.,Refactor the automatic metatype templates into preprocessor lists.  This will allow re-use in moc.  Change-Id: I99c5f8f0756fccf0fb2bb845c29255c14d4d703e
183056,qt%2Fqtlocation~master~I402995708a0040441ea079ba0fcfdee3ae61ac40,https://codereview.qt-project.org/32005,3,15,3,0,652,285,6,9,362.847222222222,427,refactoring/,refactor|,refactoring/,refactor|,Refactor quickstart documentation to reference simple examples,"Refactor quickstart documentation  -Start referencing snippet documentation from actual working code  As long as parameters have been supplied to place-list.qml  and places-map.qml, those are examples self-contained runnable  scripts. -Refactor structure into an introduction of concepts and then common  use cases. -Add screenshots showing the results of the snippet code.  Change-Id: I402995708a0040441ea079ba0fcfdee3ae61ac40"
183612,qt%2Fqtlocation~master~I841c86b91c274573a84c7c761f2105e3d1851498,https://codereview.qt-project.org/27569,3,17,4,0,1585,530,5,11,1611.53722222222,103,refactoring/,refactor|,refactoring/,refactor|,Refactor schema representation of categories,WIP: Refactor schema representation of categories  Change-Id: I841c86b91c274573a84c7c761f2105e3d1851498
183698,qt%2Fqtdeclarative~master~I1df19d431a04361a75e107bc4d149cbb80cd791d,https://codereview.qt-project.org/30661,4,16,0,0,1308,2069,6,7,534.025,257,refactoring/,refactor|,refactoring/,refactor|,Refactor and document QQuickChangeSet.,"Refactor and document QQuickChangeSet.  Store an offset variable for moves so that an insert can be split without the need to also split the corresponding remove, simplifying the logic involved somewhat.  Change-Id: I1df19d431a04361a75e107bc4d149cbb80cd791d"
184500,qt%2Fqtlocation~master~I584222af9325ddb8575fa8f77909521c49bc850a,https://codereview.qt-project.org/30983,3,9,6,0,495,135,2,13,47.6411111111111,669,refactoring/,refactor|,refactoring/,refactor|,Fix incorrect warning messages + refactor error handling,"Fix incorrect warning messages + refactor error handling  There was an assumption in the QML models that if the QGeoServiceProvider::placeManager() returned null, then places was not supported.  This is no longer the case as incorrect parmeters may result in null being returned.  Previously a warning was output to console.  Instead, if possible, we set the error status of the model, and set the error string to the one provided by the QGeoServiceProvider.  If it is not possible, such as in the case of the Icon element, a warning is output to console but only if it is deemed necessary.  Task-number: QTBUG-26566 Change-Id: I584222af9325ddb8575fa8f77909521c49bc850a"
185062,qt%2Fqtbase~master~I5b7084e0e37037eb64909d217856746d81bf1878,https://codereview.qt-project.org/30386,5,13,0,0,1320,53,1,2,83.1241666666667,343,refactoring/,refactor|,refactoring/,refactor|,"statemachine: Refactor {enter,exit}States() functions","statemachine: Refactor {enter,exit}States() functions  Move the computation of the sets of entered/exited states to separate functions.  This separation is done in order to facilitate the integration of property assignments (QState::assignProperty()) into the core state machine algorithm.  Change-Id: I5b7084e0e37037eb64909d217856746d81bf1878"
185164,qt-creator%2Fqt-creator~master~Ic698a8076658ae986d0dbdeebb1f4760dd806e35,https://codereview.qt-project.org/30359,3,4,0,0,225,33,1,3,72.225,162,refactoring/,refactor|,refactoring/,refactor|,refactor relation between parsedProBlock() & parsedProFile(),refactor relation between parsedProBlock() & parsedProFile()  this is clearer and not necessarily more code.  Change-Id: Ic698a8076658ae986d0dbdeebb1f4760dd806e35
185252,qt-creator%2Fqt-creator~master~Ie8222729c14c0102d94045026fc61a75cd31cc63,https://codereview.qt-project.org/30338,2,6,0,0,766,3362,2,9,3.63027777777778,168,refactoring/,refactor|,refactoring/,refactor|,Debugger: Refactor name demangler.,Debugger: Refactor name demangler.  Now all the parsing logic as well as the stringification is in the tree nodes.  Change-Id: Ie8222729c14c0102d94045026fc61a75cd31cc63
185286,qt-creator%2Fqt-creator~master~I59088df259611d7cd78af47b81b6a21d628a787f,https://codereview.qt-project.org/30282,2,4,0,0,462,5717,1,11,0.465,510,refactoring/,refactor|,refactoring/,refactor|,Debugger: Refactor name demangler.,"Debugger: Refactor name demangler.  So far, we converted the mangled to the demangled representation on the fly while parsing. Because some demangled strings look different depending on higher-level context, awkward string manipulations were then necessary at some later point. The new solution is much more easily maintainable, creating a tree with a node for every rule in the grammar first and converting the complete tree to the demangled string later.  Change-Id: I59088df259611d7cd78af47b81b6a21d628a787f"
185396,qt%2Fqtlocation~master~I022ccad6a1d53ec0f3da14e1ef8fe0e2b27e0687,https://codereview.qt-project.org/29512,3,13,4,0,808,25,3,2,189.351944444444,116,refactoring/,refactor|,refactoring/,refactor|,Refactor error handling in nokia plugin for search suggestions,Refactor error handling in nokia plugin for search suggestions  Change-Id: I022ccad6a1d53ec0f3da14e1ef8fe0e2b27e0687
186096,qt%2Fqtdeclarative~master~Ied56bdfc93162b7668be7b07841948b8b5968a70,https://codereview.qt-project.org/29964,3,5,0,0,403,9,1,2,6.5825,104,refactoring/,refactor|,refactoring/,refactor|,Fix some commented issues from the refactor merge.,Fix some commented issues from the refactor merge.  Change-Id: Ied56bdfc93162b7668be7b07841948b8b5968a70
186107,qt%2Fqtdeclarative~master~I8992f673fb64467869d5fb9d23d011f19219feed,https://codereview.qt-project.org/29962,3,3,0,0,185,4,1,2,4.15638888888889,304,refactoring/,refactor|,refactoring/,refactor|,Remove outdated refactor comments.,"Remove outdated refactor comments.  It's not necessary to check whether the canvas has focus when gaining active focus, as the focus of the root item follows the window focus so an item should never gain active focus if the window doesn't have focus.  Change-Id: I8992f673fb64467869d5fb9d23d011f19219feed"
186111,qt%2Fqtlocation~master~I58c4992d4f189effdbd43df691d6eb01e730c422,https://codereview.qt-project.org/29872,3,4,0,0,294,7,1,1,21.8469444444444,117,refactoring/,refactor|,refactoring/,refactor|,Refactor detection of unsupported search parameter combinations,Refactor detection of unsupported search parameter combinations  Change-Id: I58c4992d4f189effdbd43df691d6eb01e730c422
186173,qt%2Fqtquickcontrols~qt5~I30904047d203e404b90ae01eaab2e8c4431879ed,https://codereview.qt-project.org/29815,3,10,0,0,447,124,4,13,66.7202777777778,154,refactoring/,refactor|,refactoring/,refactor|,Refactor and simplify,Refactor and simplify  Renambed background to delegate Removed redundant code Removed backgroundItem  Change-Id: I30904047d203e404b90ae01eaab2e8c4431879ed
186247,qt%2Fqtquickcontrols~qt5~I65c44db54f6f97bbc1e69d85d35d55464dac794e,https://codereview.qt-project.org/29723,4,7,0,0,368,2279,3,41,0.664444444444444,283,refactoring/,refactor|,refactoring/,refactor|,"Refactor and remove ""custom"" components","Refactor and remove ""custom"" components  The custom subdirectory doesnt make much sense for desktop and adds an uneccessary abstraction layer.  This patch removes it and removes some of the properties that are no longer required.  Change-Id: I65c44db54f6f97bbc1e69d85d35d55464dac794e"
186408,qt%2Fqtbase~master~Ib7916c9664a0f72e40156a03bdfc79a4a6c24350,https://codereview.qt-project.org/29326,5,8,0,0,655,60,1,1,54.905,761,refactoring/,refactor|,refactoring/,refactor|,Refactor the creation of imported targets into a macro.,"Refactor the creation of imported targets into a macro.  This will make it easier to handle cases where the Qt installation and the build do not match exactly. For example, on Windows, it would be possible to do:    ./configure -debug   make   make install   make release   make release_install  In which case, both debug and release libraries would be installed even though it was only configured with -debug. On non-Windows, the debug and release libraries would overwrite each other, so it is not necessary to support it.  Similarly, we want to handle cases in the future where (on non-Windows) both static and shared libraries would be installed (again, not described with a single build configuration).  Change-Id: Ib7916c9664a0f72e40156a03bdfc79a4a6c24350"
186908,qt%2Fqtlocation~master~Ifd3e040b6b7a964227981175b074ca4f52d7579c,https://codereview.qt-project.org/28903,3,13,0,0,653,1751,4,34,45.8963888888889,182,refactoring/,refactor|,refactoring/,refactor|,Refactor recommendations,Refactor recommendations  Recommendations can be incorporated into ordinary searches. this is more convenient for the developer.  Change-Id: Ifd3e040b6b7a964227981175b074ca4f52d7579c
186999,qt%2Fqtlocation~master~I21f43e7979f9f0ae1dfb51e0b619a7c855a469bb,https://codereview.qt-project.org/28757,4,17,6,0,953,951,5,25,142.204444444444,189,refactoring/,refactor|,refactoring/,refactor|,Refactor Search Results,Refactor Search Results  The different types of search results should be spearated into classes.  Also temporarily disable jsondb test.  Change-Id: I21f43e7979f9f0ae1dfb51e0b619a7c855a469bb
187390,qt%2Fqtbase~master~If2b6fa29b573d87c0a4cd0a8eff1f044bd1ff9b8,https://codereview.qt-project.org/27914,5,13,0,0,950,289,3,8,172.365277777778,319,refactoring/,refactor|,refactoring/,refactor|,eglfs refactor: move window creation into qeglfswindow,WIP: eglfs refactor: move window creation into qeglfswindow  This potentially allows the creation of multiple QWindows. The platform context is now in a seperate file and the integration provides a new instance of the context allowing creation of multiple contexts.  Change-Id: If2b6fa29b573d87c0a4cd0a8eff1f044bd1ff9b8
187469,qt%2Fqtbase~master~Ie67e5ea14fa204ebc5887d7aaeb1a4f3ecaf8697,https://codereview.qt-project.org/27778,6,23,7,0,1674,463,5,5,214.911388888889,591,refactoring/,refactor|,refactoring/,refactor|,Refactor the ICU code for QLocale,"Refactor the ICU code for QLocale  Clean up the ICU code and make it thread-safe. Add a QIcuData structure to QLocalePrivate, that contains ICU specific data. Right now this is the localeID and the collator.  Moving the collator into a locale specific structure fixes the thread safety problem the old code had and prepares the way for proper collation support in Qt.  Also fix a bug in the locale specific case conversion code that would cause it to fail and fall back to the QString code if the output string was larger than the input.  Change-Id: Ie67e5ea14fa204ebc5887d7aaeb1a4f3ecaf8697"
187827,qt%2Fqtbase~master~Ib40c3a870ade568f66e37e621a8abc6b17e39411,https://codereview.qt-project.org/27785,3,5,0,0,241,84,2,4,91.5416666666667,218,refactoring/,refactor|,refactoring/,refactor|,eglfs refactor: Query screen and format info from hooks,eglfs refactor: Query screen and format info from hooks  This allows boards to customize what they really work best for without having to set environment variables.  Change-Id: Ib40c3a870ade568f66e37e621a8abc6b17e39411
187828,qt%2Fqtbase~master~If2c870538c742fd034fb9e5c115e4ac0bd8e2e03,https://codereview.qt-project.org/27784,3,5,0,0,241,86,2,4,91.5419444444444,112,refactoring/,refactor|,refactoring/,refactor|,eglfs refactor: Move egl initialization to the integration,eglfs refactor: Move egl initialization to the integration  Change-Id: If2c870538c742fd034fb9e5c115e4ac0bd8e2e03
188267,qt%2Fqtpim~master~Ic527402cac59b15b440e327dea6343ee754b191f,https://codereview.qt-project.org/27251,7,7,0,0,333,132,2,3,72.5036111111111,264,refactoring/,refactor|,refactoring/,refactor|,Refactor contacts qml tests accessing jsondb,Refactor contacts qml tests accessing jsondb  Creates a base test case element for jsondb tests and moves the common methods to the base element. Also moves a test contact declaration next to the case using it.  Change-Id: Ic527402cac59b15b440e327dea6343ee754b191f
188333,%7Bgraveyard%7D%2Fqtjsondb~master~I9589b59e8f06854e2f1e4ce64f0f3a65d729dde7,https://codereview.qt-project.org/27381,4,8,0,0,758,319,2,7,20.5213888888889,225,refactoring/,refactor|,refactoring/,refactor|,Debug and verbose output refactor,Debug and verbose output refactor  Refactored a number of files to produce more readable debug and verbose messages.  Added debug macros for file/line/function information  Change-Id: I9589b59e8f06854e2f1e4ce64f0f3a65d729dde7
188654,qt-creator%2Fqt-creator~master~I68624771ef49d50f2cf0d6d580b1b34d57483178,https://codereview.qt-project.org/26184,4,24,18,0,951,392,9,6,251.883055555556,194,refactoring/,refactor|,refactoring/,refactor|,QmlJSInspectorAgent: Refactor code,QmlJSInspectorAgent: Refactor code  Try to use the watchHandler for referring to the object tree instead of caching the object tree locally.  Change-Id: I68624771ef49d50f2cf0d6d580b1b34d57483178
188698,qt%2Fqtbase~master~I8dd08a9f3dc27d85edd0dc9dad9629406c1e677a,https://codereview.qt-project.org/26932,6,11,0,0,848,42,2,5,28.9333333333333,308,refactoring/,refactor|,refactoring/,refactor|,QPA: Refactor QFileDialogPrivate::qt_clean_filter_list for QPA,QPA: Refactor QFileDialogPrivate::qt_clean_filter_list for QPA  Allows QFileDialog and QPA plugins to access this helper function.  Needed by the Cocoa and QNX plugins. This commit fixes up the Cocoa plugin. The QNX support will be in a follow-up commit.  Change-Id: I8dd08a9f3dc27d85edd0dc9dad9629406c1e677a
188707,%7Bgraveyard%7D%2Fqtjsondb~master~Iccc4674b273c350fe13386ae2faf88cf2be87422,https://codereview.qt-project.org/26983,4,7,4,0,585,1613,2,16,19.5780555555556,230,refactoring/,refactor|,refactoring/,refactor|,Refactor notifications,WIP: Refactor notifications  Move notification handling in the QtJsonDbPartition module. This will allow use to reuse the code for handling notifications in private partitions.  Change-Id: Iccc4674b273c350fe13386ae2faf88cf2be87422
190261,qt%2Fqtdeclarative~master~I99ba84889ce360d2def27834f15af43c2bdf29bc,https://codereview.qt-project.org/25109,3,5,0,0,241,9741,2,21,20.3286111111111,85,refactoring/,refactor|,refactoring/,refactor|,Refactor canvas item unit tests,Refactor canvas item unit tests  Change-Id: I99ba84889ce360d2def27834f15af43c2bdf29bc
191045,pyside%2Fpyside-setup~dev~Ifd478f96a73dbc21e441fed8b8e543f07b6fa00b,https://codereview.qt-project.org/323265,5,8,0,0,305,7,4,1,3.53083333333333,250,refactoring/,refactor|,refactoring/,refactor|,shiboken6: Refactor writing out files,shiboken6: Refactor writing out files  Write the buffer directly to the file instead of reopening the text stream on it (which has unclear encoding semantics). Add error handling on this occasion.  Change-Id: Ifd478f96a73dbc21e441fed8b8e543f07b6fa00b
191451,%7Bgraveyard%7D%2Fqlogger~master~I5ed4a14e4ef105bb65663edd62c4e79761010b55,https://codereview.qt-project.org/23815,3,6,5,0,279,124,1,2,158.143888888889,387,refactoring/,refactor|,refactoring/,refactor|,"Refactor ""startup"" logic.","Refactor ""startup"" logic.  The first call to isEnabled() will cause the QT_LOGGING_CONFIG environment variable to be checked.  Or if qSetLoggingRules[File]() is called, this will also check the environment variable.  The QLoggingPrivate object is created only if a valid config file can be found or a non-empty set of rules is given.  Change-Id: I5ed4a14e4ef105bb65663edd62c4e79761010b55"
192040,qt%2Fqtpim~master~Ifc731b8ca4c545ac63ec4bfc1ab969ee537fd949,https://codereview.qt-project.org/23531,3,10,0,0,880,96,1,1,47.4058333333333,215,refactoring/,refactor|,refactoring/,refactor|,Refactor contacts qml jsondb partition tests,Refactor contacts qml jsondb partition tests  Combine model creation and initialization into a new helper method. Simplify fetch contacts testing initialization.  Change-Id: Ifc731b8ca4c545ac63ec4bfc1ab969ee537fd949
192133,%7Bgraveyard%7D%2Fqtjsondb~master~I13f62750696a52c891e59f159c601145bdac26b7,https://codereview.qt-project.org/23620,4,6,0,0,350,48,2,6,11.5777777777778,68,refactoring/,refactor|,refactoring/,refactor|,Refactor flush,Refactor flush  Change-Id: I13f62750696a52c891e59f159c601145bdac26b7
192269,qt%2Fqt~4.8~I388c2fc503db0fb4be7b80f82e280cf2c8b73015,https://codereview.qt-project.org/23407,5,3,0,0,185,555,1,7,21.9977777777778,384,refactoring/,refactor|,refactoring/,refactor|,Refactor navigator event handling,"Refactor navigator event handling  Separate PPS based navigator event notification handling and implementation of the actual event handling.  Like the similar refactoring for screen events, this will allow to reuse the same event handler class for BPS driven event processing.  Backport of 4fac40f8b0e7b2a6f5f41eb82196e8b197bc851a  Change-Id: I388c2fc503db0fb4be7b80f82e280cf2c8b73015"
192411,qt%2Fqt~4.8~I6896645aedd20e96fdabc7c49c7bd1d762de788f,https://codereview.qt-project.org/23145,6,12,4,0,550,555,3,7,75.0688888888889,384,refactoring/,refactor|,refactoring/,refactor|,Refactor navigator event handling,"Refactor navigator event handling  Separate PPS based navigator event notification handling and implementation of the actual event handling.  Like the similar refactoring for screen events, this will allow to reuse the same event handler class for BPS driven event processing.  Backport of 4fac40f8b0e7b2a6f5f41eb82196e8b197bc851a  Change-Id: I6896645aedd20e96fdabc7c49c7bd1d762de788f"
192420,qt-creator%2Fqt-creator~master~I852ace75c1962290717ed127ac5938d7505b9a7e,https://codereview.qt-project.org/23335,4,4,0,0,225,42,1,8,0.618333333333333,281,refactoring/,refactor|,refactoring/,refactor|,QmlDebugger: Refactor QML Signal Handler,QmlDebugger: Refactor QML Signal Handler  Refactor QML Signal Handler to QML Signal Emit. This is because the debugger breaks when a matching signal is emitted irrespective of whether there is a handler connected to the signal.  Change-Id: I852ace75c1962290717ed127ac5938d7505b9a7e
192672,qt%2Fqtbase~master~I29d4a082cb01ff7943b7822ea9aa8ad622fda593,https://codereview.qt-project.org/22735,5,18,5,0,1047,569,5,7,52.4794444444444,330,refactoring/,refactor|,refactoring/,refactor|,Refactor navigator event handling,"Refactor navigator event handling  Separate PPS based navigator event notification handling and implementation of the actual event handling.  Like the similar refactoring for screen events, this will allow to reuse the same event handler class for BPS driven event processing.  Change-Id: I29d4a082cb01ff7943b7822ea9aa8ad622fda593"
193238,%7Bgraveyard%7D%2Fqtjsondb~master~I929e175889a7e6077bf87858f14fef341d54cfd8,https://codereview.qt-project.org/22226,5,22,4,0,885,307,9,9,20.2638888888889,353,refactoring/,refactor|,refactoring/,refactor|,changesSince refactor,"changesSince refactor   * Moved QJsonObject JsonDbObjectTable::changesSince() to JsonDbPartition  * Added a version that fills in a JsonDbUpdateList  * Added option to split an update into to if it changes the _type of an object  * Used that version in updateView, so it can call updateViewOnChanges  Change-Id: I929e175889a7e6077bf87858f14fef341d54cfd8"
193428,qt%2Fqtpim~master~I0e408dc3f7c62cba9a2f71bac87ff48db840afd1,https://codereview.qt-project.org/20088,8,45,63,0,4605,1067,10,45,433.487222222222,565,refactoring/,refactor|,refactoring/,refactor|,refactor displayLabel detail in contacts API,"refactor displayLabel detail in contacts API  -the synthesized display label generated from qcontactmanager is removed -custom label in the name detail has been removed -added a displayLabel detail in c++ api and corresponding bindings in contacts Qml Api -jsondb backend  handles displayLabel detail only when its set in qcontact -The above adaptation is done for versit api , display label is a FN property there -Adapted c++ and qml tests -this results the only read only property now in qcontact is its Type  Change-Id: I0e408dc3f7c62cba9a2f71bac87ff48db840afd1"
193550,%7Bgraveyard%7D%2Fqtjsondb~hbtree~Ife26088e186fd0afe038c7a58859206813234607,https://codereview.qt-project.org/21702,3,11,2,0,565,1048,4,7,45.7858333333333,322,refactoring/,refactor|,refactoring/,refactor|,"Hbtree smart asserts, refactor, debug clean up","Hbtree smart asserts, refactor, debug clean up  Got rid of CONFIG+=debug in daemon.pro auto test  Added Corrupted flag to marker so that when a corrupted page we can ""walk"" the tree on start up next time and collect unreachable pages  Added a cursorNext benchmark test  Change-Id: Ife26088e186fd0afe038c7a58859206813234607"
194176,qt%2Fqt3d~master~I05c2081f61b91bc91673668f6e423a206ac026d5,https://codereview.qt-project.org/19524,3,12,0,0,2627,2194,5,139,276.665277777778,552,refactoring/,refactor|,refactoring/,refactor|,Refactor packaging and deployment.,"Refactor packaging and deployment.  Updating Qt3D's packaging and deployment: remove some platform specific packaging references.  These can be hidden away in the build scripts for those platforms and do no need to be in the generic package logic.  To support this approach begin fixing qmlres and the main.cpp's.  Fix and streamline the pkg.pri file, and add some much needed comments.  Note that this change *will* break current packaging scripts - those can need to be fixed in seperate commits.  Change-Id: I05c2081f61b91bc91673668f6e423a206ac026d5"
195030,qt%2Fqtbase~master~I1a4b4e061815bca16c65b23e591bb7563a3e44e2,https://codereview.qt-project.org/19570,6,19,2,0,1364,148,3,16,64.6313888888889,747,refactoring/,refactor|,refactoring/,refactor|,Refactor theme plugin loading.,"Refactor theme plugin loading.  In the old implementation, the QPlatformIntegration was asked for the theme first, so there was no way of overriding that by a custom plugin. Also, there was a memory leak in case the platform theme was actually created by a plugin.  QGuiApplication now asks the QPlatformIntegration for a list of potential theme names first, tries to load them using the plugin loader and finally invokes a factory method of QPlatformIntegration in case that fails. The theme is now owned by QGuiApplication.  In the XCB plugin, the environment variable DESKTOP_SESSION is queried and appended to the list of themes, making it possible to load plugins for other session types.  Change-Id: I1a4b4e061815bca16c65b23e591bb7563a3e44e2"
195150,qt-creator%2Fqt-creator~master~I76f7313779888a1bd07a1cdb1acbf2e47aacf42a,https://codereview.qt-project.org/19349,4,16,173,0,702,9278,5,47,137.657222222222,327,refactoring/,refactor|,refactoring/,refactor|,QmlProfiler: Refactor,"QmlProfiler: Refactor  The code of the qmlprofiler client has become a bit too complex, this patch reorganizes the modules in a more sensible way, having the modules communicate with each other through a state machine instead of the excess of signals and slots from before.  Change-Id: I76f7313779888a1bd07a1cdb1acbf2e47aacf42a"
195194,qt%2Fqtdeclarative~master~I1cc749ad11b8439239ba739f40e99b78af7351ab,https://codereview.qt-project.org/18149,4,18,3,0,2439,331,4,22,336.0375,119,refactoring/,refactor|,refactoring/,refactor|,Refactor canvas examples by following the new example guidelines.,Refactor canvas examples by following the new example guidelines.  Change-Id: I1cc749ad11b8439239ba739f40e99b78af7351ab
195332,qt%2Fqtdeclarative~master~I4fd4fa4fb190814e1e32ce847d05ab0015ad4ca0,https://codereview.qt-project.org/18873,4,9,0,0,839,132,1,5,171.361111111111,86,refactoring/,refactor|,refactoring/,refactor|,Refactor XMLHttpRequest example.,Refactor XMLHttpRequest example.  Change-Id: I4fd4fa4fb190814e1e32ce847d05ab0015ad4ca0
195333,qt%2Fqtdeclarative~master~I0c742c35ba8d5a2812dc1665905e45f5ffb745b5,https://codereview.qt-project.org/18871,4,9,0,0,839,133,1,4,171.526944444444,83,refactoring/,refactor|,refactoring/,refactor|,Refactor localstorage example,Refactor localstorage example  Change-Id: I0c742c35ba8d5a2812dc1665905e45f5ffb745b5
195880,qt%2Fqtbase~master~Icf09cbfde411c926ed87914dc821e6dfc569b0de,https://codereview.qt-project.org/18334,4,23,3,0,2050,230,4,5,143.546666666667,392,refactoring/,refactor|,refactoring/,refactor|,Refactor headersclean for usage from modules other than qtbase,Refactor headersclean for usage from modules other than qtbase  headersclean enforces various rules which all Qt headers are supposed to abide by.  It fails compilation if these rules are broken.  These rules should be followed also by modules hosted outside of qtbase.  Split the test up so that it can be easily reused by other modules.  Change-Id: Icf09cbfde411c926ed87914dc821e6dfc569b0de
196017,qt%2Fqtdeclarative~master~If7dea8e56a612d241c67a82eae265febc45059a8,https://codereview.qt-project.org/18515,5,12,1,0,698,96,3,7,96.3388888888889,153,refactoring/,refactor|,refactoring/,refactor|,Continue refactor of Canvas rendering.,Continue refactor of Canvas rendering.  - Remove sync() - not necessary - Queue buffer before flush  Change-Id: If7dea8e56a612d241c67a82eae265febc45059a8
196085,qt%2Fqtsystems~master~I41442afcbcb67f1d958b598a2e868956b5373976,https://codereview.qt-project.org/18679,3,4,0,0,247,66,1,2,52.7577777777778,148,refactoring/,refactor|,refactoring/,refactor|,Refactor the storage info on Linux.,Refactor the storage info on Linux.  Move the logic to handle UDev to setup / cleanup wrapper.  Change-Id: I41442afcbcb67f1d958b598a2e868956b5373976
196692,qt%2Fqtcharts~dev~I5332da0f5e0321e56e2ba002176a2def2a1d76f8,https://codereview.qt-project.org/322383,2,6,0,0,570,5,2,2,18.1080555555556,184,refactoring/,refactor|,refactoring/,refactor|,Fixup after namespace refactor,Fixup after namespace refactor  QT_USE_NAMESPACE should not be used in global file. Remove some leftovers from plugin source file.  Change-Id: I5332da0f5e0321e56e2ba002176a2def2a1d76f8
196790,pyside%2Fpyside-setup~dev~I102c2b1683ab948140fa704b8c87eab1ac265e15,https://codereview.qt-project.org/322337,5,4,1,0,257,6,2,1,0.338333333333333,379,refactoring/,refactor|,refactoring/,refactor|,shiboken6: Refactor ShibokenGenerator::replaceConverterTypeSystemVariable(),"shiboken6: Refactor ShibokenGenerator::replaceConverterTypeSystemVariable()  The function constructed a QString conversion, a QTextStream writing to it and then modified the string behind the QTextStream's back. Make the QTextStream local to the branch where it is needed and modify the string directly in the other branches.  Change-Id: I102c2b1683ab948140fa704b8c87eab1ac265e15"
196923,pyside%2Fpyside-setup~dev~Ie1344d8bd85a073ef5f6e2cb461bd2f514265a9f,https://codereview.qt-project.org/322111,5,12,4,2,438,101,3,3,4.01888888888889,373,refactoring/,refactor|,refactoring/,refactor|,libpyside: Refactor GlobalReceiverV2Map,libpyside: Refactor GlobalReceiverV2Map  Use a QHash of object/method PyObject instead of a QByteArray representing the sum of hash values of both as a string.  The problem with using hash functions here is that 2 keys might be identical due to the hashing.  Rename the hash() methods to key().  Task-number: PYSIDE-1422 Change-Id: Ie1344d8bd85a073ef5f6e2cb461bd2f514265a9f
197002,qt%2Fqtbase~master~I654f76f0e55a385ba189bd74f3ceaded6a8fe318,https://codereview.qt-project.org/14361,7,29,3,0,3694,1618,10,24,822.924166666667,343,refactoring/,refactor|,refactoring/,refactor|,Refactor the QPA dnd interface.,WIP: Refactor the QPA dnd interface.  - Give QPlatformDrag a synchronous drag() function returning   the Qt::DropAction - Move the base functionality for asynchronous event handling   to the platformsupport library. - Change the Windows implementation accordingly. - Clean up QDragManager.  Change-Id: I654f76f0e55a385ba189bd74f3ceaded6a8fe318
197052,qt%2Fqtwayland~master~Id62b1037e03fbeae82048f5ab9078fa81ed8e45d,https://codereview.qt-project.org/17910,5,12,1,0,464,369,5,5,50.105,72,refactoring/,refactor|,refactoring/,refactor|,"Refactor wlsurface,",Refactor wlsurface  Change-Id: Id62b1037e03fbeae82048f5ab9078fa81ed8e45d
197315,qt%2Fqtdeclarative~master~I25515d29d8992acde15db0df1bb5972e35573e60,https://codereview.qt-project.org/17830,3,8,0,0,568,0,2,4,26.0175,156,refactoring/,refactor|,refactoring/,refactor|,Examples refactor rebase,Examples refactor rebase  Automatic rebase did not move some new files to where they should have gone.  Change-Id: I25515d29d8992acde15db0df1bb5972e35573e60
197546,qt%2Fqtdeclarative~master~I76c3b86751d3195ba2a5474ff23afb875765e9a4,https://codereview.qt-project.org/16834,4,28,1,0,2313,2322,7,885,106.637222222222,305,refactoring/,refactor|,refactoring/,refactor|,Start of examples refactor,"Start of examples refactor  This is the general reorg of the examples directory structure, plus additional guidelines.  calculator, animations and accessibility have been updated to the new standards and tested, as an example.  Task-number: QTBUG-24133 Change-Id: I76c3b86751d3195ba2a5474ff23afb875765e9a4"
197674,qt%2Fqtbase~master~Id5422cac5967d45dcaf2eb71b941d9c45e3b4dee,https://codereview.qt-project.org/17200,2,8,2,0,4319,152,1,4,25.415,159,refactoring/,refactor|,refactoring/,refactor|,Refactor input context tests,Refactor input context tests  Combined test input context instances and adapted changed interfaces a bit.  Change-Id: Id5422cac5967d45dcaf2eb71b941d9c45e3b4dee
198030,qt-creator%2Fqt-creator~master~I02b23b380a3eb1b12003b30ded0b7d075e44dfed,https://codereview.qt-project.org/16520,5,46,77,0,2328,1729,16,30,103.384444444444,358,refactoring/,refactor|,refactoring/,refactor|,ScriptConsole: Refactor to QtMessageLogWindow,ScriptConsole: Refactor to Console  Move QML/JS independent classes to common Debugger code. A Debugger Engine needs to derive from ConsoleBackend to provide engine specific console handling and the DebuggerEngine::consoleBackend() needs to be overridden to return the derived instance of ConsoleBackend.  Change-Id: I02b23b380a3eb1b12003b30ded0b7d075e44dfed
198859,qt%2Fqtdeclarative~master~If0e00a14baa673fca6b999a787b4e89885bb1e51,https://codereview.qt-project.org/15769,5,13,0,0,815,1500,3,25,25.2888888888889,157,refactoring/,refactor|,refactoring/,refactor|,Refactor Canvas rendering paths.,Refactor Canvas rendering paths.  Refactor Canvas rendering paths to enable different drawing contexts.  Change-Id: If0e00a14baa673fca6b999a787b4e89885bb1e51
199311,qt%2Fqtlocation~master~I3634af1b6d6c7430394aec8dc8d588061d2ef257,https://codereview.qt-project.org/15303,3,8,0,0,500,1133,2,13,20.1641666666667,419,refactoring/,refactor|,refactoring/,refactor|,"Refactor geometry computations out of map items, caching results","Refactor geometry computations out of map items, caching results  Creates a new family of QGeoMapItemGeometry classes, which contain the methods and data for triangulating, translating and aligning the geometry of map objects.  These also enable a two-stage process to reduce expensive calls to coordinateToScreenPosition to only occur when zoom levels are changed.  Change-Id: I3634af1b6d6c7430394aec8dc8d588061d2ef257"
199453,qt%2Fqtbase~master~Ia4c5a5fd3e374b53e3c4d870f2ee9d37b5090917,https://codereview.qt-project.org/14659,5,13,2,0,775,61,3,1,148.408611111111,239,refactoring/,refactor|,refactoring/,refactor|,refactor QSqlTableModel::setData(),refactor QSqlTableModel::setData()  -unify and move logic out of switch statement -clear cache more clearly for OnFieldChange  Existing idiosyncracies have been kept for the time being.  Change-Id: Ia4c5a5fd3e374b53e3c4d870f2ee9d37b5090917
199454,qt%2Fqtbase~master~I6d9e2a69e1571a74c630ad1392e15b60fc0ad3f2,https://codereview.qt-project.org/14653,5,13,6,0,782,80,3,1,148.926666666667,632,refactoring/,refactor|,refactoring/,refactor|,refactor QSqlTableModel::setRecord(),"refactor QSqlTableModel::setRecord()  -Do not use setData() We're using ModifiedRow now so it makes sense to buffer the changes and submit the row at once. This improves readability and encourages further haromonization of the editing strategies.  -No longer need temporary change to OnRowChange Previously, the strategy was temporarily changed from OnFieldChange to OnRowChange in order to obtain the desired behavior from setData(). Now, since we don't use setData(), we can program the desired behavior here and don't need this trick.  -Comment historical idiosyncracies/bugs  Change-Id: I6d9e2a69e1571a74c630ad1392e15b60fc0ad3f2"
200120,qt%2Fqtlocation~master~I702e8a1b6f0e80cb990315165f1bf331a82e65a5,https://codereview.qt-project.org/14031,3,32,51,0,2306,1385,11,29,146.0225,68,refactoring/,refactor|,refactoring/,refactor|,Refactor Icons,Refactor Icons  Change-Id: I702e8a1b6f0e80cb990315165f1bf331a82e65a5
200340,qt%2Fqt~4.8~I69ae8b40e3574039c8f9b0d88ecd55d16e830ac9,https://codereview.qt-project.org/14259,2,4,0,0,294,402,1,8,4.48361111111111,113,refactoring/,refactor|,refactoring/,refactor|,uikit: refactor the mkspecs and add armv6 and nothumb ones.,uikit: refactor the mkspecs and add armv6 and nothumb ones.  Change-Id: I69ae8b40e3574039c8f9b0d88ecd55d16e830ac9
201190,qt-creator%2Fqt-creator~master~If21b1167e870e87166b2f7fd6f3283063e47ded0,https://codereview.qt-project.org/13123,4,12,21,0,532,76,3,3,69.0755555555556,307,refactoring/,refactor|,refactoring/,refactor|,ScriptConsole: Refactor,ScriptConsole: Refactor  Clean up QmlEngine specific code from debbuger plugin. The logic to check if the current debug engine is qmlengine is done by scriptconsole. It also listens to debug engine state transitions to enable/disable itself accordingly.  Change-Id: If21b1167e870e87166b2f7fd6f3283063e47ded0
201684,qt-creator%2Fqt-creator~master~I251dc5646bfcf1da386939bb8309b8db6cd2eeaa,https://codereview.qt-project.org/12726,3,7,2,0,363,17,2,1,0.388888888888889,99,refactoring/,refactor|,refactoring/,refactor|,ScriptConsole: Refactor extra selections code,ScriptConsole: Refactor extra selections code  Change-Id: I251dc5646bfcf1da386939bb8309b8db6cd2eeaa
202040,pyside%2Fpyside-setup~dev~I06c5f8a36d977a3006e2c4e43afa9f3988cbe97b,https://codereview.qt-project.org/322016,5,6,2,0,351,271,3,8,1.49222222222222,397,refactoring/,refactor|,refactoring/,refactor|,shiboken6: Refactor code snip query functions,"shiboken6: Refactor code snip query functions  Move most code snip query functions to AbstractMetaFunction, using a template function taking a predicate to avoid building a list of all snippets on every invocation.  injectedCodeCallsCppFunction() remains in ShibokenGenerator as it depends on the GeneratorContext, but can use the new helpers.  Change-Id: I06c5f8a36d977a3006e2c4e43afa9f3988cbe97b"
202214,qt%2Fqtwebengine~dev~I84ef8cf729ef87d9339cae3f1bb1f0c709035ccf,https://codereview.qt-project.org/317987,2,13,0,0,791,56,5,6,607.46,139,refactoring/,refactor|,refactoring/,refactor|,Small refactor of startDragging,Small refactor of startDragging  This is required to decouple 'view' logic from page.  Change-Id: I84ef8cf729ef87d9339cae3f1bb1f0c709035ccf
202663,qt%2Fqtbase~master~Ib096df65e2c4ce464bc7a684aade5af7d1264c24,https://codereview.qt-project.org/10087,5,51,38,0,3080,378,11,9,864.127222222222,1215,refactoring/,refactor|,refactoring/,refactor|,Refactor QVariant handlers.,"Refactor QVariant handlers.  QVariant implementation is based on delegation to a handler. The handler has rather simple construction, it is a set of function that implements a switch statement over known types and redirects calls to a right method of an encapsulated types instance. Unfortunately after qt modularization project, it is not easy to use types directly from different modules, as they can be undefined or completely unaccessible. Which means that each module has to implement own handler to cooperate correctly with QVariant. We can suspect that list of modules known to QVariant will grow and it is not limited to GUI, Widgets and Core, therefore it would be nice to have an unified, from performance and source code point of view, way of working with handlers.  This patch is an attempt to cleanup handlers. Keynotes: - Each handler is working only on types defined in the same module - Core handler implements handling of primitive types too - Custom types have an own handler - Each handler is independent which means that dispatch between handlers   is done on QVariant level - Handlers might be registered / unregistered using same interface  Change-Id: Ib096df65e2c4ce464bc7a684aade5af7d1264c24"
202886,qt-creator%2Fqt-creator~master~I3c5845ceb7151130032cfff4ab5b7b36ca2459d9,https://codereview.qt-project.org/11814,2,3,0,0,163,91,1,9,7.16388888888889,428,refactoring/,refactor|,refactoring/,refactor|,Analyzer: refactor global and project tool settings usage.,"Analyzer: refactor global and project tool settings usage.  IAnalyzerTool has now 2 new virtual methods used to create the global and per-project settings. No need to create any static factory method and pass a pointer to them to the AnalyzerGlobalSettings instance anymore.  The Valgrind plugin is now using it, the memchecktool creates the settings for all valgrind tools.  Change-Id: I3c5845ceb7151130032cfff4ab5b7b36ca2459d9"
203669,qt%2Fqtlocation~master~I3cbff4f92f45ae4a7b3922890f65a0267ece7c82,https://codereview.qt-project.org/10510,3,13,6,0,699,2878,5,17,151.136666666667,104,refactoring/,refactor|,refactoring/,refactor|,Refactor Json schema and event handling for Places,Refactor Json schema and event handling for Places  Change-Id: I3cbff4f92f45ae4a7b3922890f65a0267ece7c82
204169,qt%2Fqtpim~master~If9f658151298b6dccbb3087f4c1e795b1af0a37e,https://codereview.qt-project.org/10030,3,5,0,0,335,24,1,2,76.3919444444444,140,refactoring/,refactor|,refactoring/,refactor|,Refactor contacts qml tests.,Refactor contacts qml tests.  Rename helper method similarly to other test case files.  Change-Id: If9f658151298b6dccbb3087f4c1e795b1af0a37e
204179,qt%2Fqtpim~master~I8518b0a7139ff02a987c1925b2c4de7a104fb572,https://codereview.qt-project.org/10074,3,5,0,0,241,91,2,1,70.1830555555556,151,refactoring/,refactor|,refactoring/,refactor|,Refactor contacts qml tests by unifying saving to model.,Refactor contacts qml tests.  Unify model saving in details saving e2e test with other e2e tests.  Change-Id: I8518b0a7139ff02a987c1925b2c4de7a104fb572
204648,installer-framework%2Finstaller-framework~master~Id50f324e04a5afbf17631efece7e10caa6d41244,https://codereview.qt-project.org/9799,3,6,0,0,260,157,2,3,0.447222222222222,106,refactoring/,refactor|,refactoring/,refactor|,Refactor the code with the use of buildComponentTree.,refactor the code with the use of buildComponentTree  Change-Id: Id50f324e04a5afbf17631efece7e10caa6d41244
204663,qt%2Fqtpim~master~I997e140a8d37e8e69a19927ea86d2afeeb6fba8e,https://codereview.qt-project.org/9781,5,5,0,0,356,68,1,1,1.90055555555556,141,refactoring/,refactor|,refactoring/,refactor|,Refactor contacts qml tests.,Refactor contacts qml tests.  - Simplify cleaning and spying the model in sorting tests  Change-Id: I997e140a8d37e8e69a19927ea86d2afeeb6fba8e
204672,qt%2Fqtpim~master~Iab2492a08020e6c267043f58cdf7ccbd0b7088cf,https://codereview.qt-project.org/9573,5,3,0,0,185,611,1,1,47.0005555555556,240,refactoring/,refactor|,refactoring/,refactor|,Refactor contacts qml tests.,Refactor contacts qml tests.  Modify signal tests to use a dedicated contact element for each test function. This prevents modifications to a contact from affecting other test functions.  Change-Id: Iab2492a08020e6c267043f58cdf7ccbd0b7088cf
204673,qt%2Fqtpim~master~Iff7333f280c86b25ed4b6829a90ca04eb53e9b8b,https://codereview.qt-project.org/9571,5,5,0,0,241,591,2,1,47.2938888888889,201,refactoring/,refactor|,refactoring/,refactor|,Refactor contacts qml tests.,Refactor contacts qml tests.  - Modify test signal spying. - Modify tests to use multiple contacts instead of one big   to avoid test interference.  Change-Id: Iff7333f280c86b25ed4b6829a90ca04eb53e9b8b
204698,qt%2Fqtlocation~master~I848d1dc2b6cd29837c6188e8ec04707c1d40bbdd,https://codereview.qt-project.org/9623,3,5,0,0,462,94,1,4,34.4208333333333,112,refactoring/,refactor|,refactoring/,refactor|,Refactor waitForResponse to indicate if there was an error,Refactor waitForResponse to indicate if there was an error  Change-Id: I848d1dc2b6cd29837c6188e8ec04707c1d40bbdd
204729,%7Bgraveyard%7D%2Fqtjsondb~master~I035841d98df1b221424408b771e7e7b5c7b1d739,https://codereview.qt-project.org/8155,4,23,15,0,1044,1004,6,10,484.521944444444,69,refactoring/,refactor|,refactoring/,refactor|,Qbtree refactor,Qbtree refactor  Change-Id: I035841d98df1b221424408b771e7e7b5c7b1d739
205280,qt%2Fqtsystems~master~I47545609710cb66a8b899aa31da563954478260d,https://codereview.qt-project.org/8950,3,9,0,0,468,102,3,2,20.0855555555556,230,refactoring/,refactor|,refactoring/,refactor|,Refactor and fix up the ServiceList dynamic update code,"Refactor and fix up the ServiceList dynamic update code  Some bug fixes, and refactor of the code.  Services are not deleted after updates unless the service itself is deleted.  Change-Id: I47545609710cb66a8b899aa31da563954478260d"
205545,qt-creator%2Fqt-creator~master~If3551627a8457853c0dedee7a61b388ff3232980,https://codereview.qt-project.org/8723,2,3,0,0,163,53,1,1,0.0136111111111111,89,refactoring/,refactor|,refactoring/,refactor|,fakevim: refactor register handling,fakevim: refactor register handling  Change-Id: If3551627a8457853c0dedee7a61b388ff3232980
205566,qt%2Fqtdeclarative~master~I1f4778946af4552ef6323c78a538ab7149990b0a,https://codereview.qt-project.org/8611,4,10,0,0,504,4,3,1,24.4247222222222,126,refactoring/,refactor|,refactoring/,refactor|,QV8ProfileService: Code refactor,QV8ProfileService: Code refactor  Call sendMessages() in stopProfiling()  Change-Id: I1f4778946af4552ef6323c78a538ab7149990b0a
205734,qt-creator%2Fqt-creator~master~Id6ea03161ccad92a27a664e84f56b2a49400be91,https://codereview.qt-project.org/8500,3,3,0,0,163,114,1,5,0.607222222222222,115,refactoring/,refactor|,refactoring/,refactor|,QmlProfiler: refactor postprocess step in internal statistics,QmlProfiler: refactor postprocess step in internal statistics  Change-Id: Id6ea03161ccad92a27a664e84f56b2a49400be91
205769,qt%2Fqtbase~master~I34e9ad7bacf02b44b028bc1aad20b1241aacebd3,https://codereview.qt-project.org/8266,2,5,0,0,403,503,1,4,45.5088888888889,509,refactoring/,refactor|,refactoring/,refactor|,Refactor QMetaType types.,Refactor QMetaType types.  QMetaType::Type enum is the main source of type ids. Currently there are many tasks that can be replaced by a smart macro that can iterate over all types. The patch introduces series of FOR_EACH_ macros that may be used for code generation.  As the first step the macro was used for Q_DECLARE_BUILTIN_METATYPE to make sure that no type was forgotten.  Second step was to use created macros in autotest to improve tests coverage.  Change-Id: I34e9ad7bacf02b44b028bc1aad20b1241aacebd3
205867,qt%2Fqtdeclarative~master~Ib08c1bcf33bafcee828169b3ddfa264bd010cfef,https://codereview.qt-project.org/8333,3,3,0,0,185,2,1,1,2.00666666666667,98,refactoring/,refactor|,refactoring/,refactor|,Fix default glyph node after qtbase refactor,Fix default glyph node after qtbase refactor  Change-Id: Ib08c1bcf33bafcee828169b3ddfa264bd010cfef
205950,qt%2Fqtlocation~master~I8d9dfe8a31806c6bb3b31f66d1338c2999e27ce2,https://codereview.qt-project.org/7941,3,15,8,0,941,1069,3,24,113.666944444444,517,refactoring/,refactor|,refactoring/,refactor|,Docs for request classes + refactor,"Docs for request classes + refactor  Documentation for the content and search request classes.  There is no need for the request classes to inherit off a base request class.  Currently the base class has limit and offset fields, but if for example there is an image submission request class the limit and offset become meaningless.  The content reply class should have a field for the conent request just like the search reply has  a field for the search request.  Change-Id: I8d9dfe8a31806c6bb3b31f66d1338c2999e27ce2"
206098,qt%2Fqtsystems~master~I0ec7772457437744293f3fccec7e2628a88cd9f7,https://codereview.qt-project.org/7983,5,12,4,0,731,323,3,9,22.6088888888889,196,refactoring/,refactor|,refactoring/,refactor|,Refactor the screen saver code for Linux.,Refactor the screen saver code for Linux.  Merge JsonDb based and X11 based code into one file. Use compile test to check if X11 is available.  Change-Id: I0ec7772457437744293f3fccec7e2628a88cd9f7
206393,qt%2Fqtpim~master~I11fde8a1aa9a90672df65b7b6d30eda6a2dd4565,https://codereview.qt-project.org/7720,2,4,0,0,385,80,1,1,1.34888888888889,82,refactoring/,refactor|,refactoring/,refactor|,Refactor contacts QML tests.,Refactor contacts QML tests.  Change-Id: I11fde8a1aa9a90672df65b7b6d30eda6a2dd4565
206625,qt%2Fqtpim~master~I8f102f2b0aade42ce45e1fbe7e8022b95d4b1502,https://codereview.qt-project.org/7447,2,4,0,0,294,140,1,1,1.06472222222222,82,refactoring/,refactor|,refactoring/,refactor|,Refactor contacts QML tests.,Refactor contacts QML tests.  Change-Id: I8f102f2b0aade42ce45e1fbe7e8022b95d4b1502
206630,qt%2Fqtpim~master~I083abf4e627a167a80783c09dd5b03eb56a3923f,https://codereview.qt-project.org/7362,3,10,0,0,509,364,3,4,21.6733333333333,84,refactoring/,refactor|,refactoring/,refactor|,Refactor the JsonDb converter.,Refactor the JsonDb converter.  Change-Id: I083abf4e627a167a80783c09dd5b03eb56a3923f
206646,qt%2Fqtlocation~master~I9382a8286c5348bd1eb93d93f25088dfdf321852,https://codereview.qt-project.org/7324,3,12,27,0,760,1011,4,19,27.7005555555556,655,refactoring/,refactor|,refactoring/,refactor|,Refactor contacts.,"Refactor contacts.  The REST server now supports labels for each contact value, so now it makes sense to incorporte the ContactValue class. ContactValue = user visible label + value(phone number, email etc)  We use a map type implementation where the key for the map is the contact type and the value is a list of contact values. The first element of each list becomes the primary value. Eg the primaryPhone() field references the first element in the list of phone numbers.  The setters for the primary___() functions has been removed.  Url has also been renamed to Website to keep in line with LBSP.  Change-Id: I9382a8286c5348bd1eb93d93f25088dfdf321852"
207039,qt-creator%2Fqt-creator~2.4~Ib78251b69a89ee503bb78ab122c6e37a6ec7aacb,https://codereview.qt-project.org/6979,2,3,0,0,163,73,1,1,0.00944444444444444,131,refactoring/,refactor|,refactoring/,refactor|,SVN: Refactor SVN detection code,SVN: Refactor SVN detection code  Reviewed-by: Jonathan Liu <net147@gmail.com> Change-Id: Ib78251b69a89ee503bb78ab122c6e37a6ec7aacb
207308,qt%2Fqtdeclarative~master~Id0826bf644836654de7eff559a8ff40a55d02616,https://codereview.qt-project.org/6635,3,8,0,0,338,68,3,3,2.48305555555556,176,refactoring/,refactor|,refactoring/,refactor|,Tst_qsgitem2 test update inline with refactor,Tst_qsgitem2 test update inline with refactor  Change widget to window based code Make compile and pass Add license header  Change-Id: Id0826bf644836654de7eff559a8ff40a55d02616
207900,qt%2Fqtwebengine~dev~Ib283d8ab817ff36ee9c94c2b8f44785709c45258,https://codereview.qt-project.org/336616,4,101,39,5,7741,546,45,3,2042.5675,219,refactoring/,refactor|,refactoring/,refactor|,Refactor and create gn target,"Refactor and add proper gn target  Add target for encapsulating resources needed to run chromium builds. Add support for SOURCES, INCLUDES, DEFINES, COMPILE OPTIONS.  Change-Id: Ib283d8ab817ff36ee9c94c2b8f44785709c45258"
208275,qt%2Fqtbase~dev~I226f4aad4aaf703a4726c42b40afb4bde3a9d878,https://codereview.qt-project.org/314399,3,42,13,1,130402,47,6,2,1256.09972222222,124,refactoring/,refactor|,refactoring/,refactor|,Minor refactor of installMetaFile,Minor refactor of installMetaFile  Move some lines into createSedArgs.  Change-Id: I226f4aad4aaf703a4726c42b40afb4bde3a9d878
208910,qt%2Fqtactiveqt~master~Ia7d1d3ba982e97776ae7259be06689b5477450a1,https://codereview.qt-project.org/5972,2,7,0,0,431,476,3,30,1.23972222222222,139,refactoring/,refactor|,refactoring/,refactor|,Fix compilation after refactor merge.,Fix compilation after refactor merge.  Comment out Some functionality for the moment.  Change-Id: Ia7d1d3ba982e97776ae7259be06689b5477450a1
209017,qt%2Fqtdeclarative~master~Ia20565a7af6c5db45923eb349238b94b88472f7b,https://codereview.qt-project.org/5762,3,10,0,0,637,223,3,12,34.0480555555556,116,refactoring/,refactor|,refactoring/,refactor|,Refactor ParticleSystem members,Refactor ParticleSystem members  Leave m_ for private members.  Change-Id: Ia20565a7af6c5db45923eb349238b94b88472f7b
209056,qt%2Fqtbase~master~Ib49ffa73b647ee0af90864544c2769440157f562,https://codereview.qt-project.org/5330,5,36,7,0,5542,2013,7,46,190.4775,862,refactoring/,refactor|,refactoring/,refactor|,Refactor accessibility for Qt5,"Refactor accessibility for Qt5  * Moved most stuff to gui\accessible * Moved widget-specific stuff to widgets\accessible * Moved platform-specific code to either the bridge plugin (this was already the case)   or to the platform plugin. * Added several classes and functions. These have not yet gone through an API   review. The plan is to do that in a later commit.   Classes:    - QPlatformAccessibility    - QWindowsAccessibility   Functions:    - QWindow *QAccessibleInterface::window();    - QAccessibleInterface QWindow::accessibleRoot();    - QPlatformAccessibility *QPlatformIntegration::accessibility()  * The bridge code can now either be a plugin or integrated into the platform plugin * Mac accessibility is left out for now. Unix ""should still work"" (tm). These platforms   should be fixed soon.  Change-Id: Ib49ffa73b647ee0af90864544c2769440157f562"
209193,qt-creator%2Fqt-creator~master~I5a51a391106872acd75d84cea4bcf7e9d7495a6d,https://codereview.qt-project.org/5636,2,5,0,0,273,263,2,2,0.236944444444444,313,refactoring/,refactor|,refactoring/,refactor|,Gen. highlighter: Manager refactor and pending issues fixes,Gen. highlighter: Manager refactor and pending issues fixes  Some renamings for better clarity and re-structure how the gathering of definitions is done. There where issues concerning mainly synchronization. Also make control over the future interface better.  Change-Id: I5a51a391106872acd75d84cea4bcf7e9d7495a6d
209281,qt-creator%2Fqt-creator~master~I950c813936afb6c55c770e0d6f061eb27b37c47b,https://codereview.qt-project.org/5081,5,30,7,0,1359,440,10,3,242.846666666667,729,refactoring/,refactor|,refactoring/,refactor|,ProjectExplorer: Refactor file settings acessor,"ProjectExplorer: Refactor file settings acessor  This is the first patch of a series. The final goal is to introduce shared settings into Creator.  This particular patch shouldn't affect functionality, but it changes a bit the design of the settings acessor and prepares the code for the upcoming commits.  In addition it also makes restoring the settings slightly more robust, since it will try to load a compatible ""old"" file from the quick check before it actually performs the more expensive check.  NOTE: Files userfileacessor.* will be renamed in a following commit to settingsacessor.*. It's not done right now because I think it will make the review easier on gerrit.  Change-Id: I950c813936afb6c55c770e0d6f061eb27b37c47b"
209406,qt%2Fqtdeclarative~animation-refactor~I84ed49f8e2e27806ee2296b2d224ab4aa2fc01c5,https://codereview.qt-project.org/5425,2,5,0,0,1405,5396,2,49,0.0275,76,refactoring/,refactor|,refactoring/,refactor|,WIP:qml animation refactor,qml animation refactor  Change-Id: I84ed49f8e2e27806ee2296b2d224ab4aa2fc01c5
209422,%7Bgraveyard%7D%2Fquick3d~qml2~I245b46623e5fe5dc2fef5aa92cb592e877fe5a52,https://codereview.qt-project.org/5416,2,3,0,0,335,7,1,1,1.34027777777778,97,refactoring/,refactor|,refactoring/,refactor|,Remove assert to enable qt3d after refactor,Remove assert to enable qt3d after refactor  Change-Id: I245b46623e5fe5dc2fef5aa92cb592e877fe5a52
209475,qt%2Fqt5~master~I0000000000000d80ddaf92f258714ab4a2750cb7,https://codereview.qt-project.org/5109,3,32,0,0,2615,38,8,19,78.2661111111111,236,refactoring/,refactor|,refactoring/,refactor|,Updated submodules (merged refactor),"Updated submodules (merged refactor)  This commit updates all applicable submodules past the merge of the refactor branches.  Note that qtlocation gained a new dependency, qtquick3d.  Change-Id: I0000000000000d80ddaf92f258714ab4a2750cb7"
209538,qt%2Fqtdeclarative~master~Icdea2756a119c327ec2c748be893daf622bc1356,https://codereview.qt-project.org/4033,3,8,0,0,707,2222,3,6,482.549166666667,294,refactoring/,refactor|,refactoring/,refactor|,Refactor QSGVisualDataModel.,"Refactor QSGVisualDataModel.  Split the wrapper for Package models out into its own visual model class, and add a QSGVisualAdaptorModel class which encapsulates the creation and maintenance of delegate context data.  Task-number: QTBUG-20107 Change-Id: Icdea2756a119c327ec2c748be893daf622bc1356"
209546,%7Bgraveyard%7D%2Fquick3d~qml2~I8e4f56577f708eea208c51538c77fd4b2c4fefb5,https://codereview.qt-project.org/5219,4,6,0,0,650,6967,1,73,21.6236111111111,70,refactoring/,refactor|,refactoring/,refactor|,Port to refactor,Port to refactor  Change-Id: I8e4f56577f708eea208c51538c77fd4b2c4fefb5
209609,qt%2Fqtdeclarative~master~I07f6553228064f1c9b68c6f55628b12b5c78013b,https://codereview.qt-project.org/5172,3,6,2,0,387,73,1,3,5.99888888888889,210,refactoring/,refactor|,refactoring/,refactor|,Refactor QSGParticleAffector internals,Refactor QSGParticleAffector internals  Putting more of the logic in protected subroutines makes it a lot easier for subclasses to reimplement affectSystem.  Change-Id: I07f6553228064f1c9b68c6f55628b12b5c78013b
209764,qt%2Fqtbase~master~I869ae07c834f6d76180d2e29871b8dc9ccb3f523,https://codereview.qt-project.org/4963,4,7,0,0,656,3,1,2,23.4772222222222,132,refactoring/,refactor|,refactoring/,refactor|,Fixed Test for QStyleSheetStyle after refactor merge,Fixed Test for QStyleSheetStyle after refactor merge  Task-number: QTBUG-21468  Change-Id: I869ae07c834f6d76180d2e29871b8dc9ccb3f523
209793,qt%2Fqtdeclarative~master~If145f1d02566f839abeb50df167db2b237499290,https://codereview.qt-project.org/4857,2,14,0,0,1175,215,3,4,46.4038888888889,106,refactoring/,refactor|,refactoring/,refactor|,fix broken canvas blur after merging refactor branch,fix broken canvas blur after merging refactor branch  Change-Id: If145f1d02566f839abeb50df167db2b237499290
209881,qt%2Fqtbase~master~I38cd941202641f50bf632af35165a944d03a20e3,https://codereview.qt-project.org/4848,3,4,0,0,1595,816,1,24,25.3194444444444,100,refactoring/,refactor|,refactoring/,refactor|,Fix stale license headers from refactor branch,Fix stale license headers from refactor branch  Change-Id: I38cd941202641f50bf632af35165a944d03a20e3
209952,qt%2Fqttools~refactor~I99766405debe231a0562dd623ba1d17f19333656,https://codereview.qt-project.org/4829,2,3,0,0,416,307,1,515,0.005,161,refactoring/,refactor|,refactoring/,refactor|,Get assistant to compile against refactor,Get assistant to compile against refactor  Give the source code a somewhat saner structure while I'm at it.  Change-Id: I99766405debe231a0562dd623ba1d17f19333656
209964,qt%2Fqtlocation~experimental-master~I452a1b8f7ea4cf0fa3f54e5346c08161375cfa63,https://codereview.qt-project.org/4713,5,4,0,0,267,1709,1,33,8.1375,103,refactoring/,refactor|,refactoring/,refactor|,QtLocation to compile against Qt refactor branch.,QtLocation to compile against Qt refactor branch.  Change-Id: I452a1b8f7ea4cf0fa3f54e5346c08161375cfa63
209965,%7Bgraveyard%7D%2Fqtmultimediakit~master~I2de40846fc7402ddf32259d42a486a74330ff626,https://codereview.qt-project.org/4765,1,2,0,0,98,29,1,13,0.0591666666666667,78,refactoring/,refactor|,refactoring/,refactor|,Build fix after refactor,Build fix after refactor  Change-Id: I2de40846fc7402ddf32259d42a486a74330ff626
209979,qt-creator%2Fqt-creator~master~I58f7053405c79774154c2f0447944533e6b10152,https://codereview.qt-project.org/4685,5,11,1,0,643,381,4,4,17.0852777777778,101,refactoring/,refactor|,refactoring/,refactor|,Wizards: Refactor GeneratedFile in a extra file,Wizards: Refactor GeneratedFile in a extra file  Change-Id: I58f7053405c79774154c2f0447944533e6b10152
209989,qt%2Fqtdeclarative~master~I6456f9c521b8166ccd94ea953275557bcfbf6423,https://codereview.qt-project.org/4699,3,11,0,0,1422,1330,3,50,5.1725,356,refactoring/,refactor|,refactoring/,refactor|,Refactor SpriteEngine out of StochasticEngine,"Refactor SpriteEngine out of StochasticEngine  Also add ParticleGroups which use only StochasticStates Simplistic change for now, just to focus the API for the particle system. ParticleGroup elements replace the particleStates property on the system, and the term ""group"" is now used more consistently.  Change-Id: I6456f9c521b8166ccd94ea953275557bcfbf6423"
210066,qt%2Fqtdeclarative~refactor~I6a5d6cc4de7a7b50cbf49a535cd764cb07ce3c40,https://codereview.qt-project.org/4684,2,3,0,0,190,6,1,3,0.24,105,refactoring/,refactor|,refactoring/,refactor|,Fix QtDeclarative refactor branch clean compilation,Fix QtDeclarative refactor branch clean compilation  Change-Id: I6a5d6cc4de7a7b50cbf49a535cd764cb07ce3c40
210139,qt%2Fqtdeclarative~refactor~Iab4adc9e19fab67402918bb737fff2fce6c292bd,https://codereview.qt-project.org/4545,1,2,0,0,128,323,1,20,0.154444444444444,88,refactoring/,refactor|,refactoring/,refactor|,fixup tests to build with refactor,fixup tests to build with refactor  Change-Id: Iab4adc9e19fab67402918bb737fff2fce6c292bd
210200,qt%2Fqtdeclarative~refactor~I35a9ce1421e87351a9ce4834158d201f84280a65,https://codereview.qt-project.org/4461,2,3,0,0,190,1112,1,6,0.212777777777778,96,refactoring/,refactor|,refactoring/,refactor|,get various autotests working for refactor,get various autotests working for refactor  Change-Id: I35a9ce1421e87351a9ce4834158d201f84280a65
210300,qt%2Fqtbase~refactor~Ie8e2ee480930763f414bfaae63247b1fb6500c82,https://codereview.qt-project.org/4357,4,7,0,0,518,680,2,15,0.261111111111111,380,refactoring/,refactor|,refactoring/,refactor|,Refactor the input framework,Refactor the input framework  Results of the ongoing workshop in Oslo: QInputPanel will be the application facing interface for controlling the input context as well as querying things like the position of the virtual keyboard. QInputContext is significantly cleaned up and only there as a compatibility API for existing code.  Change-Id: Ie8e2ee480930763f414bfaae63247b1fb6500c82
210329,qt%2Fqtbase~refactor~I3da41f80b0ae903a476937908b1f9b88014b7954,https://codereview.qt-project.org/4068,3,13,0,0,2436,2403,5,38,142.269166666667,892,refactoring/,refactor|,refactoring/,refactor|,Cocoa: QMenu refactor.,"Cocoa: QMenu refactor.  Move code from src/widgets to cocoa: - qcocoaapplicaiton - qcocoaapplicaitondelegate - qcocoamenuloader - qcocoamenu - qmenu_mac - misc helpers to qcocoahelpers  Create a QNSApplication and QCocoaApplicationDelegate at application startup.  New Lighthouse API: - class QPlatformMenu - class QPlatformMenuBar - QPlatformIntegration::createPlatformMenu() - QPlatformIntegration::createPlatformMenuBar()  Platforms that wants a native menu integration subclasses QPlatformMenu[|Bar] and implements the create function. The default implementation returns 0, which causes QMenu to use the standard Qt menus.  This API is based on the current native menu abstraction that Mac, Wince and S60 uses in Qt 4. The main difference is that the platform classes are proper standalone classes and not #ifdeffed into QMenuPrivate.  Change-Id: I3da41f80b0ae903a476937908b1f9b88014b7954"
210342,qt-creator%2Fqt-creator~master~I4cf62f7e5adf71bac7d4fdfed05d74cea4f3ca44,https://codereview.qt-project.org/4255,2,9,0,0,418,1153,4,5,19.6322222222222,169,refactoring/,refactor|,refactoring/,refactor|,Refactor the search result widget to its own class.,Refactor the search result widget to its own class.  To be used for switching between multiple search result lists.  Change-Id: I4cf62f7e5adf71bac7d4fdfed05d74cea4f3ca44
210360,qt-creator%2Fqt-creator~master~Icfc508e1549f4cfbcdda09b4611b2d66b4e2de1d,https://codereview.qt-project.org/4287,3,3,0,0,190,2,1,1,0.464722222222222,121,refactoring/,refactor|,refactoring/,refactor|,QmlDesigner.NodeInstances: Refactor isManipulatable to isChangeable,QmlDesigner.NodeInstances: Refactor isManipulatable to isChangeable  Change-Id: Icfc508e1549f4cfbcdda09b4611b2d66b4e2de1d
210375,qt%2Fqtdeclarative~refactor~I4f790907268be357986e181e4624f8e54efcb2ec,https://codereview.qt-project.org/4256,3,5,0,0,596,104,2,2,0.518333333333333,162,refactoring/,refactor|,refactoring/,refactor|,qsgcanvas autotest made to work with refactor and added break statement to qsgcanvas.cpp in event processing amended wait times / changed include for private headers Change-Id: I4f790907268be357986e181e4624f8e54efcb2ec,qsgcanvas autotest made to work with refactor and added break statement to qsgcanvas.cpp in event processing  Change-Id: I4f790907268be357986e181e4624f8e54efcb2ec
210399,qt%2Fqtlocation~places~I29f5aaaa6b8152abe1f5305a4d52abc721e6915e,https://codereview.qt-project.org/4109,3,13,5,0,1070,219,5,12,99.3422222222222,781,refactoring/,refactor|,refactoring/,refactor|,Add place add/updated/removed  signals + refactor Remove,"Add place add/updated/removed  signals + refactor Remove  These signals indicate changes to the database.  These 3 signals are provided rather than a single placesChanged() signal because it gives greater granularity.  E.g. if a place is removed, we may want to know precisely which one it is so we can remove it from a model.  For the SearchResultmodel whenever a place is added, updated, or deleted we reload the model by executing the query again.  For now in the jsondb plugin implement signal emission manually whenever a request is finished.  In a future change we will use proper jsondb notifications.  For the online plugins, we do not expect these signals to be emitted.  Also place removal now uses the QPlaceIdReply.  Change-Id: I29f5aaaa6b8152abe1f5305a4d52abc721e6915e"
210554,qt%2Fqtbase~refactor~If4bb93b8d1e2eb2440260d99680c468706cfe68f,https://codereview.qt-project.org/4058,3,4,1,0,406,185,1,16,2.41833333333333,432,refactoring/,refactor|,refactoring/,refactor|,Refactor QMouseEvent to contain the position inside the window,"Refactor QMouseEvent to contain the position inside the window  Rename the default accessors for positions to localPos, windowPos and screenPos, to be explicit about their use. Introduce a QT_NO_INTEGER_EVENT_COORDINATES define so one can make sure to always use the float based coordinates. Fixup all Qt code to use the correct constructor that specifies all three coordinates.  Change-Id: If4bb93b8d1e2eb2440260d99680c468706cfe68f"
210656,qt%2Fqtdeclarative~refactor~I9c6d8447e1254c6acd32fa0775ff6a79d0d66acd,https://codereview.qt-project.org/3965,1,2,0,0,101,5,1,1,0.00611111111111111,157,refactoring/,refactor|,refactoring/,refactor|,Merge remote-tracking branch 'origin/master' into refactor,Merge remote-tracking branch 'origin/master' into refactor  Conflicts: 	src/declarative/declarative.pro  Change-Id: I9c6d8447e1254c6acd32fa0775ff6a79d0d66acd
210795,qt%2Fqtbase~refactor~Ic04fb170b82e86dc3cef6fe979f8fb709db10daf,https://codereview.qt-project.org/3803,5,9,0,0,412,9,4,1,20.895,128,refactoring/,refactor|,refactoring/,refactor|,Merge remote branch 'gerrit/master' into refactor,Merge remote branch 'gerrit/master' into refactor  Conflicts: 	src/src.pro  Change-Id: Ic04fb170b82e86dc3cef6fe979f8fb709db10daf
210863,qt%2Fqtbase~refactor~Ief9c75724d2cff89ed45f009bdee2ffc5e4395ba,https://codereview.qt-project.org/3728,2,3,0,0,163,43985,1,17,0.0269444444444444,482,refactoring/,refactor|,refactoring/,refactor|,Merge remote branch 'gerrit/master' into refactor,Merge remote branch 'gerrit/master' into refactor  Conflicts: 	src/gui/accessible/qaccessible.h 	src/gui/kernel/qapplication.cpp 	src/gui/kernel/qapplication.h 	src/gui/kernel/qapplication_mac.mm 	src/gui/kernel/qapplication_qws.cpp 	src/gui/kernel/qapplication_s60.cpp 	src/gui/kernel/qapplication_win.cpp 	src/gui/kernel/qapplication_x11.cpp 	src/gui/kernel/qdnd_x11.cpp 	src/gui/kernel/qwidget.cpp 	src/gui/widgets/qlabel.cpp  Change-Id: Ief9c75724d2cff89ed45f009bdee2ffc5e4395ba
211001,qt%2Fqtdeclarative~refactor~Icbb0ef5dc79b658c62fd2b2c25a66c9bb3cbeb10,https://codereview.qt-project.org/3586,1,2,0,0,101,83,1,6,0.00333333333333333,289,refactoring/,refactor|,refactoring/,refactor|,Merge branch 'master' into refactor,Merge branch 'master' into refactor  Conflicts: 	src/declarative/items/qsgcanvas.cpp 	src/declarative/items/qsgitem.cpp 	src/declarative/items/qsgtextnode.cpp 	tests/auto/declarative/examples/examples.pro 	tools/qmlviewer/qmlviewer.pro  Change-Id: Icbb0ef5dc79b658c62fd2b2c25a66c9bb3cbeb10
211002,qt%2Fqtbase~refactor~I5e6f4eb184159dccc67e8f13673edb884d179c74,https://codereview.qt-project.org/3585,2,3,0,0,163,56555,1,62,0.0233333333333333,466,refactoring/,refactor|,refactoring/,refactor|,Merge branch 'master' into refactor,Merge branch 'master' into refactor  Conflicts: 	src/gui/kernel/qapplication_qpa.cpp 	src/gui/kernel/qcursor_qpa.cpp 	src/gui/kernel/qwindowsysteminterface_qpa.cpp 	src/gui/kernel/qwindowsysteminterface_qpa.h 	src/gui/kernel/qwindowsysteminterface_qpa_p.h 	src/gui/text/qtextcontrol.cpp 	src/plugins/platforms/wayland/wayland.pro 	src/widgets/accessible/qaccessible2.h 	src/widgets/widgets/qwidgetlinecontrol_p.h  Change-Id: I5e6f4eb184159dccc67e8f13673edb884d179c74
211091,qt%2Fqtdeclarative~refactor~I782ebc6d3245fc05e193ecd9b8712aea11a31f9e,https://codereview.qt-project.org/3412,3,6,1,0,603,457,2,13,19.8383333333333,116,refactoring/,refactor|,refactoring/,refactor|,cleaned up declarative autotests to build with refactor branch,cleaned up declarative autotests to build with refactor branch  Change-Id: I782ebc6d3245fc05e193ecd9b8712aea11a31f9e
211189,qt-creator%2Fqt-creator~master~Ie398a866ffcd8f4cc33b864ddbe23ce9d2e97437,https://codereview.qt-project.org/3337,1,2,0,0,128,15,1,5,0.0233333333333333,298,refactoring/,refactor|,refactoring/,refactor|,vcsbase: refactor status output signal in VCSBaseClient,vcsbase: refactor status output signal in VCSBaseClient  There is now a clear distinction between the basic status command and the status command used to emit parsed output  Change-Id: Ie398a866ffcd8f4cc33b864ddbe23ce9d2e97437 Merge-request: 358 Reviewed-by: Tobias Hunger <tobias.hunger@nokia.com>
211191,qt-creator%2Fqt-creator~master~Ife1e83083b268e597928fbae30378e488e31ee96,https://codereview.qt-project.org/3335,1,2,0,0,128,145,1,14,0.0186111111111111,218,refactoring/,refactor|,refactoring/,refactor|,vcsbase: refactor status parsing in VCSBaseClient,vcsbase: refactor status parsing in VCSBaseClient  This impacts Bazaar and Mercurial plugins  Change-Id: Ife1e83083b268e597928fbae30378e488e31ee96 Merge-request: 358 Reviewed-by: Tobias Hunger <tobias.hunger@nokia.com>
211525,qt%2Fqtdeclarative~master~I48aa7bafce541b0b5b792351adb5edf77fc67de2,https://codereview.qt-project.org/2853,2,5,0,0,430,739,1,7,90.6519444444444,164,refactoring/,refactor|,refactoring/,refactor|,Refactor BasicEmitter into Emitter,"Refactor BasicEmitter into Emitter  No real point having a separate class, and it makes the docs more complex.  Change-Id: I48aa7bafce541b0b5b792351adb5edf77fc67de2"
211528,qt%2Fqtdeclarative~master~Ib244acc90b0fc92b3a6534169e429b6acef0838e,https://codereview.qt-project.org/2798,2,5,0,0,1276,426,1,11,119.822777777778,231,refactoring/,refactor|,refactoring/,refactor|,SameGame refactor,"SameGame refactor  A little more imperative with dialogs controlled from script, but better separation of GameArea and UI. Also removes old highscore script that was never used.  Change-Id: Ib244acc90b0fc92b3a6534169e429b6acef0838e"
211565,qt%2Fqtdeclarative~refactor~I782be7090d8b6da9c890bc8e778722da93da8037,https://codereview.qt-project.org/2871,1,2,0,0,101,33,1,5,0.00472222222222222,288,refactoring/,refactor|,refactoring/,refactor|,Merge branch 'master' into refactor,Merge branch 'master' into refactor  Conflicts: 	src/declarative/declarative.pro 	src/imports/gestures/gestures.pro 	src/imports/inputcontext/inputcontext.pro 	src/qtquick1/graphicsitems/qdeclarativeitem.cpp 	src/qtquick1/qtquick1.pro  Change-Id: I782be7090d8b6da9c890bc8e778722da93da8037
211639,qt%2Fqtlocation~places~I0cc6aade3e38cbf8bbef707fb16c8f9b830660c0,https://codereview.qt-project.org/2404,3,20,24,0,1716,246,6,13,231.022222222222,420,refactoring/,refactor|,refactoring/,refactor|,Refactor media to use map rather than a pagination class,"Refactor media to use map rather than a pagination class  The reason to use a map is so that we can store which media indexes have been retrieved.  It is quite possible to retrieve non-contiguous index, eg, a user might retrieve indexes 0-9, but then skips a page and retrieves 10-19.  The key of the map is the index and the value is the actual media object itself.  Change-Id: I0cc6aade3e38cbf8bbef707fb16c8f9b830660c0"
211748,qt-creator%2Fqt-creator~master~Ia5f11a481f42464cf4820efdf2c7c4c32166f55e,https://codereview.qt-project.org/2622,3,3,0,0,190,120,1,12,20.7805555555556,226,refactoring/,refactor|,refactoring/,refactor|,Refactor: Get rid of BaseTextEditorWidget from Indenter,Refactor: Get rid of BaseTextEditorWidget from Indenter  Provide directly TabSettings instead. This will be used for indenting a text for which there is no editor instance.  Change-Id: Ia5f11a481f42464cf4820efdf2c7c4c32166f55e
211807,qt%2Fqtbase~refactor~I90ba893a5553b9ff5658ca0a3221ecf76be4c736,https://codereview.qt-project.org/2550,2,3,0,0,163,12949,1,15,22.1711111111111,250,refactoring/,refactor|,refactoring/,refactor|,Merge remote branch 'gerrit/master' into refactor,Merge remote branch 'gerrit/master' into refactor  Conflicts: 	src/gui/kernel/qapplication_x11.cpp 	src/gui/widgets/qlinecontrol.cpp 	src/gui/widgets/qlinecontrol_p.h 	src/gui/widgets/qtabwidget.h  Change-Id: I90ba893a5553b9ff5658ca0a3221ecf76be4c736
211956,qt%2Fqtdeclarative~refactor~I41119370bd4823dcdfe5d4e2521d18b8d6ba8be3,https://codereview.qt-project.org/2417,2,2,0,0,128,63,1,18,0.493055555555556,75,refactoring/,refactor|,refactoring/,refactor|,Compile with refactor,Compile with refactor  Change-Id: I41119370bd4823dcdfe5d4e2521d18b8d6ba8be3
211977,qt%2Fqtscript~refactor~I4e9fc2e2b8f53a7b20831225093126167030a382,https://codereview.qt-project.org/2393,2,3,0,0,163,0,1,0,0.341666666666667,103,refactoring/,refactor|,refactoring/,refactor|,Merge remote branch 'gerrit/master' into refactor,Merge remote branch 'gerrit/master' into refactor  Change-Id: I4e9fc2e2b8f53a7b20831225093126167030a382
212415,qt%2Fqtbase~refactor~I4b911c795ecb29d73b6a7fd18819711b49478a30,https://codereview.qt-project.org/1956,2,3,0,0,163,40489,1,44,0.0211111111111111,1481,refactoring/,refactor|,refactoring/,refactor|,Merge remote branch 'gerrit/master' into refactor,Merge remote branch 'gerrit/master' into refactor  Conflicts: 	examples/opengl/cube/main.cpp 	examples/widgets/applicationicon/main.cpp 	examples/widgets/orientation/main.cpp 	src/gui/image/qicon.cpp 	src/gui/image/qimage.h 	src/gui/image/qpixmap.h 	src/gui/image/qpixmap_mac.cpp 	src/gui/kernel/qapplication.cpp 	src/gui/kernel/qpalette.cpp 	src/gui/kernel/qwidget.cpp 	src/gui/styles/qmacstyle_mac.mm 	src/gui/widgets/qmenubar.cpp 	src/gui/widgets/qslider.cpp 	src/opengl/qwindowsurface_gl.cpp 	tests/auto/qvariant/qvariant.pro 	tests/benchmarks/corelib/kernel/qobject/qobject.pro 	tests/benchmarks/gui/animation/qanimation/qanimation.pro 	tests/benchmarks/gui/graphicsview/qgraphicsanchorlayout/qgraphicsanchorlayout.pro 	tests/benchmarks/gui/graphicsview/qgraphicsitem/qgraphicsitem.pro 	tests/benchmarks/gui/graphicsview/qgraphicsscene/qgraphicsscene.pro 	tests/benchmarks/gui/graphicsview/qgraphicsview/qgraphicsview.pro 	tests/benchmarks/gui/graphicsview/qgraphicswidget/qgraphicswidget.pro 	tests/benchmarks/gui/image/qimagereader/qimagereader.pro 	tests/benchmarks/gui/itemviews/qtableview/qtableview.pro 	tests/benchmarks/gui/kernel/qapplication/qapplication.pro 	tests/benchmarks/gui/kernel/qwidget/qwidget.pro 	tests/benchmarks/gui/painting/qpainter/qpainter.pro 	tests/benchmarks/gui/painting/qtbench/qtbench.pro 	tests/benchmarks/gui/painting/qtracebench/qtracebench.pro 	tests/benchmarks/gui/text/qtext/qtext.pro  Change-Id: I4b911c795ecb29d73b6a7fd18819711b49478a30
212443,qt-creator%2Fqt-creator~2.3~I0dddedd820e75df05c3a028e7fbb02b642c79659,https://codereview.qt-project.org/1902,2,3,1,0,228,167,1,16,14.5466666666667,104,refactoring/,refactor|,refactoring/,refactor|,"Refactor: Move NAM to utils, rss model to welcome.","Refactor: Move NAM to utils, rss model to welcome.  Change-Id: I0dddedd820e75df05c3a028e7fbb02b642c79659"
212509,qt%2Fqtdeclarative~master~Ic310dbe7e16774163ba393860da64a0da7d4ea0a,https://codereview.qt-project.org/1200,4,28,10,0,2015,6489,8,9,338.030833333333,138,refactoring/,refactor|,refactoring/,refactor|,Refactor ListView and GridView implementations,Refactor ListView and GridView implementations  Places common code into QSGItemView.  Change-Id: Ic310dbe7e16774163ba393860da64a0da7d4ea0a
212563,qt-creator%2Fqt-creator~master~If4f3e6c3b3768769af4f753c2d667df271de7ed4,https://codereview.qt-project.org/1823,1,2,0,0,128,671,1,16,0.454722222222222,165,refactoring/,refactor|,refactoring/,refactor|,RemoteLinux: Refactor application runner.,RemoteLinux: Refactor application runner.  This removes the remaining Maemo dependencies from the generic case.  Change-Id: If4f3e6c3b3768769af4f753c2d667df271de7ed4
212725,qt%2Fqtbase~refactor~I53c78056abde99198ffe1c67f7f9e90b4b08051d,https://codereview.qt-project.org/1583,1,2,0,0,101,6510,1,2,0.0202777777777778,112,refactoring/,refactor|,refactoring/,refactor|,Merge remote-tracking branch 'origin/master' into refactor,Merge remote-tracking branch 'origin/master' into refactor  Change-Id: I53c78056abde99198ffe1c67f7f9e90b4b08051d
212753,qt%2Fqtbase~refactor~Ie0a23a12177ff51bf562e15b2dd41f071afb19b4,https://codereview.qt-project.org/1530,2,3,0,0,163,8030,1,22,0.891666666666667,481,refactoring/,refactor|,refactoring/,refactor|,Merge remote branch 'gerrit/master' into refactor,Merge remote branch 'gerrit/master' into refactor  Conflicts: 	src/gui/image/qicon.cpp 	src/gui/image/qicon.h 	src/gui/image/qicon_p.h 	src/gui/text/qfontdatabase.cpp 	src/plugins/platforms/wayland/gl_integration/qwaylandglwindowsurface.cpp 	src/plugins/platforms/wayland/gl_integration/wayland_egl/qwaylandglcontext.cpp 	src/plugins/platforms/wayland/gl_integration/xcomposite_egl/qwaylandxcompositeeglwindow.cpp 	sync.profile  Change-Id: Ie0a23a12177ff51bf562e15b2dd41f071afb19b4
212771,qt%2Fqtbase~master~Ie4c41d4caac7b3b4bb1aef40c1c860a30b82edb8,https://codereview.qt-project.org/1484,3,2,0,0,363,473,1,3,4.775,272,refactoring/,refactor|,refactoring/,refactor|,Refactor QByteArray to allow for const data,"Refactor QByteArray to allow for const data  Similar refactoring as done for QString. Make shared_null read-only, and add support for compile time generated QByteArrayData.  Add support for properly reserving capacity.  Change-Id: Ie4c41d4caac7b3b4bb1aef40c1c860a30b82edb8"
213069,%7Bgraveyard%7D%2Fquick3d~master~I2b7709b36112795d5a3c501fa04a040c8bb5c3d8,https://codereview.qt-project.org/1134,3,10,1,0,766,159,3,3,22.8427777777778,120,refactoring/,refactor|,refactoring/,refactor|,Refactor QDeclarativeItem3D to use QDeclarativeItem's parent tree.,Refactor QDeclarativeItem3D to use QDeclarativeItem's parent tree.  Change-Id: I2b7709b36112795d5a3c501fa04a040c8bb5c3d8
213073,%7Bgraveyard%7D%2Fquick3d~master~I28de17d7faa5ccf9157afad99471079c0b62ee87,https://codereview.qt-project.org/1191,2,7,0,0,4092,2428,2,179,2.11083333333333,929,refactoring/,refactor|,refactoring/,refactor|,Refactor packaging.,"Refactor packaging.  Packaging was always not so good. With the arrival of yet another packaging system to support, with QtSDK and Harmattan, it was overdue time to refactor the build system.  Factored out all the places where Qt3D and QtQuick3D dependencies were exactly 3 levels below the source .pro file. This catches all of the examples and all of the demos, except for the ones in the tutorials directories. It is fine if those don't appear in packages, since their main value is in examining them in the IDE, rather than just having a package run them for you. It also catches both of the import plugins.  Thus we save a huge amount of duplication of packaging information and can place the Qt SDK Harmattan packaging into a couple of variables in a new pkg.pri file. The two deps are now in a qt3d_pkg_dep.pri and qt3dquick_pkg_dep.pri file which include the pkg.pri.  Change-Id: I28de17d7faa5ccf9157afad99471079c0b62ee87"
213179,qt-creator%2Fqt-creator~2.3~If74c8035bc83a8113c2a15dcacefa38afbbbb4d8,https://codereview.qt-project.org/1056,1,3,0,0,257,546,1,23,0.0477777777777778,81,refactoring/,refactor|,refactoring/,refactor|,analyzer: refactor progress,analyzer: refactor progress  Change-Id: If74c8035bc83a8113c2a15dcacefa38afbbbb4d8
213295,qt-creator%2Fqt-creator~2.3~Id925bb638b2757ef079c21192d4e2a8cc8f08694,https://codereview.qt-project.org/908,2,3,0,0,432,714,1,10,0.00555555555555556,88,refactoring/,refactor|,refactoring/,refactor|,analyzer: refactor AnalyzerManager,analyzer: refactor AnalyzerManager  Change-Id: Id925bb638b2757ef079c21192d4e2a8cc8f08694
213811,qt%2Fqtqa~dev~I8c84ba15162fb1df0b3234993ffd27da217b1be2,https://codereview.qt-project.org/312885,4,15,1,0,1605,40,6,1,1461.37138888889,300,refactoring/,refactor|,refactoring/,refactor|,Refactor one of Seleector.Censor.recipe()'s scanners,"Refactor one of Seleector.Censor.recipe()'s scanners  Instead of defining a different scanner for each substitution pair, that tunnels its key via a default parameter, define it once and pass the key in where it's called.  Task-number: QTBUG-86400 Change-Id: I8c84ba15162fb1df0b3234993ffd27da217b1be2"
214037,qt-creator%2Fqt-creator~master~I91de7a01aba37f41398df7b06dbe5af868094379,https://codereview.qt-project.org/615,2,3,0,0,190,179,1,10,0.108333333333333,103,refactoring/,refactor|,refactoring/,refactor|,"Small refactor, preparation for built-in settings","Small refactor, preparation for built-in settings  Change-Id: I91de7a01aba37f41398df7b06dbe5af868094379"
214118,qt-creator%2Fqt-creator~master~I2988ce1c2a73798abccf690a3ed5d4e3a92c91a2,https://codereview.qt-project.org/517,3,3,0,0,190,90,1,8,0.588611111111111,68,refactoring/,refactor|,refactoring/,refactor|,Small refactor,Small refactor  Change-Id: I2988ce1c2a73798abccf690a3ed5d4e3a92c91a2
214303,qt%2Fqtbase~master~I1c0c1800a5173d3db765b9fccfd0e7a3628e3815,https://codereview.qt-project.org/298,3,5,0,0,273,118,2,9,47.7322222222222,470,refactoring/,refactor|,refactoring/,refactor|,Refactor glyph pretransform check,Refactor glyph pretransform check  Move paintEngineSupportsTransformations logic from QPainter to paint engine subclasses. Simplify and consolidate checks for cached drawing (pretransformed) and path drawing (untransformed) in raster paint engine. Fix unnecessary transform when paint engines actually take the path drawing track. Fix scaling and rotation transform in raster engine for Mac.  Task-number: QTBUG-19086 Change-Id: I1c0c1800a5173d3db765b9fccfd0e7a3628e3815
214335,qt-creator%2Fqt-creator~master~I7489910d8c48ad8aa63921ec861e429ea0d2949f,https://codereview.qt-project.org/294,1,3,0,0,190,77,1,4,0.0113888888888889,267,refactoring/,refactor|,refactoring/,refactor|,RemoteLinux: Refactor the way the enabled state is updated.,"RemoteLinux: Refactor the way the enabled state is updated.  Until now, the widget had some of the knowledge and passed it on to the run configuration. Now the flow of information is strictly the other way around.  Change-Id: I7489910d8c48ad8aa63921ec861e429ea0d2949f"
214523,qt-creator%2Fqt-creator~master~I638479ee2b90b684283e714630bdcab237f6b3f2,https://codereview.qt-project.org/77,1,2,0,0,128,224,1,10,0.0547222222222222,203,refactoring/,refactor|,refactoring/,refactor|,QmlJS: Refactor ObjectValue members.,QmlJS: Refactor ObjectValue members.  * property -> lookupMember * setProperty -> setMember * removeProperty -> removeMember  Change-Id: I638479ee2b90b684283e714630bdcab237f6b3f2 Done-with: Fawzi Mohamed
214725,qt%2Fqtquickcontrols2~dev~I94a7f9ae56204c8f8f737911e15d81f82d8add83,https://codereview.qt-project.org/319938,3,6,0,0,505,204,2,28,1.40444444444444,199,refactoring/,refactor|,refactoring/,refactor|,nativestyle: refactor many functions to be const,"nativestyle: refactor many functions to be const  Many of the virtual functions should be const, as they should not modify the state of the item.  Change-Id: I94a7f9ae56204c8f8f737911e15d81f82d8add83"
215062,qt%2Fqtquickcontrols2~dev~If89c13aec0e6de955f032145ee325974c7169d6c,https://codereview.qt-project.org/319356,2,6,0,0,499,43,2,1,22.8897222222222,222,refactoring/,refactor|,refactoring/,refactor|,QuickStyleItem: refactor updatePaintNode(),"QuickStyleItem: refactor updatePaintNode()  Refactor the padding part, since there is no reason to go through all the if-tests if we don't use nine patch image scaling.  Change-Id: If89c13aec0e6de955f032145ee325974c7169d6c"
215940,qt%2Fqtbase~dev~I5c8241b5701cd8c8c3e21607c385217d4b75e728,https://codereview.qt-project.org/315309,6,15,3,1,2530,53,3,1,635.509722222222,183,refactoring/,refactor|,refactoring/,refactor|,QTabBar test: refactor: extract checkPositions helper function,QTabBar test: refactor: extract checkPositions helper function  Extract checkPositions helper function to re-use in the new test.  Change-Id: I5c8241b5701cd8c8c3e21607c385217d4b75e728
216315,qt%2Fqtbase~dev~Id5e9a955d1db7c8ee663dd3811ad6448dad0aeae,https://codereview.qt-project.org/312742,4,115,26,4,305410,91,20,2,1036.45833333333,237,refactoring/,refactor|,refactoring/,refactor|,Refactor QMutexLocker to be able to handle recursive mutexes,"Refactor QMutexLocker to be able to handle recursive mutexes  Since we're going to split QMutex and QRecursiveMutex into separate classes, make sure QMutexLocker is prepared for that.  Change-Id: Id5e9a955d1db7c8ee663dd3811ad6448dad0aeae"
217135,pyside%2Fpyside-setup~5.15~I7aac9bc1324e57878e97d81b3e0424f055f7f2b9,https://codereview.qt-project.org/316430,5,34,2,2,12176,300,9,1,22.4944444444444,238,refactoring/,refactor|,refactoring/,refactor|,setup.py: Refactor PysideBuild::run(),setup.py: Refactor PysideBuild::run()  The function produces a warning about a too-high cyclomatic complexity. Factor out functions to retrieve the make program and the Python library.  Change-Id: I7aac9bc1324e57878e97d81b3e0424f055f7f2b9
217222,qt%2Fqtbase~dev~Ic7ac23de0265561cb06a0ba55089b6c0d3347441,https://codereview.qt-project.org/316127,5,34,12,1,3928,103,14,1,94.8588888888889,126,refactoring/,refactor|,refactoring/,refactor|,CMake: Refactor optimization flag handling and add optimize_full,WIP: CMake: Refactor optimization flag handling  Task-number: QTBUG-86866 Change-Id: Ic7ac23de0265561cb06a0ba55089b6c0d3347441
217471,qt%2Fqtdeclarative~dev~I84f9f26e349a8d1aabacdbdbb264949d1103e91d,https://codereview.qt-project.org/315937,2,17,0,0,4249,112,2,2,32.5533333333333,589,refactoring/,refactor|,refactoring/,refactor|,PathView: stop using QQWindowPriv::cloneMouseEvent; refactor filtering,"PathView: stop using QQWindowPriv::cloneMouseEvent; refactor filtering  There's no need to heap-allocate a short-term mouse event; and localizing one is easy enough via QMutableEventPoint::setPosition. The sendMouseEvent() function (and its name) didn't make as much sense as handling the filtering completely in the childMouseEventFilter() function.  Checking and changing the grabber is also now possible via accessors in the event itself, so now we have one fewer use of QQuickItem::grabMouse() and QQuickWindow::mouseGrabberItem().  Change-Id: I84f9f26e349a8d1aabacdbdbb264949d1103e91d"
217714,pyside%2Fpyside-setup~5.15~I421113770e622611caeb221498b872d0a6ba1aeb,https://codereview.qt-project.org/315659,5,16,1,1,1362,104,5,8,28.1444444444444,491,refactoring/,refactor|,refactoring/,refactor|,shiboken2: Refactor handling of invisible top level namespaces,"WIP: shiboken2: Refactor handling of invisible top level namespaces  To avoid having to add a ShibokenGenerator::lookForFunctionsInClassesNotToBeGenerated(), replace ShibokenGenerator::lookForEnumsInClassesNotToBeGenerated() by several helper functions:  - Add a list of top level invisible namespace to the generator - Add functions to retrieve enumerations of nested invisible namespacs   to AbstractMetaClass.  Task-number: PYSIDE-1075 Change-Id: I421113770e622611caeb221498b872d0a6ba1aeb"
217715,pyside%2Fpyside-setup~5.15~I9ee7aba20802e9794f371006f9fdbd7ab8d67cab,https://codereview.qt-project.org/315658,4,11,0,0,1360,29,5,1,28.1444444444444,524,refactoring/,refactor|,refactoring/,refactor|,shiboken2: Refactor global enum handling in HeaderGenerator,WIP: shiboken2: Refactor global enum handling in HeaderGenerator  Generate the sbk-index value in writeTypeIndexValueLines(AbstractMetaClass *) for invisible namespaces as well instead of adding them to the global enum list. Remove checks for private/protected global enums as they originate from namespaces.  This removes one usage of ShibokenGenerator::lookForFunctionsInClassesNotToBeGenerated() which will be removed in a consecutive change.  Task-number: PYSIDE-1075 Change-Id: I9ee7aba20802e9794f371006f9fdbd7ab8d67cab
217811,qt-creator%2Fqt-creator~master~I6fedea2a158d62e03f9d04be4cd26ae34550d09c,https://codereview.qt-project.org/315444,4,12,0,0,452,59,6,2,96.1555555555556,380,refactoring/,refactor|,refactoring/,refactor|,QmlDesigner: Refactor preview image data caching,"QmlDesigner: Refactor preview image date caching  Made image cache always be local to the NodeInstanceView and changed the key to always be the node id to avoid wrong data to be shown on tooltip in some cases, such as id change or same image used by multiple nodes.  Also clean up old cached item on id change.  Change-Id: I6fedea2a158d62e03f9d04be4cd26ae34550d09c Fixes: QDS-2843"
218147,qt%2Fqttools~dev~I92372335fa13b8560de72d5409e4772069c73354,https://codereview.qt-project.org/313654,3,47,16,6,8577,222,17,2,314.375,218,refactoring/,refactor|,refactoring/,refactor|,Refactor ManifestWriter,"Refactor ManifestWriter  Clean up the manifest writer by wrapping self-contained bits of code in helper functions, that are easier to test.  Task-number: QTBUG-86561 Change-Id: I92372335fa13b8560de72d5409e4772069c73354"
218345,pyside%2Fpyside-setup~5.15~I942bc659cc236d31041cdc22e26a82d270599033,https://codereview.qt-project.org/314805,5,23,6,1,1424,156,8,6,20.9347222222222,104,refactoring/,refactor|,refactoring/,refactor|,shiboken2: Refactor property parsing,Refactor property parsing  Task-number: PYSIDE-1019 Change-Id: I942bc659cc236d31041cdc22e26a82d270599033
218612,qt%2Fqtbase~dev~Iea68280f79f90ac3d5f7b9a0a92e073865a1d291,https://codereview.qt-project.org/348056,2,18,9,1,1496,54,4,1,359.208055555556,204,refactoring/,refactor|,refactoring/,refactor|,androiddeployqt: Refactor apkSignerRunner,androiddeployqt: Refactor apkSignerRunner  Avoid du publish all local variables in the lambda and only provide the necessary information as parameter.  Change-Id: Iea68280f79f90ac3d5f7b9a0a92e073865a1d291
218720,qt%2Fqtbase~dev~I114d571fcfcfd3a751346b513cec728dc2fcda0a,https://codereview.qt-project.org/237357,5,17,4,0,33020,14,4,1,24082.2488888889,194,refactoring/,refactor|,refactoring/,refactor|,QHttpNetworkConnectionPrivate::createAuthorization: refactor,QHttpNetworkConnectionPrivate::createAuthorization: refactor  Grab a reference to the channel instead of indexing into the array repeatedly.  Change-Id: I114d571fcfcfd3a751346b513cec728dc2fcda0a
218730,pyside%2Fpyside-setup~6.1~I4f1a6bd67f50a7c2064b7543df197f580ffb73ca,https://codereview.qt-project.org/350099,3,6,0,0,795,82,2,8,2.6375,460,refactoring/,refactor|,refactoring/,refactor|,shiboken6: Refactor argument ownership,"shiboken6: Refactor argument ownership  In ArgumentModification, replace the QHash<TypeSystem::Language, TypeSystem::Ownership> by 2 getters and setters for native and target language. Rename  InvalidOwnership to UnspecifiedOwnership.  Change-Id: I4f1a6bd67f50a7c2064b7543df197f580ffb73ca Reviewed-by: Christian Tismer <tismer@stackless.com> Reviewed-by: Qt CI Bot <qt_ci_bot@qt-project.org> (cherry picked from commit 5b9b83f58bc990136697b8255a4f9230653b8d74)"
218764,pyside%2Fpyside-setup~dev~I4f1a6bd67f50a7c2064b7543df197f580ffb73ca,https://codereview.qt-project.org/350254,5,11,0,0,1244,82,3,8,5.95222222222222,290,refactoring/,refactor|,refactoring/,refactor|,shiboken6: Refactor argument ownership,"Refactor argument ownership  In ArgumentModification, replace the QHash<TypeSystem::Language, TypeSystem::Ownership> by 2 getters and setters for native and target language. Rename  InvalidOwnership to UnspecifiedOwnership.  Pick-to: 6.1 Change-Id: I4f1a6bd67f50a7c2064b7543df197f580ffb73ca"
218798,qt%2Fqtlocation~dev~Id83647aee71d8435ea60c2f07a52790a3fc28e34,https://codereview.qt-project.org/338745,2,17,0,0,1384,67,7,3,1651.29416666667,443,refactoring/,refactor|,refactoring/,refactor|,QtPositioning: refactor tests for QGeoAreaMonitor,"WIP: QtPositioning: refactor tests for QGeoAreaMonitor  The tst_QGeoAreaMonitorSource::tst_swapOfPositionSource randomly times out in the CI. This test heavily uses the LogFilePositionSource, which reads NMEA data from file. This patch is an attempt to minimize file I/O by caching all the file contents in the local QList<QByteArray>. Hopefully this will prevent the test from timing out.  Change-Id: Id83647aee71d8435ea60c2f07a52790a3fc28e34"
219203,qt%2Fqttools~dev~Ib6e73319971396e47bb0b0f5c252b8cf246de008,https://codereview.qt-project.org/314025,5,50,30,6,3430,171,14,16,62.3186111111111,211,refactoring/,refactor|,refactoring/,refactor|,Linguist: Refactor iterators,Linguist: Refactor iterators  Use more const iterators. Fix mixing const iterators with non-const iterators. Use auto for iterators wherever easily possible.  Change-Id: Ib6e73319971396e47bb0b0f5c252b8cf246de008
219306,qt-creator%2Fqt-creator~master~I8a44285fd41475e8ee1096976e8497b35a9e9b4d,https://codereview.qt-project.org/314143,6,12,8,2,870,236,2,5,20.9613888888889,173,refactoring/,refactor|,refactoring/,refactor|,QmlDesigner: Refactor modelNode preview image handling,QmlDesigner: Refactor modelNode preview image handling  Refactor done to avoid dependency to component core from model.  Change-Id: I8a44285fd41475e8ee1096976e8497b35a9e9b4d
219672,pyside%2Fpyside-setup~5.15~Id3c35c6b2c4e7eebfe1d25b555ab62468cb89f1d,https://codereview.qt-project.org/313646,4,11,1,1,776,190,4,6,44.7375,246,refactoring/,refactor|,refactoring/,refactor|,shiboken2: Refactor primitive type lists in overload decisor,WIP: shiboken2: Refactor primitive type lists in overload decisor  Add a separate header with the type names and use that.  Add the missing long long on this occasion.  Task-number: PYSIDE-1372 Change-Id: Id3c35c6b2c4e7eebfe1d25b555ab62468cb89f1d
220120,qt%2Fqtbase~dev~I0bfc0978fc4187348ac872e1330d95259d557b69,https://codereview.qt-project.org/312775,4,38,7,6,132098,493,7,12,91.4527777777778,594,refactoring/,refactor|,refactoring/,refactor|,Refactor testlib touch functions into qtestsupport_gui and _widgets,"Refactor testlib touch functions into qtestsupport_gui and _widgets  Because we removed public setters from QTouchEvent and QEventPoint in 4e400369c08db251cd489fec1229398c224d02b4 and now it's proposed to give QEventPoint a d-pointer again, the implementation of QTouchEventSequence needs to start using QMutableEventPoint: being a friend will no longer be enough, because the member variables won't be accessible in the future. But because we have separate test libs for Gui and Widgets, it needs to be further refactored into two classes.  Change-Id: I0bfc0978fc4187348ac872e1330d95259d557b69"
220584,qt%2Fqtdeclarative~dev~I2090b78417caf43b6dfb4106802988742a5a119e,https://codereview.qt-project.org/312387,3,10,0,0,596,132,3,1,1.69083333333333,83,refactoring/,refactor|,refactoring/,refactor|,tst_qmlformat: refactor tests,tst_qmlformat: refactor tests  Change-Id: I2090b78417caf43b6dfb4106802988742a5a119e
221572,qt%2Fqtbase~dev~I517de23a8ccfd608585ca00403aca0df2955f14b,https://codereview.qt-project.org/307263,6,59,2,0,108973,215,19,6,1113.89722222222,253,refactoring/,refactor|,refactoring/,refactor|,Refactor Q*Iterable,"WIP: refactor Q*Iterable  Refactor the methods retrieving data in Q*Iterable so that we don't return pointers with unclear ownership. Instead, copy the data into a out pointer provided by the caller.  Change-Id: I517de23a8ccfd608585ca00403aca0df2955f14b"
221713,qt-creator%2Fqt-creator~4.13~I31813d13da753ba742488943afea673540b3a3fa,https://codereview.qt-project.org/310823,3,10,0,0,3059,26,2,2,23.9613888888889,95,refactoring/,refactor|,refactoring/,refactor|,QmlPuppet: Refactor ChangeLanguageCommand,QmlPuppet: Refactor ChangeLanguageCommand  Change-Id: I31813d13da753ba742488943afea673540b3a3fa
221777,qt-creator%2Fqt-creator~4.13~I75de863121b66a5050226dd5c8914229cb1af608,https://codereview.qt-project.org/310811,3,4,0,0,183,68,2,6,18.6525,90,refactoring/,refactor|,refactoring/,refactor|,QmlPuppet: Refactor ChangeIdsCommand,QmlPuppet: Refactor ChangeIdsCommand  Change-Id: I75de863121b66a5050226dd5c8914229cb1af608
221778,qt-creator%2Fqt-creator~4.13~I900f530109b6cdbb22d8138094443b48834d16cb,https://codereview.qt-project.org/310772,3,4,0,0,183,61,2,5,20.5447222222222,94,refactoring/,refactor|,refactoring/,refactor|,QmlPuppet: Refactor ChangeFileUrlCommand,QmlPuppet: Refactor ChangeFileUrlCommand  Change-Id: I900f530109b6cdbb22d8138094443b48834d16cb
221779,qt-creator%2Fqt-creator~4.13~Id3020a73f59a1adfd25066a37d083d923e77956b,https://codereview.qt-project.org/310764,3,4,0,0,183,67,2,5,21.4266666666667,95,refactoring/,refactor|,refactoring/,refactor|,QmlPuppet: Refactor ChangeBindingsCommand,QmlPuppet: Refactor ChangeBindingsCommand  Change-Id: Id3020a73f59a1adfd25066a37d083d923e77956b
221815,qt%2Fqtbase~dev~I43fa4684f569514c8c621838dcc346657ac1a915,https://codereview.qt-project.org/301474,11,68,3,1,143307,110,18,3,2164.14444444444,369,refactoring/,refactor|,refactoring/,refactor|,Refactor QXmlStreamStringRef,"Refactor QXmlStreamStringRef  Use a QStringPrivate inside the implementation. This saves two pointers, and actually makes this a safe replacement for QStringRef inside the implementation of QXmlStreamReader.  Unexport the class as all members are inline, and move it into the QtPrivate namespace as class XmlString.  Change-Id: I43fa4684f569514c8c621838dcc346657ac1a915"
221817,qt%2Fqtbase~dev~I4a9c1bb1e377dee1e6d3b9aa9b0dfa64c5806c45,https://codereview.qt-project.org/301228,10,73,34,0,144679,3730,21,7,2212.61916666667,264,refactoring/,refactor|,refactoring/,refactor|,Refactor qxmlstream_p.h,"Refactor qxmlstream_p.h  Pull the file apart, so that the parts generated from qxmlstream.g are separated from the definition of the private class.  This will in the future simplify maintenance and refactoring.  Change-Id: I4a9c1bb1e377dee1e6d3b9aa9b0dfa64c5806c45"
221858,qt%2Fqtbase~dev~I740e4e40165b7bc41223d38b200bbc2b403e07b6,https://codereview.qt-project.org/301583,7,125,281,31,67623,549,34,7,2134.13777777778,121,refactoring/,refactor|,refactoring/,refactor|,Refactor pointer event hierarchy,WIP refactor pointer event hierarchy  Very rough: doesn't build yet  Change-Id: I740e4e40165b7bc41223d38b200bbc2b403e07b6
221976,qt%2Fqtbase~dev~I388c14436e32152ebb969bdd94753ed5452c1b7c,https://codereview.qt-project.org/308834,5,15,1,1,23734,145,3,1,503.301111111111,274,refactoring/,refactor|,refactoring/,refactor|,Refactor array data operations,Refactor array data operations  Replaced copyAppend implementations with insert(this->end()) where possible. This forced an update of the preconditions in insert  Unified moveAppend between generic and movable operations  Change-Id: I388c14436e32152ebb969bdd94753ed5452c1b7c
223160,qt%2Fqt3d~dev~Id6c317342d0a227d5295cbfefefc3ed12da160d7,https://codereview.qt-project.org/307907,4,19,12,3,2249,447,6,3,331.841666666667,880,refactoring/,refactor|,refactoring/,refactor|,Refactor Scene3D to work with both RHI and GL Qt3D renderers,"WIP: Refactor Scene3D to work with both RHI and GL Qt3D renderers  - Depending on whether we are using RHI or GL we need to either trigger   the rendering after the beforeRendering or beforeRenderPassRecording   have been fired    -> beforeRendering      The RHI command buffer is set up but nothing has been      recorded yet. This is what we want for the RHI backend      but we will need to make sure we don't call begin/endFrame    -> beforeRenderPassRecording      The RHI command for buffer uploads have been uploaded but the      actual RenderPass draw calls have yet to be made. The screen      has been cleared already, so this is the best place for the      GL backend which expects the screen to have been cleared  - The GL backend can use a QOpenGLFrameBufferObject but that is not   possible with the RHI backend.  Change-Id: Id6c317342d0a227d5295cbfefefc3ed12da160d7"
224013,pyside%2Fpyside-setup~5.15~I74276b2f163ff52db6792e3f3b8907ad392f1055,https://codereview.qt-project.org/307701,5,10,0,0,2249,119,2,4,9.07305555555556,214,refactoring/,refactor|,refactoring/,refactor|,shiboken2: Refactor the parsing of Q_PROPERTY(),"shiboken2: Refactor the parsing of Q_PROPERTY()  Split the function and add more error handling, add the source location to the message  Task-number: PYSIDE-1019 Change-Id: I74276b2f163ff52db6792e3f3b8907ad392f1055"
224023,qt%2Fqtbase~dev~I369a013802a267a94725302de0d1d33291c29538,https://codereview.qt-project.org/307132,3,24,2,0,1959,176,8,2,168.433611111111,191,refactoring/,refactor|,refactoring/,refactor|,Refactor QLocale's integer formatting,Refactor QLocale's integer formatting  Break out some shared code in the integer formatting to save duplicating it. Simplify what's left.  Change-Id: I369a013802a267a94725302de0d1d33291c29538
224074,pyside%2Fpyside-setup~5.15~I9c893a8e0068d7d5d6eff4c7ae44c5f754211bdd,https://codereview.qt-project.org/307596,5,12,0,0,2846,124,2,2,17.6080555555556,185,refactoring/,refactor|,refactoring/,refactor|,shiboken2: Refactor generating return values of virtual functions,shiboken2: Refactor generating return values of virtual functions  Split out a function returning the return statement as a string.  Change-Id: I9c893a8e0068d7d5d6eff4c7ae44c5f754211bdd
224789,pyside%2Fpyside-setup~5.15~Ie30563f5b25d0d21b3a1ceb0c9da37cfc8d808dd,https://codereview.qt-project.org/307133,7,44,6,2,11365,107,8,5,52.8438888888889,456,refactoring/,refactor|,refactoring/,refactor|,shiboken2/clangparser: Refactor code snippet extraction handling,"shiboken2/clangparser: Refactor code snippet extraction handling  Code snippets resulting from macro expansion have a 0 range. Detect this first thing and return an empty snippet before starting to convert file names and reading files. For that purpose, use a CXFile instead of a QString in SourceLocation. For all other cases, output a verbose warning.  Task-number: PYSIDE-1339 Task-number: PYSIDE-904 Change-Id: Ie30563f5b25d0d21b3a1ceb0c9da37cfc8d808dd"
225018,qt%2Fqt3d~dev~I130ad84adce0638329f9d9fd7cfbf1608a7627f4,https://codereview.qt-project.org/306912,3,12,0,0,975,750,5,17,23.6116666666667,156,refactoring/,refactor|,refactoring/,refactor|,Refactor RenderQueue so that it can be shared between renderers,"Refactor RenderQueue so that it can be shared between renderers  It is now template based, header only  Change-Id: I130ad84adce0638329f9d9fd7cfbf1608a7627f4"
225153,qt%2Fqtbase~dev~I577f851394edfaa30154bd3417ce391635cc546d,https://codereview.qt-project.org/306135,4,34,6,0,40499,42,8,1,166.477222222222,180,refactoring/,refactor|,refactoring/,refactor|,Refactor tst_Collections,Refactor tst_Collections::forwardDeclared  This improves the readability and avoids code duplication.  Task-number: QTBUG-82978 Change-Id: I577f851394edfaa30154bd3417ce391635cc546d
226058,qt-creator%2Fqt-creator~qds-1.59~I57b33dc06819b3f0d1269eae10bd1131c5cb911d,https://codereview.qt-project.org/305801,4,4,0,0,178,86,2,8,3.92027777777778,107,refactoring/,refactor|,refactoring/,refactor|,AssetExport: Refactor to accommodate asset generation,AssetExport: Refactor to accommodate asset generation  Change-Id: I57b33dc06819b3f0d1269eae10bd1131c5cb911d
226086,qt%2Fqtquick3d~dev~Ief84ff33a3dd9d04aaff6dc285d6e2a53c390496,https://codereview.qt-project.org/303750,7,22,1,1,32396,538,7,20,384.708888888889,144,refactoring/,refactor|,refactoring/,refactor|,Refactor shader generation and light setup,Refactor shader generation and light setup  - Add light sorting - remove old light classes  Change-Id: Ief84ff33a3dd9d04aaff6dc285d6e2a53c390496
226636,pyside%2Fpyside-setup~5.15~If56f839d414bf7364fdf6af5f3f0d5a76a5fc434,https://codereview.qt-project.org/304879,5,14,1,0,3445,121,4,2,37.4055555555556,383,refactoring/,refactor|,refactoring/,refactor|,shiboken2: Refactor wrapper method generation,"WIP: shiboken: refactor wrapper method generation  The code injection for shell/beginning was not called in the shortcut path when the method cache is set.  Factor out code into a separate function. As a drive by, actually generate shell/end injection at least for void functions.  Task-number: PYSIDE-803 Task-number: PYSIDE-1282 Change-Id: If56f839d414bf7364fdf6af5f3f0d5a76a5fc434"
226770,qt%2Fqtdeclarative~dev~I770a725b72477689a654078da6f57f750a85abbd,https://codereview.qt-project.org/304884,3,9,1,1,828,17,3,1,3.05611111111111,228,refactoring/,refactor|,refactoring/,refactor|,Refactor QQmlMetaTypeData::VersionedUri a bit,"Refactor QQmlMetaTypeData::VersionedUri a bit  The hash function should take a seed, and properly combine the hashes, both operator== and qHash are better defined as friends.  Change-Id: I770a725b72477689a654078da6f57f750a85abbd"
226837,qt%2Fqtwebengine~dev~Idcad3a805defe8b910f418b91f14808b6dbf083b,https://codereview.qt-project.org/303674,4,10,3,0,809,2374,4,13,197.076111111111,206,refactoring/,refactor|,refactoring/,refactor|,Refactor RenderWidgetHostViewQt,Refactor RenderWidgetHostViewQt  Make RenderWidgetHostViewQtDelegateClient class instantiable and remove its implementation from RenderWidgetHostViewQt.  Change-Id: Idcad3a805defe8b910f418b91f14808b6dbf083b
227370,qt%2Fqtdeclarative~dev~I81e6c2627e21ca4d89ea9502abbb6aec79068793,https://codereview.qt-project.org/292479,4,21,4,0,64591,51,5,2,2518.93222222222,468,refactoring/,refactor|,refactoring/,refactor|,QQuickTextInputPrivate: refactor getImplicitWidth() to calculateImplicitWidth(),"WIP: QQuickTextInputPrivate: refactor getImplicitWidth() into calculateImplicitWidth()  This patch moves the implicit width calculation in getImplicitWidth() into calculateImplicitWidth(const QString &text).  This allows QQuickComboBox in qtquickcontrols2 to get the implicit width of a TextInput (TextField) item, as QQuickTextInput does some extra layouting and accounting for padding that QFontMetrics does not.  Change-Id: I81e6c2627e21ca4d89ea9502abbb6aec79068793"
227706,qt-creator%2Fqt-creator~qds-1.59~Ib032047235297dfe3ac0bcdbd39c353493f3ae0d,https://codereview.qt-project.org/303824,4,4,0,0,176,71,2,8,1.7275,133,refactoring/,refactor|,refactoring/,refactor|,UnitTests: Refactor printing,UnitTests: Refactor printing  Move standard printing functions to extra header.  Change-Id: Ib032047235297dfe3ac0bcdbd39c353493f3ae0d
227797,installer-framework%2Finstaller-framework~master~Ic3309707c1f975a646937aa96fc407a3e5931359,https://codereview.qt-project.org/302839,5,29,13,2,2645,137,8,10,163.218333333333,98,refactoring/,refactor|,refactoring/,refactor|,Refactor maintenance tool writing conditions,Refactor maintenance tool writing conditions  Change-Id: Ic3309707c1f975a646937aa96fc407a3e5931359
228772,qt%2Fqtbase~dev~Ic07e92fe0889e57c19ce7c1bf6902f3a598fad05,https://codereview.qt-project.org/301573,6,22,0,0,13594,23,9,1,226.316944444444,129,refactoring/,refactor|,refactoring/,refactor|,Refactor splitString to use QStringView,Refactor splitString to use QStringView  Instead of a QChar * and a length.  Change-Id: Ic07e92fe0889e57c19ce7c1bf6902f3a598fad05
229592,qt%2Fqtdeclarative~dev~Ib49a033d0bddbbeb4391ce27197134d8f024654f,https://codereview.qt-project.org/349089,5,8,0,0,804,18,2,2,12.725,211,refactoring/,refactor|,refactoring/,refactor|,qmltyperegistrar: Refactor generation of readonly attribute,qmltyperegistrar: Refactor generation of readonly attribute  It only makes sense for properties. There is no need to pass false to all the writeType() calls.  Change-Id: Ib49a033d0bddbbeb4391ce27197134d8f024654f
229899,qt%2Fqtbase~dev~Id816ef009b4fac1cd317d3ef23f21b3530028067,https://codereview.qt-project.org/346297,7,35,6,0,9685,283,10,5,313.373611111111,319,refactoring/,refactor|,refactoring/,refactor|,CMake: Refactor handling of static plugins,CMake: Refactor handling of static plugins  Extract common static plugin handling functionality into a separate QtPublicPluginHelpers.cmake file which is loaded by the Qt6 package.  Split the code into smaller functions that can be re-used.  Task-number: QTBUG-92933 Change-Id: Id816ef009b4fac1cd317d3ef23f21b3530028067
230193,pyside%2Fpyside-setup~5.15~I4735f39193c4f4efa856440ecddbc48b3a5071ae,https://codereview.qt-project.org/301119,5,21,0,0,6165,37,6,2,8.65638888888889,556,refactoring/,refactor|,refactoring/,refactor|,shiboken: Refactor generation of sequence access methods,"shiboken: Refactor generation of sequence access methods  Rename writeStdListWrapperMethods() to writeDefaultSequenceMethods() since that is is more close to its purpose. In the function, get the base container type.  If it is a vector, use index operators.  Otherwise, use std::advance instead of a loop to position the iterator. This is specialized for random access iterators to perform an addition and thus more efficient.  Use const_iterator in __getitem__ to prevent Qt containers from detaching.  Change-Id: I4735f39193c4f4efa856440ecddbc48b3a5071ae"
230262,qt%2Fqttools~dev~I8a5fe6a2f2b93001e31b652a4e581f5495d953bb,https://codereview.qt-project.org/300686,5,14,0,0,1383,270,6,2,72.2036111111111,127,refactoring/,refactor|,refactoring/,refactor|,QDoc: Refactor HtmlGenerator::generateRequisites,QDoc: Refactor HtmlGenerator::generateRequisites  Task-number: QTBUG-71176 Change-Id: I8a5fe6a2f2b93001e31b652a4e581f5495d953bb
230660,pyside%2Fpyside-setup~5.15~I9af1a6a9edc5e566296ec99a50a9f8cfbe055cd0,https://codereview.qt-project.org/300086,5,10,0,0,2691,44,3,3,73.2625,232,refactoring/,refactor|,refactoring/,refactor|,shiboken: Refactor ShibokenGenerator::wrapperName(),"shiboken: Refactor ShibokenGenerator::wrapperName()  Assert that it is only used for wrapped classes and remove fallback path returning the class name, which obfuscates the code.  Change-Id: I9af1a6a9edc5e566296ec99a50a9f8cfbe055cd0"
230921,qt%2Fqtbase~dev~I201fe966601c424c337e452e359a2e71f76354ad,https://codereview.qt-project.org/298227,3,54,5,0,19335,113,23,2,481.330833333333,180,refactoring/,refactor|,refactoring/,refactor|,Refactor QUtf32::convertFromUnicode,"Refactor QUtf32::convertFromUnicode  Implement proper state handling, and avoid a copy when using it through QStringConverter.  Change-Id: I201fe966601c424c337e452e359a2e71f76354ad"
230957,qt%2Fqtbase~dev~Ia0f03c14dede80322d690ca50d085898a0497dbe,https://codereview.qt-project.org/297942,4,15,1,1,1038,140,5,2,513.875277777778,729,refactoring/,refactor|,refactoring/,refactor|,QApplication: refactor delivery and propagation of wheel events,"QApplication: refactor delivery and propagation of wheel events  Handle wheel grabbing via wheel_widget in a single place, and propagate events in the same way for all (spontaneous) events.  Handle ScrollMomentum the same way as ScrollUpdate to allow partial sequences.  Fix the incorrect ignoring of wheel events by default; like all other input events, they are now again accepted by default and ignored in the default event handler implementation of QWidget. This way, implementing the handle suffices to accept the event. Note that QWidget::wheelEvent doesn't need to be changed, as the event is ignored there today (an oversight of the change made in f253f4c3, perhaps).  Change-Id: Ia0f03c14dede80322d690ca50d085898a0497dbe"
231350,qt-labs%2Fqtquickdesigner-components~dev~I880c8c3bb8a1e4ffc4dd9a47683334215553d314,https://codereview.qt-project.org/299677,2,6,0,0,515,668,2,8,0.273333333333333,103,refactoring/,refactor|,refactoring/,refactor|,Refactor effects,Refactor effects  The direction is now a property  Change-Id: I880c8c3bb8a1e4ffc4dd9a47683334215553d314
231457,qt%2Fqttools~dev~Ic23111c6d3d8e2a29c5cec8ee2c8367e3146f444,https://codereview.qt-project.org/299151,3,18,10,2,1171,287,5,4,55.4419444444445,557,refactoring/,refactor|,refactoring/,refactor|,qdoc: Refactor ConfigVar,"qdoc: Refactor ConfigVar  There is no benefit in storing each encountered configuration variable in a QMultiMap, together with the information about whether it appends or overrides a previous variable.  Store the ConfigVar instances in a QMap instead, storing only the latest state of each variable. We need some logic for appending to existing variables, but traversing the variable map is now much simpler.  Add tests to verify that reading config variables works as expected.  Task-number: QTBUG-71176 Change-Id: Ic23111c6d3d8e2a29c5cec8ee2c8367e3146f444"
233055,pyside%2Fpyside-setup~5.15~I3b8ad1f40283079d88f8eaffda192a7b1f607649,https://codereview.qt-project.org/297447,5,8,0,0,575,34,3,5,2.69361111111111,299,refactoring/,refactor|,refactoring/,refactor|,shiboken: Refactor setting of debug level,"shiboken: Refactor setting of debug level  Remove ApiExtractor::setDebugLevel(), which was just redirecting to ReportHandler. Move functionality to set from a command line argument to ReportHandler and add proper checks.  Task-number: PYSIDE-1265 Change-Id: I3b8ad1f40283079d88f8eaffda192a7b1f607649"
233362,qt%2Fqtbase~5.12~I5dd5cbf66c0863624ec848f11a32c232fbe32cff,https://codereview.qt-project.org/263808,5,27,10,2,48398,154,3,2,7559.01555555556,232,refactoring/,refactor|,refactoring/,refactor|,Refactor OpenWFD QPA plugin for INTEGRITY Snapdragon 820 ADP,Refactor OpenWFD QPA plugin for INTEGRITY Snapdragon 820 ADP  Add wfdBindSourceToPipeline call to enable vsync and also call OpenWFD resource cleanup APIs in destroyNativeWindow.  Change-Id: I5dd5cbf66c0863624ec848f11a32c232fbe32cff
233810,qt-creator%2Fqt-creator~4.12~I2b98188237f8a0618e6ff3e64280091583112196,https://codereview.qt-project.org/296309,3,4,0,0,180,826,2,16,1.34638888888889,186,refactoring/,refactor|,refactoring/,refactor|,Refactor GraphicsScene and Graphicsview,Refactor GraphicsScene and Graphicsview  Make sure to deselect keyframes when clicking on an unselected handle  Task-number: QDS-1033 Change-Id: I2b98188237f8a0618e6ff3e64280091583112196
233929,qt-apps%2Fqt-auto-extra-apps~master~I448f7ec0f077c74541e77574fffaf2d9e39599ee,https://codereview.qt-project.org/296160,2,4,0,0,179,1018,2,15,0.0608333333333333,114,refactoring/,refactor|,refactoring/,refactor|,[webradio] refactor webradio app,[webradio] refactor webradio app  Task-number: AUTOSUITE-1472 Change-Id: I448f7ec0f077c74541e77574fffaf2d9e39599ee
234020,qt%2Fqtquick3d~dev~I5131e961c162146f89a9bdda25141d737cf364c9,https://codereview.qt-project.org/295967,4,10,1,0,5620,33,2,1,4.41444444444444,213,refactoring/,refactor|,refactoring/,refactor|,RHI: effects buffer refactor,"RHI: effects buffer refactor  Now getTexture() will return an existing buffer with the same name, since that is what the effects need.  Task-number: QTBUG-82550 Change-Id: I5131e961c162146f89a9bdda25141d737cf364c9"
234138,qt-apps%2Fqt-auto-extra-apps~5.14~I448f7ec0f077c74541e77574fffaf2d9e39599ee,https://codereview.qt-project.org/293751,6,24,12,8,1194,943,9,15,478.173333333333,114,refactoring/,refactor|,refactoring/,refactor|,[webradio] refactor webradio app,[webradio] refactor webradio app  Task-number: AUTOSUITE-1472 Change-Id: I448f7ec0f077c74541e77574fffaf2d9e39599ee
234549,qt%2Fqtbase~5.15~Ic30a6820c2ce945c314751c06cfc356914a71217,https://codereview.qt-project.org/273127,3,23,0,0,1315,354,10,4,4853.80972222222,192,refactoring/,refactor|,refactoring/,refactor|,wasm: refactor network to use fetch API,"WIP: wasm: refactor network to use fetch API  This has better support for threaded use, and gets rid of bind use.  Task-number: QTBUG-76891 Change-Id: Ic30a6820c2ce945c314751c06cfc356914a71217"
234888,installer-framework%2Finstaller-framework~master~Ib423eab3c9ae7771fb032b99f767f96e52266ea7,https://codereview.qt-project.org/285332,4,30,19,5,1628,408,11,7,2110.07805555556,168,refactoring/,refactor|,refactoring/,refactor|,Refactor and add unit tests for metadatajob,"[WIP] Refactor metadatajob  Split long functions into smaller understandable functions, add tests for metadatajob.  Change-Id: Ib423eab3c9ae7771fb032b99f767f96e52266ea7"
235637,qbs%2Fqbs~1.16~Ifde3ceef40e3face12c40e670675c641d42a561e,https://codereview.qt-project.org/294235,4,8,4,0,630,59,3,1,65.3005555555556,138,refactoring/,refactor|,refactoring/,refactor|,Refactor TestBlackbox::installLocations(),Refactor TestBlackbox::installLocations()  To be able to test debug info directories  Change-Id: Ifde3ceef40e3face12c40e670675c641d42a561e
235813,installer-framework%2Finstaller-framework~master~Ie0d393368b5275c8ffa1ab8833885b149af3178e,https://codereview.qt-project.org/293617,8,43,19,2,12402,404,14,6,180.5225,100,refactoring/,refactor|,refactoring/,refactor|,Refactor naming and usage of CLI commands,WIP: Refactor naming and usage of CLI commands  Change-Id: Ie0d393368b5275c8ffa1ab8833885b149af3178e
236632,qt-labs%2Fvstools~dev~Ib0a4f265902e7957c2655ec03ebab1ee03ae38a3,https://codereview.qt-project.org/290152,5,9,27,0,606,52,4,27,643.293055555556,83,refactoring/,refactor|,refactoring/,refactor|,Refactor wizards project,WIP: Refactor wizards project  Change-Id: Ib0a4f265902e7957c2655ec03ebab1ee03ae38a3
236793,qt%2Fqttools~5.15~Id92926e53b61e03a2d2feceda70987191b708975,https://codereview.qt-project.org/290350,4,20,27,1,1396,360,6,8,545.224722222222,649,refactoring/,refactor|,refactoring/,refactor|,qdoc: Refactor automatic note generation for function nodes,"qdoc: Refactor auto-generated note generation  Function nodes may have a number of automatically generated notes added to the documentation; as they share the same formatting, collect them into a single virtual function in Generator, and override it in DocBookGenerator.  Call the virtual function in Generator::generateBody() after generating the text for the Doc instance. As we append the notes to the body, the order in which the notes appear changes slightly.  Add an auto-generated note in \qmlsignal documentation for the name of the corresponding signal handler.  Task-number: QTBUG-37355 Change-Id: Id92926e53b61e03a2d2feceda70987191b708975"
237130,qt%2Fqtvirtualkeyboard~5.15~Idb9e90e01e9b1c643e84287716e0b964256b115e,https://codereview.qt-project.org/292674,5,10,0,0,808,35,4,4,19.9447222222222,514,refactoring/,refactor|,refactoring/,refactor|,Refactor desktop-detection logic to become an explicit property,"Refactor desktop-detection logic to become an explicit property  The __isRootPanel internal property was used to detect whether the keyboard is running in as a stand-alone, toplevel window in the desktop. The value of the property depended on the location of the keyboard panel within the QQuickItem hierarchy, which is fragile.  Instead, declare an explicit property desktopPanel that is set to true by the desktop integration when the panel has been created.  Change-Id: Idb9e90e01e9b1c643e84287716e0b964256b115e"
237381,qt%2Fqtrepotools~master~I1bd06c93673696978b220849bbc856d8e5c26cf7,https://codereview.qt-project.org/211644,5,23,20,0,829,67,5,2,20015.9547222222,432,refactoring/,refactor|,refactoring/,refactor|,gpush: refactor branch determination,"gpush: refactor branch determination  for clarity, rename determine_branch() and determine_target(), and split out determine_local_branch().  this implies that we'll now possibly determine the local branch needlessly, but that's an uncommon case (when the target branch is explicitly specified). also, later added features will (almost) always need the local branch name anyway.  Change-Id: I1bd06c93673696978b220849bbc856d8e5c26cf7"
237738,qt%2Fqtdeclarative~5.15~Ia8a8f0d68e6ef7edc6c45b414121aaa77632bcd3,https://codereview.qt-project.org/288372,5,12,2,1,2459,28,3,4,651.341944444444,623,refactoring/,refactor|,refactoring/,refactor|,QQmlInstanceModel: refactor recycling signals to base class,"QQmlInstanceModel: refactor recycling signals to base class  Now that QQmlDelegateModel has an API that handles reusing delegate items (*), we should also move the releated signals inside it to be consistent. This will also remove the need to cast the model type in the views before connecting.  This patch will also remove warnings that stems from QQuickListView trying to connect to the reuse signals when the model is not a QQmlDelegateModel.  *: E.g: virtual ReleaseFlags release(QObject *object,     ReusableFlag reusableFlag = NotReusable) = 0;  Fixes: QTBUG-81257 Change-Id: Ia8a8f0d68e6ef7edc6c45b414121aaa77632bcd3"
238118,qt-creator%2Fqt-creator~4.12~I18c92cb37b535c616f03f45dff8b18249c961d5d,https://codereview.qt-project.org/291259,6,8,0,0,443,213,3,17,13.2641666666667,177,refactoring/,refactor|,refactoring/,refactor|,VCS: Refactor annotationChanges() in VcsBaseEditor,"VCS: Refactor annotationChanges() in VcsBaseEditor  Devirtualize the function, and use QRegularExpression with globalMatch.  Change-Id: I18c92cb37b535c616f03f45dff8b18249c961d5d"
238128,qt-apps%2Fneptune3-ui~5.14~I688d94f49c4515ef3bef8e503dcb04a851e1d4e3,https://codereview.qt-project.org/290140,5,10,1,1,517,279,4,12,209.674166666667,232,refactoring/,refactor|,refactoring/,refactor|,"[sysui] refactor about dialog (app remove, layout updates)","[sysui] refactor about dialog (app remove, layout updates)  - add ""remove"" button for removable apps - update layout of ui - add app id to app section  Task-number: AUTOSUITE-1235 Change-Id: I688d94f49c4515ef3bef8e503dcb04a851e1d4e3"
238765,qtsdk%2Fqtsdk~master~I35c726b1065109724a0f56677bf74f58ccd39839,https://codereview.qt-project.org/290406,5,6,0,0,251,13,3,1,2.00388888888889,278,refactoring/,refactor|,refactoring/,refactor|,Refactor create_executable.py to generate multiple executables,Refactor create_executable.py to generate multiple executables  Currently the script is able to generate only single executable at once. Modify it so that the script accepts multiple --file arguments.  Task-number: QTIFW-1613 Change-Id: I35c726b1065109724a0f56677bf74f58ccd39839
238787,qtsdk%2Fqtsdk~master~I9c051f5a0d72da05a6b805faa3bc04f30218903f,https://codereview.qt-project.org/289661,5,9,0,0,329,82,4,6,142.663611111111,129,refactoring/,refactor|,refactoring/,refactor|,Refactor logging_util,Refactor logging_util  Refactored for better formatting and colored output.  Change-Id: I9c051f5a0d72da05a6b805faa3bc04f30218903f
238910,qt%2Fqttools~5.15~I32a7494dbc7425d3bd8357821c51c88f29f1c6c1,https://codereview.qt-project.org/290106,5,11,3,0,1332,2745,3,2,20.9763888888889,282,refactoring/,refactor|,refactoring/,refactor|,Refactor DocBookGenerator,"WIP: Refactor DocBookGenerator  - Stop passing a writer reference around, make it a member. - Make static functions non-static members. - Initialize one variable per line and remove a commented out line.  Task-number: QTBUG-37355 Change-Id: I32a7494dbc7425d3bd8357821c51c88f29f1c6c1"
239024,qt%2Fqtbase~wip%2Fcmake~I0ffebcd069a923383f7ed11cde2c94ecf2fb13f3,https://codereview.qt-project.org/289706,7,22,24,4,865,38,7,2,90.0863888888889,88,refactoring/,refactor|,refactoring/,refactor|,Refactor Metatypes dependency propagation,WIP: metatypes dependency refactor  Change-Id: I0ffebcd069a923383f7ed11cde2c94ecf2fb13f3
239069,pyside%2Fpyside-setup~5.14~Iead9ee5b086830fb670b25917914117da62fefe5,https://codereview.qt-project.org/289900,5,6,0,0,867,314,2,4,5.16527777777778,777,refactoring/,refactor|,refactoring/,refactor|,shiboken: Refactor writing of get/setattro methods,"shiboken: Refactor writing of get/setattro methods  getattro functions are needed for:   - smartpointer dispatch   - special cases of function overload resolution  setattro functions are needed for:   - smartpointer dispatch   - QObject property handling  All of this was previously handled in the writeSet/GetattroFunction which duplicated, inconsistent checks in various places, which makes it very hard to add additional functionality to tp_getsetattro(). To overcome this, define a flag to describe the various use cases, a check function to determine it. The flag is passed to the write functions. Smart pointer handling is split out completely since it will never mix with the other use cases.  Task-number: PYSIDE-803 Change-Id: Iead9ee5b086830fb670b25917914117da62fefe5"
239070,pyside%2Fpyside-setup~5.14~I219e4887f0a699c21f718563ac696baf4c7f9d73,https://codereview.qt-project.org/289898,5,7,1,0,970,134,2,1,5.16527777777778,319,refactoring/,refactor|,refactoring/,refactor|,shiboken: Refactor the generated getattro()-method,shiboken: Refactor the generated getattro()-method  Remove else after return and simplify accordingly. Replace the check for self by an assert.  Change-Id: I219e4887f0a699c21f718563ac696baf4c7f9d73 Reviewed-by: Christian Tismer <tismer@stackless.com> (cherry picked from commit fd5768da8cc90faaa5a96c1c028db62915c18b0f)
239421,pyside%2Fpyside-setup~5.15~Idc6a5d6ce53bb9bbe054397194b660bd748e3042,https://codereview.qt-project.org/284647,5,21,3,1,3739,77,6,3,1316.64944444444,248,refactoring/,refactor|,refactoring/,refactor|,shiboken: Refactor base class handling,shiboken: Refactor base class handling  Change the m_baseClass pointer into a vector to handle multiple inheritance. It will receive the base classes which previously were handled as interfaces.  Change-Id: Idc6a5d6ce53bb9bbe054397194b660bd748e3042
240064,qt%2Fqtbase~dev~Iad9899ba72f00522594b55a0402baec47491999c,https://codereview.qt-project.org/288205,4,14,4,1,1039,310,5,3,56.0777777777778,501,refactoring/,refactor|,refactoring/,refactor|,Refactor QLocale's data access to be less verbose,"Refactor QLocale's data access to be less verbose  Add QLocaleData::DataRange and methods returning it, to package each of the m_*idx, m_*_size pairs of data members, to simplify access to these data. This extends the experiment started in QCalendarLocale, which is now adapted to use the new DataRange also. Two static functions of qlocale.cpp are replaced by methods of DataRange, saving considerable duplication of long member names in callers.  Change-Id: Iad9899ba72f00522594b55a0402baec47491999c"
240260,qt-creator%2Fqt-creator~master~I8f49de9a93b91fa70d3d8e9ca4200f12f0aaf7d7,https://codereview.qt-project.org/288405,3,15,6,1,878,69,6,2,1.41472222222222,304,refactoring/,refactor|,refactoring/,refactor|,QmlDesigner: Refactor FormEditorItem,QmlDesigner: Refactor FormEditorItem  For the FlowEditor we need to subclass from FormEditor item and to be able to mutate the behaviour. This patch introduces the required methods and adds virtual to exisiting methods. Some members become protected.  Change-Id: I8f49de9a93b91fa70d3d8e9ca4200f12f0aaf7d7
242413,qt-apps%2Fqmllive~5.14~I684c347a32be20649207fcedfd06405f7467f6a2,https://codereview.qt-project.org/286606,3,9,0,0,614,88,3,3,23.4386111111111,98,refactoring/,refactor|,refactoring/,refactor|,refactor UI and methods according to agreed docs,refactor UI and methods along to agreed docs  Change-Id: I684c347a32be20649207fcedfd06405f7467f6a2
242749,qt%2Fqt5~5.12~I9930336030aa776f49dc460fe766f3e831700255,https://codereview.qt-project.org/273705,1,14,7,0,1091,65,7,1,2920.54277777778,353,refactoring/,refactor|,refactoring/,refactor|,Refactor DownloadURL.sh,"Refactor DownloadURL.sh  Auto-detects and verifies all kinds of hashes, not only SHA1. Hash verification is now an autonomous function. If the file is found at the destination, skip redownloading it if the hash is OK. Runs on POSIX sh, not requiring bash. Retain compatibility with previous version.  Change-Id: I9930336030aa776f49dc460fe766f3e831700255"
243664,qt%2Fqttools~5.14~I0dd74a7b03e9e6bee55d4234c12eec17d52ce0e2,https://codereview.qt-project.org/284971,6,16,5,1,736,84,5,5,21.8136111111111,418,refactoring/,refactor|,refactoring/,refactor|,windeployqt: Refactor platform enumeration,"windeployqt: Refactor platform enumeration  - Make it a QFlags, providing operators - Remove WinCE - Add a Msvc compiler flag and make the tests for   build directory and d-suffix depending on it. - Rename WindowsDesktop to WindowsDesktopMsvc   (preparing the introduction of clang-cl and potentially   clang-g++). - Use QFlags::testFlag()  Task-number: QTBUG-80806 Change-Id: I0dd74a7b03e9e6bee55d4234c12eec17d52ce0e2"
244249,pyside%2Fpyside-setup~5.15~I219e4887f0a699c21f718563ac696baf4c7f9d73,https://codereview.qt-project.org/284249,5,8,0,0,801,134,2,1,5.91333333333333,197,refactoring/,refactor|,refactoring/,refactor|,shiboken: Refactor the generated getattro()-method,shiboken: Refactor the generated getattro()-method  Remove else after return and simplify accordingly. Replace the check for self by an assert.  Change-Id: I219e4887f0a699c21f718563ac696baf4c7f9d73
244718,qt%2Fqt3d~5.15~I6527c96bfdb484a0dc95565cb2533a4d47b819e7,https://codereview.qt-project.org/283384,3,20,2,1,49552,159,5,6,48.5011111111111,90,refactoring/,refactor|,refactoring/,refactor|,Refactor ViewAll to not use commands,Refactor ViewAll to not use commands  Change-Id: I6527c96bfdb484a0dc95565cb2533a4d47b819e7
244800,qt%2Fqtbase~dev~Ib1a9770d9b63028033cc360ae236471449d00267,https://codereview.qt-project.org/86364,8,135,30,1,12480,219,32,6,48364.5597222222,157,refactoring/,refactor|,refactoring/,refactor|,Refactor the sloppy submenu logic,Refactor the sloppy submenu logic  And enable the style to control the behavior of the sloppy submenues  Change-Id: Ib1a9770d9b63028033cc360ae236471449d00267
244839,pyside%2Fpyside-setup~5.15~I0fca089c55c84c761385d280962599859a61ae7d,https://codereview.qt-project.org/282753,2,8,0,0,790,110,2,2,164.501111111111,233,refactoring/,refactor|,refactoring/,refactor|,shiboken: Refactor Debug operator of AbstractMetaClass,shiboken: Refactor Debug operator of AbstractMetaClass  Output members only when verbose is set and make template parameters/instantiations more prominent.  Task-number: PYSIDE-454 Change-Id: I0fca089c55c84c761385d280962599859a61ae7d
245474,pyside%2Fpyside-setup~5.14~Ifac1414e4977643b18d31dfc63a8e4a5f89a2ddc,https://codereview.qt-project.org/273434,6,20,0,0,8871,92,2,3,1838.84861111111,251,refactoring/,refactor|,refactoring/,refactor|,shiboken: Refactor metatype comparison,shiboken: Refactor metatype comparison  Remove unused code left over from previous changes and add flags for matching value and const-ref as equivalent. Rename a few functions for improved clarity.  Change-Id: Ifac1414e4977643b18d31dfc63a8e4a5f89a2ddc
245502,pyside%2Fpyside-setup~5.14~I15a6805a21584f1d7d4222e577e50907d7291841,https://codereview.qt-project.org/279094,8,50,2,1,48731,101,9,3,747.8575,138,refactoring/,refactor|,refactoring/,refactor|,shiboken: Refactor target lang name,shiboken: Refactor target lang name  Task-number: PYSIDE-990 Task-number: PYSIDE-1074 Change-Id: I15a6805a21584f1d7d4222e577e50907d7291841
245836,qt%2Fqt5~5.12.6~I9930336030aa776f49dc460fe766f3e831700255,https://codereview.qt-project.org/282073,5,8,1,0,1425,84,2,1,6.53361111111111,473,refactoring/,refactor|,refactoring/,refactor|,Refactor DownloadURL.sh,"Refactor DownloadURL.sh  Auto-detects and verifies all kinds of hashes, not only SHA1. Hash verification is now an autonomous function. If the file is found at the destination, skip redownloading it if the hash is OK. Runs on POSIX sh, not requiring bash. Retain compatibility with previous version.  Change-Id: I9930336030aa776f49dc460fe766f3e831700255 Reviewed-by: Tony Sarajärvi <tony.sarajarvi@qt.io> (cherry picked from commit c0fce7a3b37db53289ffd1e44c58f0bfc0601229)"
245862,qt%2Fqtquick3d~5.14~Id836ee2a549a3d924340115dadfa076e98e79ed8,https://codereview.qt-project.org/281940,10,8,0,0,657,310,2,2,30.5488888888889,417,refactoring/,refactor|,refactoring/,refactor|,Refactor QSSGEulerAngles,Refactor QSSGEulerAngles  Remove unused function for debugging. Mark all the functions as static since there is no member variable. Mark constructor/destructor as private since all the functions are static. Make all the internal enum/function/definitions private or move to cpp. Remove all the old-type casts. Remove unnecessary includes. Simplify the code a bit.  Change-Id: Id836ee2a549a3d924340115dadfa076e98e79ed8
246075,pyside%2Fpyside-setup~5.14~I7ab9df4cefa408c01324d88737d639b80b45fc48,https://codereview.qt-project.org/281147,5,7,0,0,641,97,2,2,77.5288888888889,152,refactoring/,refactor|,refactoring/,refactor|,shiboken/Doc generator: Refactor the Table class,shiboken/Doc generator: Refactor the Table class  Use QVector and no longer inherit the container.  Change-Id: I7ab9df4cefa408c01324d88737d639b80b45fc48
246124,pyside%2Fpyside-setup~5.14~I48e2a9ae5fead892c20d9729cb90d61ff5d7fb0a,https://codereview.qt-project.org/281582,5,8,0,0,691,79,3,1,20.9358333333333,341,refactoring/,refactor|,refactoring/,refactor|,shiboken: Refactor the logic deciding whether headers should be parsed,shiboken: Refactor the logic deciding whether headers should be parsed  - Use cstring and prefix by std - Split the functions into base name and comparison functions - Use a non-type template to pass the size for startsWith() - Split out visitHeader() for clarity  Task-number: PYSIDE-454 Change-Id: I48e2a9ae5fead892c20d9729cb90d61ff5d7fb0a
246125,pyside%2Fpyside-setup~5.14~I30cb08d271b56778a6964476f66602569e5c6ce5,https://codereview.qt-project.org/281581,5,9,0,0,756,27,3,2,20.9558333333333,276,refactoring/,refactor|,refactoring/,refactor|,shiboken: Refactor TypeEntry::addExtraInclude(),"shiboken: Refactor TypeEntry::addExtraInclude()  Remove the QHash<QString, bool> m_includesUsed and do a linear search for existing includes instead since the number is small and repack the members.  Task-number: PYSIDE-454 Change-Id: I30cb08d271b56778a6964476f66602569e5c6ce5"
246352,qt-extensions%2Fqthttpserver~master~Idda142fd065e9ce216e2d76c09a5b19d384df1b3,https://codereview.qt-project.org/280845,5,9,3,0,600,19,2,2,111.076111111111,241,refactoring/,refactor|,refactoring/,refactor|,Refactor access to QMetaEnum for QHttpServerRequest::Method,"Refactor access to QMetaEnum for QHttpServerRequest::Method  Replace QHttpServerRequest::staticMetaObject.indexOfEnumerator(""Method"") with QMetaEnum::fromType<QHttpServerRequest::Method>.  Change-Id: Idda142fd065e9ce216e2d76c09a5b19d384df1b3"
246848,qt%2Fqtmultimedia~wip%2Fqt6~Ibcad7e4c836ca9572dfc3d8ed17b7f1980913619,https://codereview.qt-project.org/345992,4,12,0,0,502,392,6,12,136.168055555556,369,refactoring/,refactor|,refactoring/,refactor|,Cleanup and refactor QGstAppSrc,"Cleanup and refactor QGstAppSrc  Clean up the code in QGstAppSrc. Use the new QGst* classes, and move creation of the GstAppSrc into the class by default. We still need a way to use an externally defined app src for playbin support in the audio decoder, so still allow that.  Adjust usages of the API in all places.  Change-Id: Ibcad7e4c836ca9572dfc3d8ed17b7f1980913619"
247692,pyside%2Fpyside-setup~5.14~I92ddb08e051853636d154541d805a54bdc7d3a87,https://codereview.qt-project.org/279989,5,7,1,1,774,16,2,1,47.7311111111111,271,refactoring/,refactor|,refactoring/,refactor|,shiboken: Refactor lookForEnumsInClassesNotToBeGenerated(),shiboken: Refactor lookForEnumsInClassesNotToBeGenerated()  Remove the recursion to the parent class which does not seem to have any effect. Add a comment and simplify.  Task-number: PYSIDE-990 Task-number: PYSIDE-1074 Change-Id: I92ddb08e051853636d154541d805a54bdc7d3a87
248087,qt%2Fqttools~5.15~Ifaaf02cde8b192bcac570c9d8e57c16c4b6553b2,https://codereview.qt-project.org/279572,3,15,3,1,6389,26,3,3,1.99555555555556,269,refactoring/,refactor|,refactoring/,refactor|,QAbstractFormBuilder: Refactor saving of palettes,"QAbstractFormBuilder: Refactor saving of palettes  By passing the color group QPalette::brush(), there is no more need to use QPalette::setCurrentColorGroup() and the argument to savePalette() can be made const-ref.  Change-Id: Ifaaf02cde8b192bcac570c9d8e57c16c4b6553b2"
248504,qt-apps%2Fneptune3-ui~dev~Idc282ac6bf8867daafbc2ec03bc815d6fc3b281d,https://codereview.qt-project.org/278940,4,13,1,1,420,102,6,6,25.7325,92,refactoring/,refactor|,refactoring/,refactor|,[map] refactor map controls on widgets,[map] refactor map controls on widgets  Change-Id: Idc282ac6bf8867daafbc2ec03bc815d6fc3b281d
250820,qt%2Fqtquick3d~5.14~Ic0a16d7f094ce685cfadf31ec8960f14496f69cc,https://codereview.qt-project.org/276105,4,6,0,0,527,119,2,1,0.828888888888889,516,refactoring/,refactor|,refactoring/,refactor|,Refactor OptionsManager so that we can support building with 5.12,"Refactor OptionsManager so that we can support building with 5.12  Qt Design Studio is currently built against 5.12, but is building using the 5.14 module of Qt Quick3D.  In the mean time there was no default constructor for QCommandLineOptions, so it's not possible to return a QVector of QCommandLineOption values.  So I cleaned this up a bit and just have a table to heap based QCommandLineOptions. This should work with 5.12 and greater and is a bit cleaner.  Change-Id: Ic0a16d7f094ce685cfadf31ec8960f14496f69cc"
250971,qbs%2Fqbs~master~I0439e8b3e0273593c8456d32b1c099ff09498fad,https://codereview.qt-project.org/275487,6,5,0,0,298,62,2,14,95.4427777777778,438,refactoring/,refactor|,refactoring/,refactor|,Refactor the map file generation property,"Refactor the map file generation property  1. It is makes sense to define this property once inside of CppModule, instead of duplicate it in each other module.  2. A new property name 'generateLinkerMapFile' will be better than a previous, so, we can rename this property.  3. The map file generation is not necessary to be always enabled, so, we can disable this property by default.  Change-Id: I0439e8b3e0273593c8456d32b1c099ff09498fad"
251395,qt%2Fqt5~5.13~I9930336030aa776f49dc460fe766f3e831700255,https://codereview.qt-project.org/274881,2,9,0,0,3726,84,3,1,75.8725,353,refactoring/,refactor|,refactoring/,refactor|,Refactor DownloadURL.sh,"Refactor DownloadURL.sh  Auto-detects and verifies all kinds of hashes, not only SHA1. Hash verification is now an autonomous function. If the file is found at the destination, skip redownloading it if the hash is OK. Runs on POSIX sh, not requiring bash. Retain compatibility with previous version.  Change-Id: I9930336030aa776f49dc460fe766f3e831700255"
252452,pyside%2Fpyside-setup~dev~I4efaecc8cffeff16873fa3926c3f3b731b96bc5b,https://codereview.qt-project.org/345448,4,11,0,0,748,154,4,7,46.4280555555556,87,refactoring/,refactor|,refactoring/,refactor|,Refactor class Documentation,WIP: Refactor class Documentation  Change-Id: I4efaecc8cffeff16873fa3926c3f3b731b96bc5b
252647,qt%2Fqtopcua~5.14~I3df309ea8c13cedd1ac8236fff1a0c9b06a39b1f,https://codereview.qt-project.org/274372,4,8,0,0,510,53,3,2,1.08944444444444,192,refactoring/,refactor|,refactoring/,refactor|,opcuaviewer: Refactor some code,opcuaviewer: Refactor some code  - Use static constants for the icon pixmaps - Refactor the formatting of lists not to create a list first  Change-Id: I3df309ea8c13cedd1ac8236fff1a0c9b06a39b1f
252711,qt%2Fqtwebengine~5.14~I3aab893f2f6db88928eda00d0db650150c7ccf2c,https://codereview.qt-project.org/273113,3,13,1,0,32241,94,5,2,267.358055555556,244,refactoring/,refactor|,refactoring/,refactor|,Refactor platform checks,Refactor platform checks  This simply rewrites isPlatformSupported to be easier to read.  Task-number: QTBUG-75840 Task-number: QTBUG-76606 Change-Id: I3aab893f2f6db88928eda00d0db650150c7ccf2c Reviewed-by: Jörg Bornemann <joerg.bornemann@qt.io>
252901,qt%2Fqttools~5.14~I07ae3180d075e52bae9e1ea594e404f171aa87e7,https://codereview.qt-project.org/273340,3,10,4,2,820,26,2,1,162.431666666667,261,refactoring/,refactor|,refactoring/,refactor|,Qt Designer: Refactor generateNewFormXML() helper,Qt Designer: Refactor generateNewFormXML() helper  Undo the overzealous QStringLiteral() use introduced in the early days of Qt 5. Strip the newlines and use raw strings for clarity.  Task-number: QTBUG-78138 Change-Id: I07ae3180d075e52bae9e1ea594e404f171aa87e7
253196,qt%2Fqtdeclarative~5.15~I8314f2a675211fba08b71e74eacc38076c82b1ed,https://codereview.qt-project.org/272406,4,19,0,0,93886,127,6,4,196.751388888889,116,refactoring/,refactor|,refactoring/,refactor|,Refactor QQmlValueTypeWrapper and assert on some null pointers,Refactor QQmlValueTypeWrapper and assert on some null pointers  Change-Id: I8314f2a675211fba08b71e74eacc38076c82b1ed
253477,yocto%2Fmeta-boot2qt~thud~Ib101d705a5d7e1c43ba82c969a70d2535da4c7fa,https://codereview.qt-project.org/272089,4,9,0,0,2564,266,3,10,193.07,274,refactoring/,refactor|,refactoring/,refactor|,dbus-session: refactor dbus session service,dbus-session: refactor dbus session service  Move the dbus session into new recipe and make it a proper systemd service without the legasy initd stuff. Use a fixed session address socket which can easily be added to env.  Change-Id: Ib101d705a5d7e1c43ba82c969a70d2535da4c7fa
253723,qt%2Fqtbase~5.14~I8956c6cecd7b634679eb5e66d2a87cccaf9e7936,https://codereview.qt-project.org/272564,3,9,0,0,23954,19,3,1,9.06833333333333,256,refactoring/,refactor|,refactoring/,refactor|,QtGui: Refactor parsing of the High DPI scaling env variables,QtGui: Refactor parsing of the High DPI scaling env variables  Use qEnvironmentVariable() where applicable and refactor the parsing of QT_SCREEN_SCALE_FACTORS to use QStringRef.  Task-number: QTBUG-53022 Change-Id: I8956c6cecd7b634679eb5e66d2a87cccaf9e7936
254034,qt%2Fqtwayland~5.12~Ic3ecdc87e77b0e0276afefd127ad2b965142cbd4,https://codereview.qt-project.org/271693,7,26,15,0,1779,103,5,2,72.65,822,refactoring/,refactor|,refactoring/,refactor|,Client: Refactor touch handling and fix various bugs,"Client: Refactor touch handling and fix various bugs  Rename mTouchPoints to mPendingTouchPoints, to clarify that they're the accumulated state so far, which will be applied with the wl_touch.frame event.  Fixes the following issues with the old approach:  - touchPointsReleased() only checked mTouchPoints, which was cleared on touch_frame and populated again on touch_motion and touch_down, which meant that it could return true even though there were still touch points left. Leading to the workaround for missing wl_touch.frame events on Weston being triggered to often. - Touch focus was cleared on any wl_touch.up event, not just the last one. - The order of the touch events was not stable and relied on the order of the events (QTBUG-77014).  Fixes: QTBUG-77014 Change-Id: Ic3ecdc87e77b0e0276afefd127ad2b965142cbd4"
254238,qt%2Fqt3d~wip%2Frefactor~I6c9313616587c7930560a5abd962ad73d0bfff70,https://codereview.qt-project.org/269970,4,17,4,0,1104,125,6,3,463.206111111111,114,refactoring/,refactor|,refactoring/,refactor|,Refactor Scene3D internals prior to Scene3DView introduction,Refactor Scene3D internals prior to Scene3DView introduction  Change-Id: I6c9313616587c7930560a5abd962ad73d0bfff70
254482,qt-creator%2Fqt-creator~master~I43a91f6c4237bb923c09391bbc436bd617b4512d,https://codereview.qt-project.org/271400,4,5,0,0,203,3,2,1,25.7772222222222,148,refactoring/,refactor|,refactoring/,refactor|,TextEditor: skip painting refactor markers of invisible blocks,TextEditor: skip painting refactor markers of invisible blocks  Task-number: QTCREATORBUG-21032 Change-Id: I43a91f6c4237bb923c09391bbc436bd617b4512d
254486,qt%2Fqtwebengine~wip%2Fqtpdf~I3aab893f2f6db88928eda00d0db650150c7ccf2c,https://codereview.qt-project.org/271363,4,17,5,0,1052,87,5,2,27.5072222222222,128,refactoring/,refactor|,refactoring/,refactor|,Refactor platform checks,Refactor platform checks  Task-number: QTBUG-75840 Task-number: QTBUG-76606 Change-Id: I3aab893f2f6db88928eda00d0db650150c7ccf2c
254772,qt-extensions%2Fqthttpserver~master~If9e21f7f7a58629bfedad0f10cab67d67fce0a89,https://codereview.qt-project.org/268537,5,33,13,0,22672,431,8,5,644.594444444445,400,refactoring/,refactor|,refactoring/,refactor|,QHttpServerResponder: refactor and extend the API,QHttpServerResponder: refactor and extend the API  Currently QHttpServerResponder is not flexible enough:  - Does not allow to rewrite headers  - Does not allow to write headers without storing them internaly first  - Does not provide API to make your own HTTP response  This patch will help to implement QHttpServerResponse setHeaders/addHeaders  Change-Id: If9e21f7f7a58629bfedad0f10cab67d67fce0a89
254780,qt%2Fqtknx~5.14~I688dbe79d48991da25da7d9b4c3c7e3f4135c9d6,https://codereview.qt-project.org/270729,2,20,0,0,65040,769,6,5,102.058888888889,113,refactoring/,refactor|,refactoring/,refactor|,Refactor private implementation into their own source files,Refactor private implementation into their own source files  Change-Id: I688dbe79d48991da25da7d9b4c3c7e3f4135c9d6
254821,qt-apps%2Fneptune3-ui~5.13~Iae5b2f6b1e81783e534128b98fb202ad3db0126a,https://codereview.qt-project.org/268254,5,28,20,0,4323,140,10,9,760.976388888889,128,refactoring/,refactor|,refactoring/,refactor|,[vehicle] refactor runtime change reaction,WIP [vehicle] refactor runtime change reaction  Change-Id: Iae5b2f6b1e81783e534128b98fb202ad3db0126a Task-numper: AUTOSUITE-1069
255346,qt%2Fqtbase~dev~Id7359ffc14897237ea9672dabae9ef199a821907,https://codereview.qt-project.org/268941,9,60,55,15,142601,149,20,4,336.1725,1046,refactoring/,refactor|,refactoring/,refactor|,Refactor memory allocation for arguments of QMetaCallEvents,"Refactor memory allocation for arguments of QMetaCallEvents  There are two cases:  In a BlockingQueuedConnection, QMetaCallEvent doesn't allocate memory and instead passes already existing pointers through. A QSemaphore is used to serialize data access between threads. So the constructor taking a QSemaphore can be simplified to only accept an existing arg array.  In a QueuedConnection, QMetaCallEvent needs to make deep copies of the arguments, and memory needs to be allocated based on the number of arguments. The previous code put the burden of memory allocation on the code generating the event, while the memory was free'd by ~QMetaCallEvent. Instead, make it QMetaCallEvent's responsibility to allocate the memory as needed, and adjust the code generating QMetaCallEvents.  We can allocate the memory for types and pointers to arguments in a single block, starting with the space for the array of void*, followed by the space for the array of integers to avoid byte alignment issues.  Change-Id: Id7359ffc14897237ea9672dabae9ef199a821907"
255563,qt%2Fqtbase~5.12~I7a353de521e4f4321c770fb1ac6043d33f6f332c,https://codereview.qt-project.org/211738,10,53,34,3,7355,133,10,5,15099.6588888889,389,refactoring/,refactor|,refactoring/,refactor|,Refactor lockedAlphaMapForGlyph,Refactor lockedAlphaMapForGlyph  Simply return a Glyph pointer and not a QImage to avoid allocating and deleting lots of d pointers for QImage when drawing text. Saves one new/delete pair per glyph drawn and speeds up text drawing by 10% for relatively large glyphs (probably more for smaller ones).  Renamed the method to glyphData().  Change-Id: I7a353de521e4f4321c770fb1ac6043d33f6f332c
255616,qt%2Fqtbase~dev~I47ed4a8802513aef30d97f14591c7d4716bfdbb8,https://codereview.qt-project.org/177255,5,24,1,1,32624,52,11,1,23758.7041666667,330,refactoring/,refactor|,refactoring/,refactor|,QTextDocumentLayout: Refactor pagination logic for borders,QTextDocumentLayout: Refactor pagination logic for borders  The new helper class BorderPaginator encapsulates the existing pagination logic for drawing correctly clipped borders on all pages a cell appears on.  This wll allow reuse of that logic for drawing CSS-style borders.  Change-Id: I47ed4a8802513aef30d97f14591c7d4716bfdbb8
255962,qt%2Fqtbase~wip%2Fcmake~I09fe4517fad26ec96122d9c7c777dbfbd214905c,https://codereview.qt-project.org/269324,6,12,9,0,486,329,5,3,0.949166666666667,760,refactoring/,refactor|,refactoring/,refactor|,Refactor QML_FILES for add_qml_module,"Refactor QML_FILES for add_qml_module  It has been decided, that going forward all qml files are to be added to a module via the resource system. This patch does the ground work to make sure all qml modules in the qt codebase follow these new conventions.  New porperties on targets have been added so that we cant track all the qml related information for later use.  To make sure it is still possible to install qml files we added the qt_install_qml_files() command.  Finally, this patch temporarliy disables the quick compile by moving all relevant code into a dummy function. This will be removed in a follow up patch where the quick compiler will be enable for all qml files present in resource files.  Change-Id: I09fe4517fad26ec96122d9c7c777dbfbd214905c"
256422,qt%2Fqttools~dev~Ic5a011b1b15cb3576e4101fb4875abde757dc986,https://codereview.qt-project.org/268235,7,41,23,5,20311,107,10,7,146.143611111111,142,refactoring/,refactor|,refactoring/,refactor|,QDoc: Refactor test,QDoc: Refactor test  Refactor test to make it easier to extend.  Task-number: QTBUG-71168 Change-Id: Ic5a011b1b15cb3576e4101fb4875abde757dc986
256907,qbs%2Fqbs~master~Ib4cfafa8d5ad4fe9e8ca8b06e4cfc17eafc67626,https://codereview.qt-project.org/267848,6,17,10,0,1199,105,4,13,44.2433333333333,305,refactoring/,refactor|,refactoring/,refactor|,qbs-setup-toolchains: Refactor and improve the code a bit,qbs-setup-toolchains: Refactor and improve the code a bit  * Added 'QBS_SETUPTOOLCHAINS_' prefix to all ifdef guards. * Unified the parameters order for the createXyzProfile() functions. * Used QFileInfo instead of QString as a compiler path variable.  Change-Id: Ib4cfafa8d5ad4fe9e8ca8b06e4cfc17eafc67626
257097,qt%2Fqttools~dev~I0d9db6ae7487550b904ddbc237e369362d21c5fd,https://codereview.qt-project.org/264691,3,12,1,1,1012,30,3,1,722.311666666667,316,refactoring/,refactor|,refactoring/,refactor|,Qt Designer: Refactor code setting up file dialogs for saving,Qt Designer: Refactor helper for prompting for file names to be saved to  The code was apparently written before QFileDialog::setDefaultSuffix() existed; it tried to append the suffix and do the overwrite check itself. Replace by QFileDialog::setDefaultSuffix().  Change-Id: I0d9db6ae7487550b904ddbc237e369362d21c5fd
258297,qt-creator%2Fqt-creator~4.10~Ieda049595e6483b052fcdf4ca597f6af66e5f4dc,https://codereview.qt-project.org/266792,3,10,2,0,497,1108,5,17,20.3330555555556,1208,refactoring/,refactor|,refactoring/,refactor|,QmlDesigner: Add RealSpinBox and refactor SpinBox,QmlDesigner: Add RealSpinBox and refactor SpinBox   * Transfer all changes which came up while Qt Creator integration  * Refactor states by using dedicated edit property  * Refactor alias properties  * Set SpinBox slider indicator default to false  * Add CheckBox tri-state  * Fix Menu closePolicy  * Remove some connections  * Fix TranslationIndicator  * Add new values and fix some missing scale factor multiplications  * Add new icon font  * Use MenuItem instead of Action for context menu due to shortcut issue  * Add RealSpinBox due to the following bug QDS-806  * Refactor SpinBox with findings during RealSpiBox implementation  * Fix SpinBoxIndicator enable/disable state  * Fix RealSpinBoxIndicator enable/disable with a new property called  * Make RealSpinBoxIndicator increase/decrease on release  * Add drag start/end signals  * Fix indicator behavior exiting/entering while pressing (and holding)  * Fix wheel and dragging step size for increase/decrease  * Fix reset of step size for cursor keys    realEnabled and synching between the actual property and the new one  * Fix press and hold timer  * Set decimals 0 by default (int by default)  Change-Id: Ieda049595e6483b052fcdf4ca597f6af66e5f4dc
258989,qt-labs%2Fvstools~dev~I44d7e3bb106f9103b0bfb7328a1393f75d1576d8,https://codereview.qt-project.org/265601,5,10,0,0,468,1460,5,25,43.5552777777778,78,refactoring/,refactor|,refactoring/,refactor|,Refactor Qt/MSBuild,WIP: Refactor Qt/MSBuild  Change-Id: I44d7e3bb106f9103b0bfb7328a1393f75d1576d8
259599,qt%2Fqtbase~dev~I079f5c92bae85d6246c14077db06e381b572cda5,https://codereview.qt-project.org/247334,4,14,3,0,1669,120,4,3,4616.55555555556,215,refactoring/,refactor|,refactoring/,refactor|,uic: Refactor DOM class lookup in class Driver,uic: Refactor DOM class lookup in class Driver  Change the API to take const Dom * classes and use a helper function to do the insertion.  Task-number: PYSIDE-797 Change-Id: I079f5c92bae85d6246c14077db06e381b572cda5
259651,qt%2Fqtbase~dev~I331e135b6aa58dbbd413ca151eb67b3eb92f09c6,https://codereview.qt-project.org/245484,4,40,5,0,1595,112,15,5,5099.76472222222,347,refactoring/,refactor|,refactoring/,refactor|,uic: Refactor CustomWidgetsInfo::extends(),"uic: Refactor CustomWidgetsInfo::extends()  Add a extendsOneOf() helper that takes a QStringList to be searched and simplify the code accordingly.  In WriteInitialization::acceptWidget(), move the variable CustomWidgetsInfo *cwi up and reuse everywhere to shorten code.  Task-number: PYSIDE-797 Change-Id: I331e135b6aa58dbbd413ca151eb67b3eb92f09c6"
259667,qt%2Fqtbase~dev~I42a48bd64ccc41aebf84fffd15653ffdabb0e66b,https://codereview.qt-project.org/245037,7,24,3,0,12607,115,5,1,5231.10055555556,250,refactoring/,refactor|,refactoring/,refactor|,QResource: quick refactor of registerSelf for files to support LFS,"QResource: quick refactor of registerSelf for files  Move code around, remove the check that the file existed before opening it (you can only open it if it exists), and basic 64-bit sanity checks.  Change-Id: I42a48bd64ccc41aebf84fffd15653ffdabb0e66b"
259995,qt%2Fqtbase~dev~I04d861775f3c306e6d449c5a9b423eb244e99a36,https://codereview.qt-project.org/235802,6,26,0,0,101977,665,5,1,7615.11694444444,517,refactoring/,refactor|,refactoring/,refactor|,Windows: Refactor the debug operator for the MSG message struct,"Windows: Refactor the debug operator for the MSG message struct  - Fix spelling - Use noquote - Make helpers static - Remove C-style casts - Remove Borland-specific code - Streamline code - Use QString::fromWCharArray() - Remove #ifdefery and undefined macros - Fix replicated base "" wParam(0x0x0)"" caused by formatting ""(0x%p)"" (MSVC) - Replace the flag/enum lookups with variadic arguments by extending the   lookup struct used for messages and helper functions  Change-Id: I04d861775f3c306e6d449c5a9b423eb244e99a36"
260052,qt%2Fqtbase~dev~Ifc45e538b8adf9cc076bd7aee693277829fd94dc,https://codereview.qt-project.org/235318,5,40,6,0,87056,16,7,2,7764.74,180,refactoring/,refactor|,refactoring/,refactor|,QDtls - refactor,QDtls - refactor  This patch renames several member-functions that have rather awkward names into something more conventional.  Change-Id: Ifc45e538b8adf9cc076bd7aee693277829fd94dc
260134,qt%2Fqtbase~dev~If9738cc17367452853ab8d3866fa36b5d4b57213,https://codereview.qt-project.org/234474,3,20,0,0,78736,31,2,4,8094.2525,327,refactoring/,refactor|,refactoring/,refactor|,qmake: refactor QMakeMetaInfo::findLib() interface,"qmake: refactor QMakeMetaInfo::findLib() interface  move the logic for trying different extensions to MakefileGenerator::processPrlFile(), which is the only user of that functionality. that makes findLib() rather trivial and a bit of a misnomer, so rename it to checkLib().  Change-Id: If9738cc17367452853ab8d3866fa36b5d4b57213"
260192,qt%2Fqtbase~dev~I052407b777ec43f78378fffd15302bdc34f66755,https://codereview.qt-project.org/233897,7,14,0,0,56890,96,2,3,8294.17361111111,426,refactoring/,refactor|,refactoring/,refactor|,QCborValue: refactor extended types so isTag() is true,"QCborValue: refactor extended types so isTag() is true  This makes QCborValue more future compatible, as code written today for tags that QCborValue does not recognize will continue to work if QCborValue gains support for it in the future.  This change also obviates the need for reinterpretAsTag(), which I had not written unit tests for as I knew this change was coming.  Change-Id: I052407b777ec43f78378fffd15302bdc34f66755"
260248,qt%2Fqtbase~dev~I221a6708ef7af844bd6b71a57dcbab75e1319c72,https://codereview.qt-project.org/232968,5,42,12,0,51668,19,7,4,8603.33916666667,188,refactoring/,refactor|,refactoring/,refactor|,xcb: Refactor align of xcb events,xcb: Refactor align of xcb events  Refactoring union to C++11 alignas. Also current solution do not initialize all variables in event.  Change-Id: I221a6708ef7af844bd6b71a57dcbab75e1319c72
260253,qt%2Fqtbase~dev~Iff4151c519c144d580c4fffd153a0acbfd74c2c6,https://codereview.qt-project.org/232936,5,35,7,0,7307,245,6,5,8610.17694444445,377,refactoring/,refactor|,refactoring/,refactor|,SIMD: Refactor the constants to be actual bit values,"SIMD: Refactor the constants to be actual bit values  Instead of being the bit number. This allows us to test more than one feature at a time with qCpuHasFeature. The drawback is that we won't be able to handle more than 63 different CPU features, though we're likely quite far from it (x86 currently has only 36 features).  Change-Id: Iff4151c519c144d580c4fffd153a0acbfd74c2c6"
260257,qt%2Fqtbase~dev~Ia0e97208ae78255fe811b78029ed01c204e47bd2,https://codereview.qt-project.org/232893,5,22,16,0,36600,447,4,11,8624.88083333333,1998,refactoring/,refactor|,refactoring/,refactor|,QRegularExpression: refactor pattern optimization,"QRegularExpression: refactor pattern optimization  After the move to PCRE2, optimizing patterns has ben a thorn in the side due to the fact that PCRE2's JIT compiler modifies the pattern object itself (instead of returning a new set of data, like PCRE1 did). To make this fit with the existing behaviour, a read/write lock was introduced, with the read part locking when matching and the write when compiling (or JIT-compiling) the pattern.  This locking strategy however introduced a performance issue. as we needed to acquire a write lock at every match to check if the pattern needed to be optimized. This was due to the ""lazy"" optimization policy of QRegularExpression -- optimize a pattern after a certain number of usages.  Simplify the code, and drop that policy altogether: since JIT compiling in PCRE2 is faster and pretty much ""always recommended"", just always do it for any pattern (unless it gets disabled via env variables). This allows to go back to a plain QMutex, and now matching doesn't require acquiring any locks any longer (well, except for checking whether the pattern needs recompiling in the first place; which can probably be further optimized via double-checked locking, but not doing it right now).  This shift makes a couple of pattern options controlling optimization useless, and allows to centralize the 3 QRegularExpression tests (which were actually the very same test, just setting slightly different optimizations strategies).  [ChangeLog][Important Behavior Changes][QRegularExpression] Regular expressions are now automatically optimized (including JIT compiling) on their first usage. The pattern options OptimizeOnFirstUsageOption and DontAutomaticallyOptimizeOption no longer have any effect, and will get removed in a future version of Qt.  QRegularExpression::optimize() can be still used to compile and optimize the regular expression in advance (before any match), if needed.  Task-number: QTBUG-66781 Change-Id: Ia0e97208ae78255fe811b78029ed01c204e47bd2"
260264,qt%2Fqtbase~dev~Ie718ab624d17c9186bcf05cc1276c8eccad7f454,https://codereview.qt-project.org/232800,4,8,0,0,28358,56,2,7,8649.07555555556,151,refactoring/,refactor|,refactoring/,refactor|,Tracepoints: refactor the existing tracepoint names,"Tracepoints: refactor the existing tracepoint names  Use CamelCase, like the API they're tracing.  Change-Id: Ie718ab624d17c9186bcf05cc1276c8eccad7f454"
260358,qt%2Fqtbase~dev~I0349e8a550ebd21c58d63a3ee5b1f9cfde49099f,https://codereview.qt-project.org/230101,3,10,0,0,5044,23,2,1,9301.48888888889,167,refactoring/,refactor|,refactoring/,refactor|,Windows: Refactor QFSFileEngine::link(),Windows: Refactor QFSFileEngine::link()  - Remove unneeded QT_CONFIG(library) - Use C++ casts - Introduce nullptr  Change-Id: I0349e8a550ebd21c58d63a3ee5b1f9cfde49099f
260480,qt%2Fqtbase~dev~Id03bb5c26d7dd0bb3b94f01e69935e1f3321bb95,https://codereview.qt-project.org/227101,8,13,0,0,1174,101,3,2,10082.4327777778,293,refactoring/,refactor|,refactoring/,refactor|,Cocoa Menus: Refactor QCocoaMenuItem::sync(),"Cocoa Menus: Refactor QCocoaMenuItem::sync()  And move some logic into detectMenuRole(), where it belongs.  This refactoring will enable fixes for the issues below.  Change-Id: Id03bb5c26d7dd0bb3b94f01e69935e1f3321bb95 Task-number: QTBUG-17291 Task-number: QTBUG-30812 Task-number: QTBUG-38705"
260500,qt%2Fqtbase~dev~I454e3fe8fe0bb663b2f319d6fa2fa8aec626c50d,https://codereview.qt-project.org/226449,7,139,96,0,76927,41,26,2,10166.7119444444,339,refactoring/,refactor|,refactoring/,refactor|,QRegularExpression: refactor wildcard translation,QRegularExpression: refactor wildcard translation  This patch refactors the wildcardToRegularExpression method to generate a simpler regular expression. It also fixes some shortcomings of the previous implementation.  Tests have been updated to ensure all cases are properly supported.  Change-Id: I454e3fe8fe0bb663b2f319d6fa2fa8aec626c50d
260536,qt%2Fqtbase~dev~I0054bcaffd7525dac569f54fa81f73b7e4544b2e,https://codereview.qt-project.org/225528,6,89,49,0,38260,315,17,6,10353.4266666667,580,refactoring/,refactor|,refactoring/,refactor|,Refactor wildcard support in QRegularExpression,Refactor wildcard support in QRegularExpression  The originally API proposed was flawed in the sense that the setter function would use a modified version of the parameter given which would have make it a black box for the user. This patch fixes that by removing that setter and providing a static method that will return the pattern suitably modified to be used by QRegularExpression the same way the escape method does.  [ChangeLog][Core][QReguarExpression] Implemented support for wildcard patterns through a static method.  Change-Id: I0054bcaffd7525dac569f54fa81f73b7e4544b2e
260638,qt%2Fqtbase~dev~I6ed1141d7064a4ea2717d36ec0bb2dceea857d46,https://codereview.qt-project.org/223057,5,25,0,0,51697,41,4,2,10998.45,239,refactoring/,refactor|,refactoring/,refactor|,Windows QPA: Refactor the tablet code,Windows QPA: Refactor the tablet code  - Port to C++ 11:   - Use member initialization for QWindowsTabletDeviceData   - Use nullptr - Fix the debug operator for QWindowsTabletDeviceData  Change-Id: I6ed1141d7064a4ea2717d36ec0bb2dceea857d46
260738,qt%2Fqtbase~dev~I9117c9633f81aba8bdff235ce64884c489fdc9f7,https://codereview.qt-project.org/218973,3,54,9,0,238764,120,6,1,11867.8416666667,420,refactoring/,refactor|,refactoring/,refactor|,tests: Refactor cleanup tst_QMenu::QTBUG47515_widgetActionEnterLeave,"tests: Refactor cleanup tst_QMenu::QTBUG47515_widgetActionEnterLeave  Add a main window, based on the observation that the original bug report was about a typical main window. The mainwindow typically has the mouse grabbed when clicking to open a menu and all mouse events go to it. Mimick that in the test by sending the mouse events to it.  Task-number: QTBUG-63031 Change-Id: I9117c9633f81aba8bdff235ce64884c489fdc9f7"
260797,qt%2Fqtbase~dev~Ib5a5dfb66ce481b493b85b915aa8c785ecb6b387,https://codereview.qt-project.org/217312,6,22,6,0,103032,81,2,1,12275.5911111111,379,refactoring/,refactor|,refactoring/,refactor|,QTestlib/selftests: Refactor the code printing output differences,"QTestlib/selftests: Refactor the code printing output differences  Use qInfo() instead of qDebug() in case QDebug is turned off.  If the 'diff' tool is available, write the output to temporary files and run diff on it. Otherwise, print the lines as was before, but onto one stream to avoid indentation by the testlib handler.  Change-Id: Ib5a5dfb66ce481b493b85b915aa8c785ecb6b387"
260949,qt%2Fqtbase~dev~Ibb555a6e6be53550f30c159c3ad611d55e2a767a,https://codereview.qt-project.org/215404,6,11,2,0,3057,94,3,1,12799.1044444444,243,refactoring/,refactor|,refactoring/,refactor|,Refactor QPPDOptionsModel a bit,Refactor QPPDOptionsModel a bit  Make the members private and add getters Make some other functions also private Move setCupsOptionsFromItems from QPrintPropertiesDialog to QPPDOptionsModel  Change-Id: Ibb555a6e6be53550f30c159c3ad611d55e2a767a
260966,qt%2Fqtbase~dev~Ic99841c4e04a3afcff0950f72abf12977850f6d3,https://codereview.qt-project.org/215219,7,11,3,0,32267,44,2,1,12965.4027777778,222,refactoring/,refactor|,refactoring/,refactor|,CUPS: Refactor the code a bit,CUPS: Refactor the code a bit  Move the selected and selDescription members to a subclass of QOptionTreeItem since it's only ever used for Option type nodes of the tree  Change-Id: Ic99841c4e04a3afcff0950f72abf12977850f6d3
260982,qt%2Fqtbase~dev~I70c6d204b2357365db4dafeda680132ab6823ca3,https://codereview.qt-project.org/214952,4,11,1,0,1786,116,3,2,13016.2708333333,407,refactoring/,refactor|,refactoring/,refactor|,Refactor QXcbKeyboard::updateModifiers(),Refactor QXcbKeyboard::updateModifiers()  The current implementation is poorly documented and hides the mapping between keysyms and modifier bits. This changeset adds documentation about the inner workings and makes the keysym/modifier bit mapping reusable. (The latter will be needed for xkb keymap synthesis if the XKEYBOARD extension is unavailable.)  Change-Id: I70c6d204b2357365db4dafeda680132ab6823ca3
260996,qt%2Fqtbase~dev~Ieed709644db991e10077d5be5d5a59f16f4fc3a8,https://codereview.qt-project.org/214609,5,19,0,0,4193,246,4,3,13110.9188888889,263,refactoring/,refactor|,refactoring/,refactor|,Refactor cursor & selection handles,Refactor cursor & selection handles  - turn CursorHandleShowMode in a QFlag for better control - add ScopedValueChangeBack which is useful to control m_blockUpdateSelection - implement longPress word selection  Change-Id: Ieed709644db991e10077d5be5d5a59f16f4fc3a8
261187,qt%2Fqtbase~dev~Ia78fd4ad6097136934ab5a375f4c352713d0f115,https://codereview.qt-project.org/209323,10,103,8,0,241810,159,6,2,14361.4886111111,493,refactoring/,refactor|,refactoring/,refactor|,tst_qfileinfo: Refactor ntfsJunctionPointsAndSymlinks(),tst_qfileinfo: Refactor ntfsJunctionPointsAndSymlinks()  Move the creation of the symbolic link/junction from the _data() slot into the actual test function. The parameters are passed by a newly introduced struct. This ensures only the symbolic links/junctions that are actually needed are created. It can then no longer happen that filtering for one data row invokes recursive deletion of the mountpoint junction.  Task-number: QTBUG-63989 Change-Id: Ia78fd4ad6097136934ab5a375f4c352713d0f115
262054,qt%2Fqtwebengine~5.13~Ie448b14c9b063db45c99406bc491d92f3d61cb15,https://codereview.qt-project.org/263410,3,12,0,0,2804,31,4,1,193.253888888889,158,refactoring/,refactor|,refactoring/,refactor|,Refactor tst_QWebEngineDownloadItem::downloadPathValidation(),Refactor tst_QWebEngineDownloadItem::downloadPathValidation()  Set temporary download path with new API.  Change-Id: Ie448b14c9b063db45c99406bc491d92f3d61cb15
262817,qt-apps%2Fneptune3-ui~5.13~I9811b871f4f49e0944d2acafff6d1dafed66fa96,https://codereview.qt-project.org/263093,4,13,3,1,628,236,6,11,18.9008333333333,136,refactoring/,refactor|,refactoring/,refactor|,[monitor] refactor network status,[monitor] refactor network status  Fixes: AUTOSUITE-799  Task-number: AUTOSUITE-799 Change-Id: I9811b871f4f49e0944d2acafff6d1dafed66fa96
263872,qt%2Fqtbase~master~I99195b3c7273316cfa9c46e451924bbcfddd11a9,https://codereview.qt-project.org/6256,5,35,24,0,4304,1260,9,17,66766.1763888889,90,refactoring/,refactor|,refactoring/,refactor|,Refactor QAccessibleActionInterface.,Refactor QAccessibleActionInterface.  Change-Id: I99195b3c7273316cfa9c46e451924bbcfddd11a9
264510,qt%2Fqtivi~dev~I10d8e9fd34afb05443d8ebdeb225385178e9b88f,https://codereview.qt-project.org/260010,4,20,37,0,891,845,7,16,221.901944444444,192,refactoring/,refactor|,refactoring/,refactor|,Refactor the QIviSearchAndBrowseModelInterface,Refactor the QIviSearchAndBrowseModelInterface  The refactoring is needed to better support async backends e.g. QtRO.  Change-Id: I10d8e9fd34afb05443d8ebdeb225385178e9b88f Fixes: AUTOSUITE-928
264519,qt%2Fqtconnectivity~dev~Iebaeab7d0c5e672efebab8218debdec761353633,https://codereview.qt-project.org/259830,4,30,56,0,2186,276,9,5,293.582777777778,1008,refactoring/,refactor|,refactoring/,refactor|,IO/CoreBluetooth - refactor the code a bit,"IO/CoreBluetooth - refactor the code a bit  ... to simplify later code de-duplication. In this patch we: - Introduce a new header containing forward declarations for   the Objective-C classes we use in the platform-specific   back-end (both Qt's Obj-C classes and for Apple's framework(s)).   This header can be included in a *.cpp file, so we can now   re-use shared implementations (for public classes). - Introduce a new RAII classes, that work with Objective-C   instances but with a header, that can be included into the   cpp files, thus making it possible to share *_p.h files with   all back-ends.  I'm also switching to a new naming convention, which will later propagate to pre-existing code - given files are already in a sub-directory 'osx', having a prefix 'osxbt' in the name is excessive. Now it's becoming 'bt' (include ""osx/btsomething.h""). Later 'osx' dir is to be renamed into 'darwin', which it is these days.  Task-number: QTBUG-75348 Change-Id: Iebaeab7d0c5e672efebab8218debdec761353633"
264554,qt-creator%2Fqt-creator~master~Ia74783e47aff92467d696d471760b5a97bca3d7a,https://codereview.qt-project.org/261058,5,5,1,0,220,811,3,46,0.421944444444445,381,refactoring/,refactor|,refactoring/,refactor|,bare-metal: Refactor the plugin code a bit more,bare-metal: Refactor the plugin code a bit more  * An include files and forward declarations are sorted in an   alphabetical order. * Used the 'final' keywords for the methods and classes which   not should be overriden. * Used the 'auto' and 'explicit' keywords more. * A class members are initialized in an initializier list.  Change-Id: Ia74783e47aff92467d696d471760b5a97bca3d7a
264707,qt-apps%2Fneptune3-ui~dev~Iaf2c2e5ac42ed43078257dd7b269ce4b712be778,https://codereview.qt-project.org/260825,3,3,0,0,103,36,2,6,17.9438888888889,126,refactoring/,refactor|,refactoring/,refactor|,[sysui] refactor app window activation from widget and background states,[sysui] refactor app window activation from widget and background states  Change-Id: Iaf2c2e5ac42ed43078257dd7b269ce4b712be778
264848,pyside%2Fpyside-setup~5.12~I68f52c2cbf1a589fd31c9c73919365176c56932e,https://codereview.qt-project.org/260149,5,12,2,0,1965,56,5,3,81.4597222222222,309,refactoring/,refactor|,refactoring/,refactor|,shiboken: Refactor code generating multiple inheritance,"shiboken: Refactor code generating multiple inheritance  - Remove the check function hasMultipleInheritanceInAncestry(),   which is nearly identical to getMultipleInheritingClass(). - Modernize the generated code to use C++ casts, uintptr_t and streamline  Change-Id: I68f52c2cbf1a589fd31c9c73919365176c56932e"
265122,pyside%2Fpyside-setup~5.12~I92b4ef2854b824fbba3d371417edc1f88561a2cb,https://codereview.qt-project.org/259735,5,13,0,0,1014,146,5,6,125.901111111111,326,refactoring/,refactor|,refactoring/,refactor|,shiboken: Refactor progress message output handling,shiboken: Refactor progress handler  Replace the step counting in the report handler by a simple pair of startProgress()/endProgress() functions that check for warnings and print the appropriate terminator.  Add a few more messages and give proper names to the generators.  Change-Id: I92b4ef2854b824fbba3d371417edc1f88561a2cb
265157,qt%2Fqtbase~5.12~I9ba9679869db1541a19bc832beede902224c52f2,https://codereview.qt-project.org/260057,5,4,0,0,540,50,2,2,20.6105555555556,272,refactoring/,refactor|,refactoring/,refactor|,Refactor QMetaObject::activate tracepoints,"Refactor QMetaObject::activate tracepoints  Use Q_TRACE_SCOPE and the corresponding naming scheme. Additionally, don't change the behavior of the code when tracing is enabled, i.e. continue to return early if possible.  Change-Id: I9ba9679869db1541a19bc832beede902224c52f2"
265360,qt-creator%2Fqt-creator~master~Iecf11e62eb842c9d455d9238939244496f6b66f4,https://codereview.qt-project.org/258988,3,9,4,0,260,644,4,17,268.022777777778,217,refactoring/,refactor|,refactoring/,refactor|,AutoTest: Refactor TestResult,AutoTest: Refactor TestResult  * use enum class * remove superfluous enum value * remove superfluous subclass * remove superfluous constructors * simplify handling  Change-Id: Iecf11e62eb842c9d455d9238939244496f6b66f4
265620,qt-creator%2Fqt-creator~master~Ie34a646df34e336591c124093a15e90307ac88ec,https://codereview.qt-project.org/258728,3,3,0,0,96,62,2,6,305.177222222222,139,refactoring/,refactor|,refactoring/,refactor|,Clang: Refactor fetchPrecompiledHeader,Clang: Refactor fetchPrecompiledHeader  We don't need the other information any more.  Change-Id: Ie34a646df34e336591c124093a15e90307ac88ec
265987,qt%2Fqtbase~dev~Ie6c47745b118d75c0bb2c9eea7d52c8f0377f1a6,https://codereview.qt-project.org/249539,4,31,13,0,4411,106,9,1,2233.71277777778,233,refactoring/,refactor|,refactoring/,refactor|,uic: Refactor WriteInitialization::writeIconProperties() and add Python,WIP: uic: Refactor WriteInitialization::writeIconProperties() and add Python  Unfold the function with returns to reduce nesting and add language handling.  Task-number: PYSIDE-797 Change-Id: Ie6c47745b118d75c0bb2c9eea7d52c8f0377f1a6
266083,pyside%2Fpyside-setup~5.12~I9a06ff49d19f93fbc0aefc573544debeb813ef20,https://codereview.qt-project.org/258708,5,4,0,0,557,60,2,2,8.48638888888889,291,refactoring/,refactor|,refactoring/,refactor|,shiboken: Refactor CodeModel::findItem(),"shiboken: Refactor CodeModel::findItem()  Rewrite it to use a recursion, preparing for having several namespaces of the same name in the scope. Change the scope parameter to be of the ScopeModelItem type to avoid unnessary pointer casts.  Change-Id: I9a06ff49d19f93fbc0aefc573544debeb813ef20"
266164,pyside%2Fpyside-setup~5.12~I0519b18126ba828a00aff6e4455c45f682928ca9,https://codereview.qt-project.org/258568,5,19,4,0,2169,12,5,1,21.0363888888889,176,refactoring/,refactor|,refactoring/,refactor|,shiboken/meta builder: Refactor type resolution parseQ_Property(),shiboken/meta builder: Refactor type resolution parseQ_Property()  Use a list instead of splitting and joining repeatedly.  Change-Id: I0519b18126ba828a00aff6e4455c45f682928ca9
266413,qt%2Fqtbase~5.12~I22966cb8d1f5bca0bbca71cf3ebe66e4ede1a747,https://codereview.qt-project.org/258047,5,15,4,0,1462,79,5,1,50.5822222222222,316,refactoring/,refactor|,refactoring/,refactor|,Windows QPA/File dialog: Refactor code copying non-file shell items,Windows QPA/File dialog: Refactor code copying non-file shell items  Remove the canCopy() check which is not required and pass up the error message. Remove special characters and use the base name of the display name which can be an URL.  Task-number: QTBUG-71785 Change-Id: I22966cb8d1f5bca0bbca71cf3ebe66e4ede1a747
266443,qt%2Fqtbase~dev~I0f82945b6b334da8524882dda2f104327eba79d4,https://codereview.qt-project.org/245486,4,59,2,0,8979,339,18,4,3409.87416666667,250,refactoring/,refactor|,refactoring/,refactor|,uic: Refactor string constant formatting,"uic: Refactor string constant formatting  Refactor the fixString() helper, moving the code into a streamable class using a helper which can be used for different encodings.  Task-number: PYSIDE-797 Change-Id: I0f82945b6b334da8524882dda2f104327eba79d4"
266671,qt%2Fqtdeclarative~dev~Iec19664862bfbbf9a6c582dac441dda26eec57db,https://codereview.qt-project.org/257099,3,22,6,0,1182,251,9,6,171.733333333333,118,refactoring/,refactor|,refactoring/,refactor|,Refactor QQuickMultiPointHandler into public and private classes,Refactor QQuickmultiPointHandler into public and private classes  Change-Id: Iec19664862bfbbf9a6c582dac441dda26eec57db
266672,qt%2Fqtdeclarative~dev~I42851789787b8da96618d82227b34c53ace15e9b,https://codereview.qt-project.org/255962,3,14,0,0,963,63,7,3,433.800833333333,190,refactoring/,refactor|,refactoring/,refactor|,Refactor transform code in pinchhandler to a separate function,Refactor transform code in pinchhandler to a separate function  This is needed in order for the wheel handler to have the same behavior.  Change-Id: I42851789787b8da96618d82227b34c53ace15e9b
266683,qt%2Fqtbase~dev~I34058361964719c442182faf798f055f11b40412,https://codereview.qt-project.org/250028,4,11,0,0,1835,66,3,3,1848.57166666667,532,refactoring/,refactor|,refactoring/,refactor|,uic: Refactor reverse name lookup,uic: Refactor reverse name lookup  Add a helper routine to lookup the dom classes by attribute name and change Driver::widgetByName() and Driver::actionByName() to use that as does Driver::actionGroupByName() (all these functions are called with names from the XML files).  Remove the name normalization in WriteInitialization::findDeclaration() and refactor WriteInitialization::acceptActionRef() to call findOrInsert() to correctly use the unique name.  Task-number: PYSIDE-797 Change-Id: I34058361964719c442182faf798f055f11b40412
266815,pyside%2Fpyside-setup~5.12~Ia17bf6e109576bac029fb016e5e11309777d0735,https://codereview.qt-project.org/257380,6,12,0,0,1098,120,5,6,100.128055555556,621,refactoring/,refactor|,refactoring/,refactor|,shiboken: Refactor AbstractMetaBuilder::classesTopologicalSorted(),"shiboken: Refactor AbstractMetaBuilder::classesTopologicalSorted()  Change the function parameter to be a list always, making the logic of the inner classes clearer.  In the implementation, use a of QHash<AbstractMetaClass*, int> instead of hashing by name, which makes it possible to disambiguate namespaces extended in modules.  This also allows for a drastic simplification of the code trying to determine the dependency given by parameter default values. Instead of trying to match by name, correctly qualifying it, the matching can be done by TypeEntry pointers.  Change-Id: Ia17bf6e109576bac029fb016e5e11309777d0735"
267113,pyside%2Fpyside-setup~5.12~I818f7a23902f1c9c1ce3cdad3d37dc18403006dd,https://codereview.qt-project.org/257236,5,6,0,0,497,37,3,2,21.5913888888889,234,refactoring/,refactor|,refactoring/,refactor|,shiboken: Refactor code declaring and calling the type init functions,shiboken: Refactor code declaring and calling the type init functions  Introduce a function for determining the init function name and simplify the code writing the module wrapper.  Change-Id: I818f7a23902f1c9c1ce3cdad3d37dc18403006dd
268297,qt-creator%2Fqt-creator~master~Iecdc6f6345232fc0f0a08bffaf8f1780edb57201,https://codereview.qt-project.org/255429,3,4,1,0,121,190,2,9,18.1761111111111,365,refactoring/,refactor|,refactoring/,refactor|,ProjectExplorer: Refactor KitManager::registerKit(),"ProjectExplorer: Refactor KitManager::registerKit()  The interface of this function was rather unfortunate. In particluar, the fact that it took ownership of the std::unique_ptr that was passed in required some weird boiler plate code at all the calling sites. Instead, it now becomes a proper factory function.  Change-Id: Iecdc6f6345232fc0f0a08bffaf8f1780edb57201"
268983,pyside%2Fpyside-setup~dev~I86b37ae1c4a92f96508a03f5dbcfb6dc56014382,https://codereview.qt-project.org/342947,5,20,0,0,3241,71,3,3,172.710277777778,353,refactoring/,refactor|,refactoring/,refactor|,shiboken6: Refactor handling of the brief class documentation,"shiboken6: Refactor handling of the brief class documentation  Move the extraction of the brief text from the QtDocGenerator to the QtDocParser and store the  brief text in class Documentation, allowing for later extraction. The handling for qdoc and doxygen should then be consistent.  Pick-to: 5.15 Change-Id: I86b37ae1c4a92f96508a03f5dbcfb6dc56014382"
269441,qt%2Fqtivi~dev~Ife3664e174d0d6697337ea1c48a1e9423b38b755,https://codereview.qt-project.org/254527,3,8,4,0,1237,60,3,3,1.17972222222222,366,refactoring/,refactor|,refactoring/,refactor|,ivigenerator: Refactor the qtro_backend implementation,"ivigenerator: Refactor the qtro_backend implementation  Move the replica connection to the constructor and make sure the initialize() function emits valueChanged functions only when the replica is already initialized, otherwise it relies on the replica to emit the changes when it's done initialising the values.  Change-Id: Ife3664e174d0d6697337ea1c48a1e9423b38b755"
269921,qt-creator%2Fqt-creator~4.9~I33e118e567dee7db622bbc99e6a7c500db54e5c5,https://codereview.qt-project.org/253770,3,3,0,0,96,636,2,4,15.305,130,refactoring/,refactor|,refactoring/,refactor|,ClangFormat: Refactor code,"ClangFormat: Refactor code  Reorder some functions, remove code duplication.  Change-Id: I33e118e567dee7db622bbc99e6a7c500db54e5c5"
270170,qt%2Fqtwayland~5.13~I747a47ffff01b7b5f6a0ede3552ab37884c4fa60,https://codereview.qt-project.org/247934,5,44,3,0,6503,558,9,12,1578.11972222222,1501,refactoring/,refactor|,refactoring/,refactor|,Client: Refactor cursors and fix various bugs,"Client: Refactor cursors and fix various bugs  This patch is mostly a cleanup to prepare for implementations of xcursor-configuration, but also fixes a couple of issues.  Most of the logic has now been moved out of QWaylandDisplay and QWaylandCursor and into QWaylandInputDevice and QWaylandInputDevice::Pointer. QWaylandDisplay now only contains mechanisms for avoiding loading the same theme multiple times.  There is now only one setCursor method on QWaylandInputDevice, accepting a QCursor and storing its values so changing scale factor doesn't require calling setCursor again. QWaylandInputDevice::Pointer::updateCursor() is called instead.  Cursor buffer scale is now set according to enter/leave events of the cursor surface itself instead of the current window, this fixes incorrect buffer scales for cursors on windows that span multiple outputs. The window buffer scale can still be passed into the seat as a fallback until the first enter event is received.  This also fixes a bug where the QWaylandBuffer of a bitmap cursor could be deleted while it was being used as a cursor.  [ChangeLog][QPA plugin] Fixed a bug where the DPI of bitmap cursors were not sent to the compositor, leading to the compositor incorrectly scaling the cursor up or down.  [ChangeLog][QPA plugin] Fixed a bug where bitmap cursor hotspots were off when the screen scale factor was different from the bitmap cursor device pixel ratio.  Task-number: QTBUG-68571 Change-Id: I747a47ffff01b7b5f6a0ede3552ab37884c4fa60"
271967,qt-creator%2Fqt-creator~master~I81d5ea099bd27fd1c1ed8b5b7877299dcc62a67f,https://codereview.qt-project.org/250066,5,49,15,0,11265,841,14,46,145.165,283,refactoring/,refactor|,refactoring/,refactor|,ClangFormat: Refactor indenter to allow ClangFormat unit-tests,ClangFormat: Refactor indenter to allow ClangFormat unit-tests  We do not build texteditor files in unit-tests so some tricks were required to make ClangFormatIndenter available.  First simple unit-test proofs it builds and runs.  Change-Id: I81d5ea099bd27fd1c1ed8b5b7877299dcc62a67f
272116,qt%2Fqtrepotools~master~I6719e490a4ad78da70e9db0ce8016b0db2ea3ed5,https://codereview.qt-project.org/250265,5,7,0,0,453,47,3,1,17.1452777777778,198,refactoring/,refactor|,refactoring/,refactor|,qt5_tool: Refactor config file reading,qt5_tool: Refactor config file reading  The tool opened the file for each branch-specific key and each key.  Store the values in a hash instead.  Change-Id: I6719e490a4ad78da70e9db0ce8016b0db2ea3ed5
272411,pyside%2Fpyside-setup~5.12~I36a1a218d003035f23ab9f8d31c7a993379e23c2,https://codereview.qt-project.org/249775,6,11,2,0,1752,86,3,2,46.1461111111111,303,refactoring/,refactor|,refactoring/,refactor|,shiboken: Refactor formatting of the PyType_Slot array in writeClassDefinition(),"shiboken: Refactor formatting of the PyType_Slot array in writeClassDefinition()  Change the tp_func handling such that """" means nullptr and introduce a formatter class for the entries to use nullptr and change the C-style casts to reinterpret_cast.  Change-Id: I36a1a218d003035f23ab9f8d31c7a993379e23c2"
272810,pyside%2Fpyside-setup~5.12~I2bc4b258f254d36a1a22f68336c285e64df0aca1,https://codereview.qt-project.org/249118,6,10,0,0,1344,52,2,2,71.2525,251,refactoring/,refactor|,refactoring/,refactor|,shiboken: Refactor code generating the assignment of cppSelf,shiboken: Refactor code generating the assignment of cppSelf  The code was needlessly convoluted and generated ugly C-style casts for wrapper classes. Factor out a function to write the assignment.  Change-Id: I2bc4b258f254d36a1a22f68336c285e64df0aca1
273324,qt%2Fqtconnectivity~5.12~I090e4cc2e0e747211aae8ec91c4e0ff4a53f570b,https://codereview.qt-project.org/248177,3,6,0,0,1380,99,2,5,94.7202777777778,412,refactoring/,refactor|,refactoring/,refactor|,GCD timer - refactor and fix warnings,"GCD timer - refactor and fix warnings  1. We move the logic 'object we are watching after and the query's type' into the GCD timer, since we'll need several timers in osxbtcentralmanager (and after all it's not a timer really, it's 'a timeout watchdog' more like. 2. Move i-vars into the implementation to suppress compiler warnings.  Task-number: QTBUG-72487 Change-Id: I090e4cc2e0e747211aae8ec91c4e0ff4a53f570b"
273424,qt%2Fqtbase~wip%2Fcmake~Ib14c030ef6d2e988aaaebca354cf1a6881e05e25,https://codereview.qt-project.org/248201,7,7,4,0,253,42,3,1,18.8058333333333,97,refactoring/,refactor|,refactoring/,refactor|,CMake: Refactor qt module name related code,CMake: Refactor qt module name related code  Change-Id: Ib14c030ef6d2e988aaaebca354cf1a6881e05e25
273467,qt%2Fqtbase~5.12~I65c8d7620f01107f8f59c96896b1a641d97f5fdc,https://codereview.qt-project.org/247049,5,19,0,0,86993,234,5,1,311.071111111111,322,refactoring/,refactor|,refactoring/,refactor|,Refactor tst_QAbstractSlider::keyPressed(),"WIP: Refactor tst_QAbstractSlider::keyPressed()  Don't do several tests at once in the test function. Instead, move the extra tests to the data function. This makes it possible to easily add a self-contained test (i.e row) for an upcoming fix.  Task-number: QTBUG-25988 Change-Id: I65c8d7620f01107f8f59c96896b1a641d97f5fdc"
273776,qt%2Fqtbase~5.12~Idd0c85a4e7b64f9c9c7dfffd156c5b7d76cf657b,https://codereview.qt-project.org/247078,6,16,1,0,94563,7,2,1,143.391388888889,192,refactoring/,refactor|,refactoring/,refactor|,QSettings: quick refactor for readability,"QSettings: quick refactor for readability  Helps with debugging the code too, as you can follow what's on the file with the ""ch"" variable.  Change-Id: Idd0c85a4e7b64f9c9c7dfffd156c5b7d76cf657b"
273837,qt%2Fqtdeclarative~dev~Idf861ce4286e24cecd81f802032243b467950c5e,https://codereview.qt-project.org/224328,3,17,9,0,798,374,6,4,6206.1625,167,refactoring/,refactor|,refactoring/,refactor|,Refactor QQuickSinglePointHandler into public and private classes,Refactor QQuickSinglePointHandler into public and private classes  It will be supported C++ API from 5.12 onward.  Change-Id: Idf861ce4286e24cecd81f802032243b467950c5e
274514,qt%2Fqtremoteobjects~5.12~I0906c6705bc61352a115f7b714efef0acafcc600,https://codereview.qt-project.org/343686,4,12,5,0,1628,160,4,2,3.79222222222222,262,refactoring/,refactor|,refactoring/,refactor|,Refactor the TestModelView test,Refactor the TestModelView test  Refactored the test cases for row insertion and removal. Removed the code duplication and simplified the logic for waiting for signals from the model.  Task-number: QTBUG-90688 Change-Id: I0906c6705bc61352a115f7b714efef0acafcc600
274583,qt%2Fqtremoteobjects~dev~I0906c6705bc61352a115f7b714efef0acafcc600,https://codereview.qt-project.org/340806,4,7,0,0,1332,231,2,2,526.612222222222,262,refactoring/,refactor|,refactoring/,refactor|,Refactor the TestModelView test,Refactor the TestModelView test  Refactored the test cases for row insertion and removal. Removed the code duplication and simplified the logic for waiting for signals from the model.  Task-number: QTBUG-90688 Change-Id: I0906c6705bc61352a115f7b714efef0acafcc600
274713,pyside%2Fpyside-setup~5.12~I765beb2d09600e78abd314cbb394cd106ec22f03,https://codereview.qt-project.org/243581,6,14,4,0,4586,59,2,1,891.531111111111,394,refactoring/,refactor|,refactoring/,refactor|,libpyside: Refactor MetaObjectBuilderPrivate::parsePythonType(),"libpyside: Refactor MetaObjectBuilderPrivate::parsePythonType()  - Use std::vector to collect the base types. Append the type   first to avoid reshuffling when prepending. - Add properties immediately instead of storing in the 2nd   loop as signals are already added. - Clang tidy: Use range based for, auto, nullptr  Task-number: PYSIDE-784 Change-Id: I765beb2d09600e78abd314cbb394cd106ec22f03"
276692,qt%2Fqtivi~dev~I0bed939e5cdf8fbce9a09ebf1647b58ba8506428,https://codereview.qt-project.org/243806,4,12,4,0,33403,316,3,6,92.1352777777778,507,refactoring/,refactor|,refactoring/,refactor|,Refactor the simulation_backend for zoned interfaces,Refactor the simulation_backend for zoned interfaces  The backend now provides all properties as Q_PROPERTY independent on whether they are zoned or not. In addition all properties can also be part of a zone. All zones are provided to the QIviSimulationEngine using the zones property.  Removed all boundary checks from the autogenerated C++ code. These will be added later again as part of the autogenerated QML code instead.  Task-number: AUTOSUITE-629 Change-Id: I0bed939e5cdf8fbce9a09ebf1647b58ba8506428
276866,qt-apps%2Fneptune3-ui~dev~I120a5995d25bccb613f62028c70f078e3a224c35,https://codereview.qt-project.org/243499,3,10,2,0,270,116,4,5,27.4744444444444,755,refactoring/,refactor|,refactoring/,refactor|,[style] Refactor Button.customBackgroundColor,"Refactor Button.customBackgroundColor  - Avoids adding new API to Button - Is explicit since you want also to change opacity and color behaviors. So   you get what you say in the code, without hidden side effects - Is more flexible as you can override any behavior for background color,   opacity, etc without affecting the Button API. It's all about the background   not the Button itself. Exploit modularity. - If the custom colored background button turns out to be a thing, we could   then create a ColoredButtonBackground to avoid copy-pasting the new   behavior everywhere (helping with consistency). But while that doesn't   happen, reusing ButtonBackground suffices.  Task-number: AUTOSUITE-674 Change-Id: I120a5995d25bccb613f62028c70f078e3a224c35"
277007,installer-framework%2Finstaller-framework~master~I30cf1599ecb06a633719622427855a57696d5987,https://codereview.qt-project.org/243378,5,7,2,0,288,970,4,5,22.8980555555556,199,refactoring/,refactor|,refactoring/,refactor|,Refactor component selection page,Refactor component selection page  Component selection page has a lot of widgets compared to other pages so moved the implementation to own file.  Change-Id: I30cf1599ecb06a633719622427855a57696d5987
277114,qt-extensions%2Fqthttpserver~master~I11e7100dd5f25d6c02bef28f4c53ce3acc257390,https://codereview.qt-project.org/243297,3,3,0,0,108,28,2,2,42.8163888888889,93,refactoring/,refactor|,refactoring/,refactor|,Refactor QAbstractHttpServer::servers(),Refactor QAbstractHttpServer::servers()  Change-Id: I11e7100dd5f25d6c02bef28f4c53ce3acc257390
277363,qt%2Fqttools~dev~I821f110a92187b767f25bd2911889386c3c1e74a,https://codereview.qt-project.org/242020,3,14,3,0,1258,37,4,1,265.433611111111,109,refactoring/,refactor|,refactoring/,refactor|,Refactor content widget internals to mimic index widget,Refactor content widget internals to mimic index widget  Change-Id: I821f110a92187b767f25bd2911889386c3c1e74a
277580,qt%2Fqttools~dev~I08b7eb02f1e3cf6e9ad33dc24322886ca2dc2fcd,https://codereview.qt-project.org/242416,6,21,0,0,6856,574,6,4,34.6275,110,refactoring/,refactor|,refactoring/,refactor|,QDoc: Refactor command line parser class out of main.cpp,QDoc: Refactor command line parser class out of main.cpp  Change-Id: I08b7eb02f1e3cf6e9ad33dc24322886ca2dc2fcd
277633,qt3dstudio%2Fqt3dstudio~wip%2Fruntime2~I08c3bc22dc1e3ad45c9a90675af782e2406f4619,https://codereview.qt-project.org/242150,10,23,25,0,1903,3359,5,4,91.5752777777778,168,refactoring/,refactor|,refactoring/,refactor|,Refactor translators,Refactor translators  Move scene object translators to separate file from Q3DSTranslation.  Task-number: QT3DS-1833 Change-Id: I08c3bc22dc1e3ad45c9a90675af782e2406f4619
277694,qt3dstudio%2Fqt3dstudio~master~I2f7b38331772e507d0744ac58e75402c6a4dd002,https://codereview.qt-project.org/242114,9,18,2,0,797,48,6,1,72.6961111111111,79,refactoring/,refactor|,refactoring/,refactor|,Refactor material property writing,Refactor property writing  Change-Id: I2f7b38331772e507d0744ac58e75402c6a4dd002
277747,qt3dstudio%2Fqt3dstudio~master~I2269a7adfeb9917ed5fa2be11e0356ef58b0d8f6,https://codereview.qt-project.org/242148,6,10,0,0,1979,218,2,3,43.575,549,refactoring/,refactor|,refactoring/,refactor|,Refactor mouse handling in project palette,"Refactor mouse handling in project palette  Due to regression QTBUG-70999, mouse responsiveness on project palette was severely hampered. Refactored the mouse handling code to get rid of a need for the hacky doubleclick timer to improve things a bit, but it's still missing the first click after a double click. We can't fix that in our code.  Also fixed an issue about opening the edit dialog for presentation id and prevented trying to drag presentations that do not have id.  Change-Id: I2269a7adfeb9917ed5fa2be11e0356ef58b0d8f6 Fixes: QT3DS-2450"
277842,qt-creator%2Fqt-creator~master~Idc0df32e6efe6d8618f556619fa956aded568119,https://codereview.qt-project.org/242091,3,5,5,0,235,491,3,9,24.0080555555556,166,refactoring/,refactor|,refactoring/,refactor|,ModelEditor: Refactor ComponentViewController,ModelEditor: Refactor ComponentViewController  Move some generic code into seperate controllers for later reuse.  Change-Id: Idc0df32e6efe6d8618f556619fa956aded568119
278197,qt%2Fqtwebsockets~5.12~I2db744696fe88ca03f55897016d9d38e302f820b,https://codereview.qt-project.org/240753,5,26,19,0,2778,246,8,2,174.9675,167,refactoring/,refactor|,refactoring/,refactor|,wasm: refactor and convert from EM_ASM,wasm: refactor and convert from EM_ASM  This also has the benefit that binary data is no longer global accessible  Change-Id: I2db744696fe88ca03f55897016d9d38e302f820b
278299,pyside%2Fpyside-setup~dev~I205cad1f90bc26511ea6b6e9b76ddb1bae544cf1,https://codereview.qt-project.org/241354,5,4,0,0,559,83,2,7,4.51083333333333,310,refactoring/,refactor|,refactoring/,refactor|,shiboken: Refactor finding of enums,"shiboken: Refactor finding of enums  In the AbstractMetaBuilder, change the list of enums into a QHash with the type entry as key since that is mostly used for searching. Streamline and simplify the search functionality accordingly.  Task-number: PYSIDE-817 Change-Id: I205cad1f90bc26511ea6b6e9b76ddb1bae544cf1"
278380,qt%2Fqtdeclarative~5.12~Id4ec5509ac1a1361e2170bbfc2347b89b520c782,https://codereview.qt-project.org/240767,4,18,0,0,59805,171,2,11,74.4175,248,refactoring/,refactor|,refactoring/,refactor|,Refactor InternalClass::find(),Refactor InternalClass::find()  Specialize find() into several methods for different purposes. Prepares for further cleanups and being able to split up getter and setter for accessor properties.  Change-Id: Id4ec5509ac1a1361e2170bbfc2347b89b520c782
278385,qt%2Fqtdeclarative~5.12~I1bada697486e3cafce7689bae87b7f884200dd99,https://codereview.qt-project.org/240545,4,24,0,0,65621,55,4,4,166.8875,357,refactoring/,refactor|,refactoring/,refactor|,Refactor deletion of properties,"Refactor deletion of properties  Allow entries with a valid PropertyKey, but invalid attributes in the InternalClass. Those entries mark a deleted property.  This cleans up/unifies some of the code in the internal class implementation and allows re-using the slot if a deleted property gets added again.  Change-Id: I1bada697486e3cafce7689bae87b7f884200dd99"
278543,qt%2Fqtivi~dev~Idf3deecbeda753f6fe61ec023044f1a096aa4736,https://codereview.qt-project.org/238935,3,4,0,0,572,24,2,2,483.569722222222,368,refactoring/,refactor|,refactoring/,refactor|,Refactor the backend() method in the autogenerated interface classes,"Refactor the backend() method in the autogenerated interface classes  Previously we used some old-style casts. These has been replaced by reinterpret_casts. To get rid of some more casts which where all over the place, a new backend() function is now generated which does the cast to the interface class only once.  Change-Id: Idf3deecbeda753f6fe61ec023044f1a096aa4736"
278848,pyside%2Fpyside-setup~dev~I5e3ef6df753679ec111a5f0d1b75305bd5cf1c0c,https://codereview.qt-project.org/240426,6,17,17,0,2173,183,5,2,5.37944444444444,1035,refactoring/,refactor|,refactoring/,refactor|,libshikoken: Refactor the Visitor class hierarchy,"libshikoken: Refactor the Visitor class hierarchy  Implementing the deleteInMainThread feature requires being able to collect a list of destructors and potentially storing it. This requires splitting out the actual deallocation/destructor calls from the DtorCallerVisitor and DeallocVisitor classes.  Since this is the only use of the virtual HierarchyVisitor::done() method (and it does not really belong to the visitor pattern), remove it.  Change the void visit() method into a bool from which true can be returned to terminate. The finish()/wasFinished() methods can then also be removed from HierarchyVisitor and the code simplified accordingly.  Replace the DtorCallerVisitor and DeallocVisitor classes by DtorAccumulatorVisitor that collects a list of DestructorEntry structs containing destructor function and C++ instance.  Polish the code a bit, use member initialization, add override, move implementations to source and some spacing for clarity.  Task-number: PYSIDE-810 Change-Id: I5e3ef6df753679ec111a5f0d1b75305bd5cf1c0c"
278897,pyside%2Fpyside-setup~dev~I9b137858f81396f8243f2d1be5277e6a38be4c84,https://codereview.qt-project.org/240198,6,11,0,0,3002,134,3,2,26.4811111111111,320,refactoring/,refactor|,refactoring/,refactor|,shiboken: Refactor code for querying functions of AbstractMetaClass,shiboken: Refactor code for querying functions of AbstractMetaClass  Move the checking code to a static method taking an AbstractMetaFunction and add static methods operating on a list. This makes it possible to implement checks without constructing temporary lists.  Change-Id: I9b137858f81396f8243f2d1be5277e6a38be4c84
279251,pyside%2Fpyside-setup~dev~I5ce2bed43001780553048d8af0addaba2b22410b,https://codereview.qt-project.org/239703,6,19,1,0,8715,130,4,4,23.2241666666667,882,refactoring/,refactor|,refactoring/,refactor|,shiboken: Refactor Generator::minimalConstructor(AbstractMetaClass),"shiboken: Refactor Generator::minimalConstructor(AbstractMetaClass)  Add some convenience functions returning the status of default expressions to AbstractMetaArgument.  Rewrite the function to only insert suitable candidates into an ordered multimap instead of looping twice over all candidates. Extend the check for default constructible by also checking whether the first argument has an unmodified default value.  This unearthed a bug in the old algorithm trying to find the maximum number of arguments: When no candidates were found, maxArgs was left at 0, which caused it to assume default constructible. This triggered for the QMatrixNxN classes inheriting QGenericMatrix<int, int, Type> with (unsupported) non-type template parameters. For these, the default constructor needs to be specified now.  Task-number: PYSIDE-62 Change-Id: I5ce2bed43001780553048d8af0addaba2b22410b"
279391,qt%2Fqtdeclarative~5.12~I8789f53b7d3377f6607fbc94e8475af5f14f2301,https://codereview.qt-project.org/239433,4,13,0,0,4424,115,3,1,34.3247222222222,230,refactoring/,refactor|,refactoring/,refactor|,Refactor SharedIngternalClassData,"Refactor SharedIngternalClassData  Prepare it to be able to specialize the private class for the property keys, to be able to improve performance of InternalClass::markObject()  Change-Id: I8789f53b7d3377f6607fbc94e8475af5f14f2301"
280458,qt-creator%2Fqt-creator~4.7~I7cbce7db2a22a7cb327965b9b7918eb46266b260,https://codereview.qt-project.org/237579,3,16,12,0,577,176,6,64,332.616388888889,102,refactoring/,refactor|,refactoring/,refactor|,Squish: Refactor starting Qt Creator from Squish,Squish: Refactor starting Qt Creator from Squish  Change-Id: I7cbce7db2a22a7cb327965b9b7918eb46266b260
281135,qt%2Fqtbase~5.12~Ic504b91325993dcd6099c99e125e7ed8ff1d7672,https://codereview.qt-project.org/237573,6,47,4,0,107284,85,7,1,52.3144444444444,603,refactoring/,refactor|,refactoring/,refactor|,Refactor tst_QFiledialog::clearLineEdit(),"Refactor tst_QFiledialog::clearLineEdit()  The suffered some shortcomings: - Flakyness due to not waiting for the file dialog list   to be populated. - It assumed that the hardcoded directory name   ____aaaa always would show first in the list. This may   not be true on Windows, where names like .designer show above - On failure, the test directory would leak.  To fix this, use QTemporaryDir and introduce predicates that can be used to check whether the dialog has been populated and the right file/directory is selected by pressing cursor down.  Change-Id: Ic504b91325993dcd6099c99e125e7ed8ff1d7672"
281393,qt%2Fqtrepotools~master~Ic2eae23ed10594f7adab7f5980852294252923d9,https://codereview.qt-project.org/237306,4,3,0,0,96,9,2,1,20.0661111111111,162,refactoring/,refactor|,refactoring/,refactor|,sanitizer: slightly refactor initialization of $eof_check,sanitizer: slightly refactor initialization of $eof_check  ... so it's more consistent with the other flags.  Change-Id: Ic2eae23ed10594f7adab7f5980852294252923d9
282279,pyside%2Fpyside-setup~dev~I3183087fb42b22a2189c17b94eaafdb4c1151f0e,https://codereview.qt-project.org/235901,5,10,0,0,752,151,5,4,28.6641666666667,573,refactoring/,refactor|,refactoring/,refactor|,shiboken: Refactor code involved in inheriting template classes,"shiboken: Refactor code involved in inheriting template classes  - Add a helper template to conveniently search for a MetaClass by name   and convenience function to search in lists. - Remove parameter bool *ok from   AbstractMetaBuilderPrivate::inheritTemplateType() and check on returned   pointer instead. - In the inheritTemplate* functions, use QScopedPointer to ensure result   is deleted on failure. - Search for a shadowing function first before creating the copy   in inheritTemplate().  Task-number: PYSIDE-725 Change-Id: I3183087fb42b22a2189c17b94eaafdb4c1151f0e"
282378,qt-creator%2Fqt-creator~4.7~I29e5956ea3279cdb1d6da61bf5b461666de436bc,https://codereview.qt-project.org/235293,3,33,29,0,1216,235,9,17,183.091666666667,323,refactoring/,refactor|,refactoring/,refactor|,Squish: Refactor selecting configured Kits in project,Squish: Refactor selecting configured Kits in project  The design of the Projects mode several times. We wrote lots of workarounds to keep even more old code alive because we never had the time for a proper refactoring. This time is now.  Task-number: QTCREATORBUG-20265 Change-Id: I29e5956ea3279cdb1d6da61bf5b461666de436bc
282467,qt%2Fqttools~dev~I5dfc5a9ebc791dbd2e13a9cbde72f77c3e2c6104,https://codereview.qt-project.org/235725,3,11,6,0,12152,97,3,2,4.88777777777778,275,refactoring/,refactor|,refactoring/,refactor|,Qt Designer: Refactor WidgetFactory::isPassiveInteractor(),Qt Designer: Refactor WidgetFactory::isPassiveInteractor()  Factor out a helper routine to check on the widget so that the caching pattern becomes clearer. Change the heap-allocated QPointer<QWidget> to a static variable.  Change-Id: I5dfc5a9ebc791dbd2e13a9cbde72f77c3e2c6104
282497,qt%2Fqttools~dev~Ib0bced9166cb6050e48195851abd6cb2b5109537,https://codereview.qt-project.org/235660,3,6,0,0,1815,15,2,2,9.54055555555556,286,refactoring/,refactor|,refactoring/,refactor|,Qt Designer: Refactor FormWindowManager::getUnsortedLayoutsToBeBroken(),"Qt Designer: Refactor FormWindowManager::getUnsortedLayoutsToBeBroken()  Change the return type from a QMap<QWidget *,bool> to a QSet<QWidget *> to fix a clang-tidy warning that a QHash should be used. The bool is redundant, though.  Change-Id: Ib0bced9166cb6050e48195851abd6cb2b5109537"
282636,pyside%2Fpyside-setup~dev~I5217207a3a7fb60823ccbcbf0915bf6cf21a3e4d,https://codereview.qt-project.org/234768,5,26,1,0,1164,159,5,4,291.758055555556,311,refactoring/,refactor|,refactoring/,refactor|,libshiboken: Refactor loops,libshiboken: Refactor loops  Avoid repeated invocation of container.end() in the loop condition by either assigning to a variable or use range-based-for where possible. Use auto for iterators to allow for changing the container type.  Task-number: PYSIDE-727 Change-Id: I5217207a3a7fb60823ccbcbf0915bf6cf21a3e4d
282808,qt%2Fqttools~dev~I52a2d7e8252d346f6d697889e796c76f114a56f2,https://codereview.qt-project.org/235239,3,9,2,0,605,34,3,1,2.52222222222222,304,refactoring/,refactor|,refactoring/,refactor|,QUiLoader: Refactor QAbstractFormBuilder::applyTabStops(),QUiLoader: Refactor QAbstractFormBuilder::applyTabStops()  Collect all widgets before applying the order and bail out if one cannot be found. The algorithm cannot do any meaningful if one is missing. Change the loop applying the order to a one-liner.  Change-Id: I52a2d7e8252d346f6d697889e796c76f114a56f2
283105,pyside%2Fpyside-setup~dev~I10234f2ddfff13ee7e0ee67f9aee118a088e5ab8,https://codereview.qt-project.org/234192,5,35,0,0,1362,373,17,4,230.353333333333,100,refactoring/,refactor|,refactoring/,refactor|,shiboken: Refactor attribute enumeration lookups in parser,shiboken: Refactor attribute lookups in parser  Change-Id: I10234f2ddfff13ee7e0ee67f9aee118a088e5ab8
283249,pyside%2Fpyside-setup~dev~I9bc844172a81244f729d87a3d4262545e6433904,https://codereview.qt-project.org/233472,6,49,4,0,8000,220,7,1,454.702777777778,178,refactoring/,refactor|,refactoring/,refactor|,shiboken: Refactor command line arguments handling,WIP: shiboken: Refactor command line arguments handling  Replace class ArgsHandler by plain QMap handling.  TODO: breaks sth  Change-Id: I9bc844172a81244f729d87a3d4262545e6433904
283269,qt%2Fqtbase~wip%2Fwebassembly~I78a3ad5e16fbb1046eedf2056583c022f7a27d5b,https://codereview.qt-project.org/233685,4,14,9,0,753,1202,5,69,384.905833333333,133,refactoring/,refactor|,refactoring/,refactor|,"wasm: rename platform, refactor files and other things","wasm: rename platform, refactor files and other things  Task-number: QTBUG-69168 Change-Id: I78a3ad5e16fbb1046eedf2056583c022f7a27d5b"
283368,qt%2Fqt5~5.9~I18e5f8f5d92cff5af2335cc5ac4cf571d27224ac,https://codereview.qt-project.org/231333,5,16,2,0,18360,100,3,1,915.533888888889,209,refactoring/,refactor|,refactoring/,refactor|,Provisioning: refactor squish install,Provisioning: refactor squish install  Change-Id: I18e5f8f5d92cff5af2335cc5ac4cf571d27224ac Reviewed-by: Heikki Halmet <heikki.halmet@qt.io> (cherry picked from commit de4e9c2169aac41db10fdff1503ad645f0a4a72a)
283771,qt%2Fqtdeclarative~dev~Ib4f7eceeb5f55d98dd6ccf2584d13a3b864caea1,https://codereview.qt-project.org/233588,3,18,6,0,5779,214,6,7,111.043333333333,244,refactoring/,refactor|,refactoring/,refactor|,Refactor initialization code for JS stack frames,"Refactor initialization code for JS stack frames  Move code into qv4stackframe_p.h, so that it can be re-used from different places. Clean up VME::exec and the generatorfunctions using this.  Change-Id: Ib4f7eceeb5f55d98dd6ccf2584d13a3b864caea1"
283875,qt%2Fqtremoteobjects~dev~Ie2a436132df2f4c7a2503a67b4f8fc2b9e18ef4e,https://codereview.qt-project.org/233186,4,12,9,0,747,217,5,5,120.815555555556,265,refactoring/,refactor|,refactoring/,refactor|,Refactor connection factories to shared base class,"Refactor connection factories to shared base class  There was a lot of duplicate code, and having a common base class makes it easier to extend (in future changesets) to support connections made outside of QtRO.  Change-Id: Ie2a436132df2f4c7a2503a67b4f8fc2b9e18ef4e"
284129,qt%2Fqtremoteobjects~dev~If61d144ae39a29b0c5f7145a7f27055b5d25cc48,https://codereview.qt-project.org/233185,4,10,0,0,62782,593,3,1,24.6594444444444,430,refactoring/,refactor|,refactoring/,refactor|,Refactor integration tests,"Refactor integration tests  This is a refactoring only, it doesn't change the tests (except for two minor fixes), but the refactoring will help in adding support for SSL (in future changesets).  The two minor fixes were to 1) Not call connectToNode in persistRestoreTest (there is no Host in this    test) 2) Not call enableRemoting twice on the same object in namedObjectTest  Change-Id: If61d144ae39a29b0c5f7145a7f27055b5d25cc48"
284281,qt3dstudio%2Fqt3d-runtime~master~Ie2a014778a1f05c916243f6c5d3299801fc43293,https://codereview.qt-project.org/232818,4,15,9,0,910,705,5,3,72.3613888888889,180,refactoring/,refactor|,refactoring/,refactor|,Refactor animation handling,Refactor animation handling  Simplify the communication and mapping between animating values by using the new property system.  Change-Id: Ie2a014778a1f05c916243f6c5d3299801fc43293
284454,qt%2Fqtapplicationmanager~dev~Ic0ba80f20da66c5f3d674f83853ec59226c4fc0c,https://codereview.qt-project.org/232352,3,12,10,0,673,783,5,15,145.992222222222,518,refactoring/,refactor|,refactoring/,refactor|,Refactor and improve single-process mode (QML inprocess),Refactor and improve single-process mode (QML inprocess)  * Remove duplicated code around window property getters and setters * Clarify ownership of InProcessSurfaceItem * Make the single-process API closer to the multi-process one    - FakeApplicationManagerWindow now inherits from QObject instead      of QQuickItem    - It's now possible to animate the disappearance of a window      in single-process mode (when client sets its visible property      to false)  Change-Id: Ic0ba80f20da66c5f3d674f83853ec59226c4fc0c
285037,qt%2Fqtdeclarative~dev~Ib94142827373d6894b508718f58e9f5e61e8c8e1,https://codereview.qt-project.org/230902,7,28,1,0,87808,31,3,1,246.143333333333,315,refactoring/,refactor|,refactoring/,refactor|,QQmlDelegateModelPrivate: refactor release(),"QQmlDelegateModelPrivate: refactor release()  Change the structure a bit, so it becomes a little less nested, and to make some ""clean"" space for the patch that handles recycling if items, which will add an extra section into this function in a subsequent patch.  Change-Id: Ib94142827373d6894b508718f58e9f5e61e8c8e1"
285749,qt%2Fqtlocation~5.11~Ib63f7bbedad51844c12b532f8d80988227e2f121,https://codereview.qt-project.org/231304,3,10,10,0,678,89,4,2,69.2691666666667,212,refactoring/,refactor|,refactoring/,refactor|,Refactor QLocationUtils NMEA support,Refactor QLocationUtils NMEA support  Introduced an enum with currently supported NMEA sentences. NMEA sentence detection factored out in a separate function.  Change-Id: Ib63f7bbedad51844c12b532f8d80988227e2f121
285778,qt3dstudio%2Fqt3dstudio~master~I264a5e68bd703eccaa5cb9fcad8e8f1b4b04cc5a,https://codereview.qt-project.org/231512,5,5,0,0,557,101,2,4,21.3902777777778,231,refactoring/,refactor|,refactoring/,refactor|,Refactor action state updates,"Refactor action state updates  Refactored action state updates to be done properly via events, so that we don't need to call binding from RowTree::paint.  Task-number: QT3DS-1850 Change-Id: I264a5e68bd703eccaa5cb9fcad8e8f1b4b04cc5a"
285779,qt3dstudio%2Fqt3dstudio~master~I0477c1feebbb4c4e6d26f13a220dbe8c0d64044f,https://codereview.qt-project.org/231562,5,5,0,0,557,29,2,5,19.2625,243,refactoring/,refactor|,refactoring/,refactor|,Refactor dynamic keyframe updates,"Refactor dynamic keyframe updates  Refactored dynamic keyframe updates to be done properly via events, so that we don't need to call binding from RowTimeline::paint.  Task-number: QT3DS-1850 Change-Id: I0477c1feebbb4c4e6d26f13a220dbe8c0d64044f"
285954,pyside%2Fpyside-setup~5.11~I7baa695fe4100e15b108e4eb7df15c6af7db2cbe,https://codereview.qt-project.org/231256,3,13,3,0,650,30,6,3,65.6355555555556,89,refactoring/,refactor|,refactoring/,refactor|,Refactor accepted CI configurations,Refactor accepted CI configurations  Change-Id: I7baa695fe4100e15b108e4eb7df15c6af7db2cbe
286098,qt%2Fqttools~dev~I49f592c631ccc6182d1dae742985c7b2bb15c81b,https://codereview.qt-project.org/230832,3,15,15,0,12299,2341,5,10,51.5338888888889,2339,refactoring/,refactor|,refactoring/,refactor|,qdoc: Refactor section construction and processing,"qdoc: Refactor section construction and processing  This update adds two classes called Section and Sections. These classes replace the FastSection and Section structs that used to be in codemarker.h, and they also replace the section building functions that used to be in codemarker.cpp and cppcodemarker.cpp.  Basically, the two structs FastSection and Section are combined into the single new class Section. FastSection was used to collect all the members for a section in a map with the node names as the keys and the nodes as the values. This allowed the names to be sorted as the map is built. When completed, themap was used to build the Section, where the map keys were copied to a list in the Section, and the map values were copied to another list. The values in these lists were already sorted.  Then the Section structs were copied into a list of Sections and the list was returned. The code was becomming too messy to maintain and impossible to use for implementing custom sections for QTBUG-45725.  Now the new class Section combines the deleted structs FastSection and Section. The procedure for building an instance of class Section is much the same as the old procedure for building a struct FastSection and then using the FastSection to build a struct Section. In the old procedure, 4 separate passes over all the child nodes of a class were required to build the FastSections and Sections for the Summay lists, the Details lists, the All Members list, and the Obsolete members lists. In the new procedure, only a single pass is required. This single pass is the purpose for the other new class Sections, which manages several static instances of QVector<Section>. All the required Section objects are built at the same time, and the never have to be copied. When the docs for a class, namespace, etc have been written, each Section is cleared but not deleted. The static instances of QVector<Section> are kept in their constructed state.  I thought this would speed up qdoc some, because there is much less allocating and deallocating of objects, but it seems to have actually slowed down a bit, and I can't see why. But the code is a lot simpler and reusable for the custom sections proposal, so I will continue with it and hopefully find the cause of the slowdown.  Change-Id: I49f592c631ccc6182d1dae742985c7b2bb15c81b"
286100,qt%2Fqttools~dev~I950a78aa31c6b5f206854efa16363b992e9bfea5,https://codereview.qt-project.org/227429,3,36,37,0,13669,2370,14,13,891.975277777778,918,refactoring/,refactor|,refactoring/,refactor|,qdoc: Refactor section construction,"qdoc: WIP Refactor section construction  qdoc outputs a standard list of sections for C++ classes, namespaces, header files, etc, and for QML types. The code for constructing the lists of section data structures was include in the CodeMarker class hierarchy, but it should not have been located there because it doesn't have anything to do with documentation markup. The result was that the CodeMarker classes (CodeMarker & CppCodeMarker) contained many member functions that should have been isolated in separate classes.  This update creates those separate classes and refactors CodeMarker and CppCodeMarker by removing the classes used for creating the lists of sections into a separate Sections class.This refactoring not only makes the code cleaner, it also enables implementation of the custom sections idea described in QTBUG-45725.  Change-Id: I950a78aa31c6b5f206854efa16363b992e9bfea5 Task-number: QTBUG-45725"
286842,qt%2Fqtdeclarative~dev~I8330cdda27e131a5f93723d4cf4c53a9f7630434,https://codereview.qt-project.org/223695,4,27,14,0,28952,225,6,5,1538.61027777778,190,refactoring/,refactor|,refactoring/,refactor|,Refactor QQuickPointerHandler: add private implementation class,WIP refactor QQuickPointerHandler into public and private classes  Follow the usual pattern in preparation for making this class public.  Change-Id: I8330cdda27e131a5f93723d4cf4c53a9f7630434
286993,qt3dstudio%2Fqt3d-runtime~2.0~I5cee4ee24a670faf0245d9fda4ad2a7a66734851,https://codereview.qt-project.org/229623,2,4,0,0,956,147,2,7,42.1891666666667,330,refactoring/,refactor|,refactoring/,refactor|,Refactor handleSlideChange in the scene manager,"Refactor handleSlideChange in the scene manager  Move the relevant code to the slide player, as the implementation details belongs there. Also, updating the properties are now done in-place and without extra heap alloctions, which should make the code more performant as well.  Change-Id: I5cee4ee24a670faf0245d9fda4ad2a7a66734851"
287092,qt3dstudio%2Fqt3dstudio~2.0~Ida11b6b48c0809f7a80c361e8f9dd811ca3f5d0f,https://codereview.qt-project.org/229441,5,9,2,0,669,155,3,7,23.8897222222222,249,refactoring/,refactor|,refactoring/,refactor|,Refactor row moving,"Refactor row moving  Use RearrangeRows instead of just moving a row based on index. This way we don't need to deal with row indexes at all, reducing risks related to calculating them incorrectly.  Change-Id: Ida11b6b48c0809f7a80c361e8f9dd811ca3f5d0f"
287094,qt-creator%2Fqt-creator~master~I43d7cce859cbc14da77272685a6f8d2350b41bb7,https://codereview.qt-project.org/213004,6,48,3,0,2329,207,18,1,4027.91277777778,100,refactoring/,refactor|,refactoring/,refactor|,Refactor the highlight scrollbar painting,WIP: Refactor the highlight scrollbar painting  Change-Id: I43d7cce859cbc14da77272685a6f8d2350b41bb7
287185,qt%2Fqtbase~5.11~Ib48364abee9f464c96c6fffd152e474b39e1f293,https://codereview.qt-project.org/229116,3,8,0,0,2852,70,2,1,48.9394444444445,762,refactoring/,refactor|,refactoring/,refactor|,ucstrncmp: refactor with 32- and 8-byte loads,"ucstrncmp: refactor with 32- and 8-byte loads  First of all, this removes the UB that used to try and calculate the distance between the two strings. That's a valid technique in assembly, but dangerous in C++ and totally unnecessary. The compiler is perfectly able to generate loops with a single induction variable all on its own.  Second, this commit makes the main loop use 32-byte comparisons (16 characters at a time), which is a reasonable size for strings. We use AVX2 if that's available, or an unrolled pair of 16-byte loads otherwise. After the existing 16-byte comparison, this commit inserts an 8-byte (4-character) comparison and then reduces the final, unrolled comparison to just 3 characters.  Change-Id: Ib48364abee9f464c96c6fffd152e474b39e1f293"
287285,qt%2Fqtdeclarative~dev~I8cc497c54b0d044bd3c68a5a1b774eea8b2740ef,https://codereview.qt-project.org/229234,3,8,2,0,1220,51,3,9,8.07444444444444,286,refactoring/,refactor|,refactoring/,refactor|,Refactor InteratorNext instruction,"Refactor InteratorNext instruction  The instruction now writes the value into a stack slot, and returns the done state in the accumulator. This should make it easier to implement the IteratorClose functionality required by the spec.  Change-Id: I8cc497c54b0d044bd3c68a5a1b774eea8b2740ef"
287810,pyside%2Fpyside-setup~5.9~I2e9a8cd80df93a77f3c6c9f8593243b35eeeb56e,https://codereview.qt-project.org/228369,5,15,6,0,833,87,6,2,75.4758333333333,397,refactoring/,refactor|,refactoring/,refactor|,QtXmlToSphinx: Refactor link handling,"WIP: QtXmlToSphinx: Refactor link handling  Add enumerations and flags to the QtXmlToSphinx::LinkContext structure, replacing the strings. Move the formatting to QtXmlToSphinx::handleLinkEnd() for clarity. Add the 'External' type for external pages.  TODO: handle bold/italic..but presumably did not work before either.  Task-number: PYSIDE-363 Change-Id: I2e9a8cd80df93a77f3c6c9f8593243b35eeeb56e"
288055,qt-creator%2Fqt-creator~master~I3f3337be1049b1c35bfa783c5840fd49d1952806,https://codereview.qt-project.org/225980,4,13,2,0,344,82,6,5,505.033333333333,92,refactoring/,refactor|,refactoring/,refactor|,QmlDesigner: Refactor adding resources,QmlDesigner: Refactor adding resources  Change-Id: I3f3337be1049b1c35bfa783c5840fd49d1952806
288103,qt%2Fqtdeclarative~dev~Idf3d3c12cf348a2c3da01989c26c8529ceb36c12,https://codereview.qt-project.org/224711,3,45,1,0,76137,404,20,6,846.682222222222,121,refactoring/,refactor|,refactoring/,refactor|,Refactor variable resolving,WIP: refactor variable resolving  Prepare things for block scoping.  Change-Id: Idf3d3c12cf348a2c3da01989c26c8529ceb36c12
288171,pyside%2Fpyside-setup~5.9~I45eb33ed60deed82912262a99551436c538eee22,https://codereview.qt-project.org/227936,6,8,0,0,957,44,3,2,48.0322222222222,195,refactoring/,refactor|,refactoring/,refactor|,QtXmlToSphinx: Refactor label handling,QtXmlToSphinx: Refactor label handling  Add utility functions to remove invalid characters and a helper for streaming  Task-number: PYSIDE-363 Change-Id: I45eb33ed60deed82912262a99551436c538eee22
289752,qt-apps%2Fneptune3-ui~5.11~I99dea8538c2e41f49b7e9a3503c2a1aaf5b3b8bd,https://codereview.qt-project.org/225804,3,5,0,0,172,19,2,1,22.5675,328,refactoring/,refactor|,refactoring/,refactor|,[sysui] Refactor ApplicationWidget.widgetState code in WidgetGrid,[sysui] Refactor ApplicationWidget.widgetState code in WidgetGrid  * Make it declarative * Don't touch windowState in WidgetGrid as it's the responsibility of a   binding inside ApplicationWidget to do so and its value is derived   from widgetState.Shouldn't be set directly  Change-Id: I99dea8538c2e41f49b7e9a3503c2a1aaf5b3b8bd
289878,qt%2Fqtquickcontrols2~dev~I45c28d6902ae3cdf36f25dae60272dbc47a04f16,https://codereview.qt-project.org/225716,3,9,2,0,31819,140,2,3,19.105,242,refactoring/,refactor|,refactoring/,refactor|,QQuickMenuBar: refactor content size calculation,"QQuickMenuBar: refactor content size calculation  Align with the other containers to make it easier to eventually promote contentWidth and contentHeight to the base class, QQuickContainer.  Change-Id: I45c28d6902ae3cdf36f25dae60272dbc47a04f16"
290442,qt-apps%2Fneptune3-ui~5.10~I3732f4f35467a1a5e2f88d8a80e623e1031d69ad,https://codereview.qt-project.org/224821,3,8,0,0,307,889,3,58,119.546111111111,303,refactoring/,refactor|,refactoring/,refactor|,[mapapp] Refactor the application,"[mapapp] Refactor the application  - rename to map application instead, since we dropped HERE map completely   there is no need to use qtlocation map anymore to avoid any confusion. - clean-up left logics from the MapView and move them to the store.  Change-Id: I3732f4f35467a1a5e2f88d8a80e623e1031d69ad"
290958,qt%2Fqtbase~dev~I0105523afd95995923bd20fc963d245bbb15d34d,https://codereview.qt-project.org/339222,9,32,15,2,7759,175,5,3,483.053888888889,684,refactoring/,refactor|,refactoring/,refactor|,Refactor qt_internal_add_plugin() and qt6_add_plugin(),Refactor qt_internal_add_plugin() and qt6_add_plugin()  Remove code duplication by calling qt6_add_plugin() from qt_internal_add_plugin().  Separate out the public and internal arguments for the variables defined in QtBuild.cmake for these functions. This allows other Qt repos to access the appropriate set of keywords where they define commands that forward on to *_add_plugin() in their implementations. Retain the old variables for now to simplify the integration steps for updating other repos. The old variables can be removed once there are no more references left to them in any repo.  Task-number: QTBUG-88763 Pick-to: 6.1 Change-Id: I0105523afd95995923bd20fc963d245bbb15d34d
290990,qt%2Fqtmultimedia~wip%2Fqt6~Ie6fe901f35989c5076eedaea4edf3b8c4d3f35f4,https://codereview.qt-project.org/339897,3,9,4,0,608,534,4,8,419.22,469,refactoring/,refactor|,refactoring/,refactor|,Further refactor the video sink implementation on macOS/iOS.,"Further refactor the video sink implementation on macOS/iOS.  Make sure we can deliver both SW buffers, textures and render onto native surfaces.  As we need different implementations for the player and capture pipelines, AVFVideoSink is now acting as a proxy to the class doing the actual rendering.  Fold the windowed mode handling into the AVFVideoRenderer class and use it when rendering windowed or fullscreen.  Change-Id: Ie6fe901f35989c5076eedaea4edf3b8c4d3f35f4"
291152,qt-apps%2Fneptune3-ui~5.10~I350d66179e6fe1281f075c91d4548af02f38a177,https://codereview.qt-project.org/224315,2,15,8,0,661,692,6,23,111.415277777778,139,refactoring/,refactor|,refactoring/,refactor|,[mapapp] Refactor the application to use the new architecture,[mapapp] Refactor the application to use the new architecture  Task-number: QTAUTO-883 Change-Id: I350d66179e6fe1281f075c91d4548af02f38a177
291192,qt-apps%2Fneptune3-ui~5.10~Id4e085e795d4fa5e06d790000b225a81111af014,https://codereview.qt-project.org/224407,3,10,0,0,287,52,5,2,71.6666666666667,244,refactoring/,refactor|,refactoring/,refactor|,[sysui] Refactor NeptunePopup animations,[sysui] Refactor NeptunePopup animations  Get rid of openLeft() and redundant or repeated animation code. Also replaced the affected Style.*span() code with the NeptuneStyle.dp() equivalent.  Change-Id: Id4e085e795d4fa5e06d790000b225a81111af014
291267,qt%2Fqtlocation~5.11~I33ef572cb85ebbb446ee9ff0a1359abbe55c3dfa,https://codereview.qt-project.org/224313,4,9,2,0,579,257,3,2,22.065,200,refactoring/,refactor|,refactoring/,refactor|,Refactor input handling code,"Refactor input handling code  Fix coding style in map gesture area, and move all input handling code in the same section in qdeclarativegeomap.cpp  Change-Id: I33ef572cb85ebbb446ee9ff0a1359abbe55c3dfa"
291332,qt%2Fqtbase~5.11~I915906b5dbfbfbfc8c7f5c3224fc0ed98562bb9f,https://codereview.qt-project.org/223618,7,13,1,0,12290,91,3,2,144.036388888889,252,refactoring/,refactor|,refactoring/,refactor|,QMacStyle: Refactor button sizing,"QMacStyle: Refactor button sizing  We prepare for a better world without HITheme.  Sadly, we can't guarantee Cocoa will be good enough as a replacement. So, expect more hardcoded values and margins.  Change-Id: I915906b5dbfbfbfc8c7f5c3224fc0ed98562bb9f"
291397,qt%2Fqt5~5.11~I18e5f8f5d92cff5af2335cc5ac4cf571d27224ac,https://codereview.qt-project.org/222373,9,47,19,0,8843,96,8,1,359.610833333333,91,refactoring/,refactor|,refactoring/,refactor|,Provisioning: refactor squish install,Provisioning: refactor squish install  Change-Id: I18e5f8f5d92cff5af2335cc5ac4cf571d27224ac
291550,qt-apps%2Fneptune3-ui~5.10~I26c7112929a922172b042e9fe989e90c408381ab,https://codereview.qt-project.org/223456,4,28,26,0,866,53,8,11,99.4005555555556,114,refactoring/,refactor|,refactoring/,refactor|,[appstore] Refactor the architecture,[appstore] Refactor the architecture  Task-number: QTAUTO-885 Change-Id: I26c7112929a922172b042e9fe989e90c408381ab
291585,qt-apps%2Fneptune3-ui~5.10~I7c5eb580db71771862318c1a71a42299393719ff,https://codereview.qt-project.org/223714,3,7,0,0,340,7,3,1,23.4391666666667,678,refactoring/,refactor|,refactoring/,refactor|,[sysui] Refactor WidgetGrid._hideAllHandles,"[sysui] Refactor WidgetGrid._hideAllHandles  You should avoid naming a property like a function (eg: ""do this""). Properties should tell a state.  An ApplicationWidget should not be ""giving orders"" to WidgetGrid. Having them telling WidgetGrid about their state instead is all you need.  Now this line is self-explanatory:  """""" opacity: root._widgetIsBeingDragged || root.applicationModel.activeAppInfo ? 0 : 1 """"""  You know that opacity goes to zero then a widget is being dragged or when some application is active (and so maximized).  Before it would be telling that opacity goes to zero when ""all handles should be zero"".  Change-Id: I7c5eb580db71771862318c1a71a42299393719ff"
292099,qt%2Fqtquickcontrols2~dev~I18dea9fddf8f079e0140b51b567814da0df2802c,https://codereview.qt-project.org/222920,3,20,0,0,2063,202,8,9,20.2888888888889,87,refactoring/,refactor|,refactoring/,refactor|,Refactor QQuickStyleSelector,WIP: Refactor QQuickStyleSelector  Change-Id: I18dea9fddf8f079e0140b51b567814da0df2802c
292286,qt-creator%2Fqt-creator~4.6~Id848b608e256b95e9704d61d1926d05625106ecc,https://codereview.qt-project.org/222715,3,10,1,0,464,7,4,1,0.827222222222222,93,refactoring/,refactor|,refactoring/,refactor|,ProjectTree: Refactor editCurrentItem(),ProjectTree: Refactor editCurrentItem()  Change-Id: Id848b608e256b95e9704d61d1926d05625106ecc
292414,qt%2Fqtdeclarative~5.11~Id24526714ec9716a0126e8288e5e8974074ebc9e,https://codereview.qt-project.org/209355,11,54,14,0,42026,148,12,2,3233.04638888889,195,refactoring/,refactor|,refactoring/,refactor|,tests: refactor and un-blacklist tst_QQuickMouseArea::pressedMultipleButtons,tests: refactor tst_QQuickMouseArea::pressedMultipleButtons  ... to not rely on internal details of QGuiApplication.  Task-number: QTBUG-63786 Change-Id: Id24526714ec9716a0126e8288e5e8974074ebc9e
292431,qt-creator%2Fqt-creator~master~I8f7f5d0e0dfd3ff753e0dbc56be9ff298fbb75e2,https://codereview.qt-project.org/222467,3,3,0,0,96,19,2,1,1.41527777777778,132,refactoring/,refactor|,refactoring/,refactor|,QbsProjectManager: Refactor updateApplicationTargets(),QbsProjectManager: Refactor updateApplicationTargets()  No functional changes.  Change-Id: I8f7f5d0e0dfd3ff753e0dbc56be9ff298fbb75e2
292611,qt-apps%2Fneptune3-ui~5.10~I882c44a7d0f8a3cd1f6a8557c56af7403d3bac63,https://codereview.qt-project.org/222091,5,4,0,0,116,206,2,4,0.246388888888889,192,refactoring/,refactor|,refactoring/,refactor|,[sysui] refactor our Sliders,"[sysui] refactor our Sliders  - make a common style for our Temperature and Volume sliders - simplify the ""muted"" logic in volume handling  Change-Id: I882c44a7d0f8a3cd1f6a8557c56af7403d3bac63"
292808,pyside%2Fpyside-setup~5.9~Ifc10a7e8b5df4df80ee23135e32aea34ed72d295,https://codereview.qt-project.org/221680,5,4,0,0,855,20,2,2,2.1375,188,refactoring/,refactor|,refactoring/,refactor|,Type system parser: Refactor convertBoolean(),Type system parser: Refactor convertBoolean()  Turn it into a static helper and use QString::compare() to avoid the call to toLower().  Change-Id: Ifc10a7e8b5df4df80ee23135e32aea34ed72d295
293053,pyside%2Fpyside-setup~5.9~I32b036045ea335b805fba79df327cc42d787f18c,https://codereview.qt-project.org/221293,5,6,0,0,660,127,2,5,1.55055555555556,535,refactoring/,refactor|,refactoring/,refactor|,shiboken: Refactor finding of enumerations,"shiboken: Refactor finding of enumerations  - Add helper AbstractMetaEnum::findEnumValue() which   finds unqualified as well as qualified enum values. - Remove unused function bstractMetaClass::findEnumForValue(QString). - Remove 2nd parameter from   AbstractMetaClass::findEnumValue(QString, AbstractMetaEnum *).   The comment claimed that it is excluded from the search, but the   condition was the reverse. Just removing it apparently does not do   harm.  Task-number: PYSIDE-487 Change-Id: I32b036045ea335b805fba79df327cc42d787f18c"
293281,pyside%2Fpyside-setup~5.9~I529e839fb737f30bd9b70d10a48fcfb0c9141f8f,https://codereview.qt-project.org/220890,6,4,0,0,702,92,2,1,20.7936111111111,356,refactoring/,refactor|,refactoring/,refactor|,QtDocParser: Fix and refactor queries,"QtDocParser: Fix and refactor queries  - Use a QTextStream for better readability  - Extract a helper function to format the function parameter type query:   - Fix the function parameter type attribute (""left""->""type"")   - Fully qualify enumeration and other non-primitive types  Task-number: PYSIDE-363 Change-Id: I529e839fb737f30bd9b70d10a48fcfb0c9141f8f"
293316,pyside%2Fpyside-setup~5.9~Ica6d8a2ab43eeb597b4e9080330dc2ce700e0ed2,https://codereview.qt-project.org/220540,5,6,1,0,491,55,2,1,100.913888888889,234,refactoring/,refactor|,refactoring/,refactor|,shiboken/docgenerator: Refactor code doing the escapes for rst,shiboken/docgenerator: Refactor code doing the escapes for rst  Introduce a streamable class that does the escaping and some helpers for QString/QStringRef.  Task-number: PYSIDE-363 Change-Id: Ica6d8a2ab43eeb597b4e9080330dc2ce700e0ed2
293331,pyside%2Fpyside-setup~5.9~I08dcafbba82327f6ff4c02f582341083b4b48755,https://codereview.qt-project.org/220538,5,9,2,0,1004,86,3,1,97.4844444444445,173,refactoring/,refactor|,refactoring/,refactor|,shiboken/docgenerator: Refactor code using split(),shiboken/docgenerator: Refactor code using split()  Use splitRef() where applicable or rewrite.  Task-number: PYSIDE-363 Change-Id: I08dcafbba82327f6ff4c02f582341083b4b48755
293669,qt-creator%2Fqt-creator~master~I95b42d0885f4a8d6c9bfe1e4c004d3ace0a3eba5,https://codereview.qt-project.org/220337,4,4,0,0,122,283,2,11,4.37111111111111,342,refactoring/,refactor|,refactoring/,refactor|,QmlJSEditorPlugin: Refactor,"QmlJSEditorPlugin: Refactor  This follows the recently introduced pattern for plugin setup - Pimpl QmlJSEditorPlugin - remove unneeded uses of global object pool - apply ""static pattern"" - simplify some constructors of data members in some cases - use in-class initialization in some case  Change-Id: I95b42d0885f4a8d6c9bfe1e4c004d3ace0a3eba5"
293836,qt-creator%2Fqt-creator~master~Iab05c360173e09d8748658c59785da86438a7189,https://codereview.qt-project.org/210116,7,65,11,0,3184,773,23,8,2493.51583333333,517,refactoring/,refactor|,refactoring/,refactor|,Refactor HighlightScrollBar,"Refactor HighlightScrollBar.  Rename it into HighlightScrollBarController. Don't derive it anymore from QScrollBar. Make it based on QObject and decorate an existing instance of QScrollBar with it as needed.  Fix the highlight of the shared scrollbar of the SideBySideDiffEditor. Both left and right diff editors have their own HighlightScrollBarController and their own separate overlays, but both overlays are created as children of the same scrollbar instance.  Change-Id: Iab05c360173e09d8748658c59785da86438a7189"
293887,pyside%2Fpyside-setup~5.9~I6c0eeba1d62762e475de12d503fdc1a9d495d349,https://codereview.qt-project.org/219622,6,5,0,0,1015,24,2,1,120.197222222222,198,refactoring/,refactor|,refactoring/,refactor|,Refactor QtXmlToSphinx::readFromLocation(),Refactor QtXmlToSphinx::readFromLocation()  Split out the code path for empty identifier and port to QRegularExpression.  Task-number: PYSIDE-363 Change-Id: I6c0eeba1d62762e475de12d503fdc1a9d495d349
293888,pyside%2Fpyside-setup~5.9~I850221bc6e7a6b88fc3b6078cf2cb2e01663ab15,https://codereview.qt-project.org/219621,6,8,0,0,1090,23,3,1,120.197222222222,227,refactoring/,refactor|,refactoring/,refactor|,Refactor QtDocGenerator::writeFormattedText(),Refactor QtDocGenerator::writeFormattedText()  Rewrite to use QStringRef and add some checks preventing overflow should the text contain empty lines.  Task-number: PYSIDE-363 Change-Id: I850221bc6e7a6b88fc3b6078cf2cb2e01663ab15
294023,qt-apps%2Fqdb~5.9~I469ccf6955c5590e295d9182a80cdfb3a4dfbcd0,https://codereview.qt-project.org/219312,4,5,0,0,663,39,2,2,123.584166666667,330,refactoring/,refactor|,refactoring/,refactor|,Refactor duplicated error handler,Refactor duplicated error handler  For extensions of qdb the default error handler (start server and try again) which was used for askDevices and watchDevices is used very often. In order to not duplicate this function for every additional command the same function is reused.  Change-Id: I469ccf6955c5590e295d9182a80cdfb3a4dfbcd0
294041,qt-creator%2Fqt-creator~master~Ib1859f2c3a04f66d0f0b669b4e93a7fc06ab8e61,https://codereview.qt-project.org/219246,5,33,8,0,4023,969,8,24,136.900555555556,106,refactoring/,refactor|,refactoring/,refactor|,Clang: Refactor TokenInfos,Clang: Refactor TokenInfos  Remove code duplication.  Change-Id: Ib1859f2c3a04f66d0f0b669b4e93a7fc06ab8e61
294120,qt-creator%2Fqt-creator~master~Idcc9bf03cad047026a456bd01063597a1eb95147,https://codereview.qt-project.org/218751,7,29,15,0,1511,222,8,9,189.181944444444,240,refactoring/,refactor|,refactoring/,refactor|,CPlusPlus: CppEditor: refactor overview model,CPlusPlus: CppEditor: refactor overview model  Introduce abstract model to be able to use clang based version of it in follow up patches. Fix warnings and modernize source code a little.  Change-Id: Idcc9bf03cad047026a456bd01063597a1eb95147
294709,yocto%2Fmeta-qt5~5.10~I8af72b0c79b3668511547dfde0fed0e3e10f2185,https://codereview.qt-project.org/218601,3,3,0,0,96,98,2,7,42.4586111111111,416,refactoring/,refactor|,refactoring/,refactor|,qt5: refactor ptest,"qt5: refactor ptest  Current implementation was causing build issues since it cluttered source directories and modified recipe sysroot content. Tests are now built in the separate build directory ${B} where we don't need to worry about moving files to the recipe sysroot, and if tests are enabled in PACKAGECONFIG, they have been already built during do_compile.  Change-Id: I8af72b0c79b3668511547dfde0fed0e3e10f2185"
295774,qt%2Fqtbase~wip%2Fwebassembly~I22564305dbd642583874e426967ae05a9160bdec,https://codereview.qt-project.org/216085,3,5,0,0,145,244,3,16,216.814444444444,152,refactoring/,refactor|,refactoring/,refactor|,wasm: refactor QHTML5 to QHtml5,wasm: refactor QHTML5 to QHtml5  Both are currently used. More consistent and with Qt conventions.  Change-Id: I22564305dbd642583874e426967ae05a9160bdec
