index,id,url,#reviewers,#messages,#inline_comments,#unsolved_inline_comments,len_messages,churn,#revisions,#files,duration,len_description,subject categories,subject keywords,description categories,description keywords,subject,description
214453,qt%2Fqtbase~master~I837f18f043b18410c1d93b9f1156acf729dad510,https://codereview.qt-project.org/142,1,0,0,0,0,275,1,6,1.31222222222222,180,,,,,Support of lambdas in QtConcurrent::run,Support of lambdas in QtConcurrent::run  Reviewed-by: Joao (cherry picked from commit 917f2ff617209bcc283eb3590b422bcf239c0537) Change-Id: I837f18f043b18410c1d93b9f1156acf729dad510
214448,qt%2Fqtbase~master~I837f18f043b18410c1d93b9f1156acf729dad510,https://codereview.qt-project.org/145,0,0,0,0,0,2,1,1,6.41777777777778,142,,,,,Fix typo in comment,Fix typo in comment  (cherry picked from commit c8a3c427e96ee11907592f5c7f72046795c027ed) Change-Id: I837f18f043b18410c1d93b9f1156acf729dad510
214454,qt%2Fqtbase~master~I837f18f043b18410c1d93b9f1156acf729dad510,https://codereview.qt-project.org/144,1,0,0,0,0,21,1,1,1.31194444444444,251,,,,,Tests for QtConcurrent::map using lambdas,Tests for QtConcurrent::map using lambdas  Also disable tests with std::vector in c++0x as they do not compile  Reviewed-by: Joao (cherry picked from commit 38d1b31006ecc83811bbb13e5a4182eac593a970) Change-Id: I837f18f043b18410c1d93b9f1156acf729dad510
214451,qt%2Fqtbase~master~I8913c88e5bd68145e0587d51ee9896fd5d21054a,https://codereview.qt-project.org/140,0,0,0,0,0,22,1,1,1.3125,102,,,,,Added some of my Qt 4.8 changes to the changelog,Added some of my Qt 4.8 changes to the changelog  Change-Id: I8913c88e5bd68145e0587d51ee9896fd5d21054a
24268,qt-creator%2Fqt-creator~3.0~I47459b4eaeaabe5d150d546914dd5c77a267723b,https://codereview.qt-project.org/67949,0,1,0,0,22,2,1,1,0.110277777777778,159,,,,,"Qt4ProjectManager: Importing builds, fix logic for ""debug"" vs. ""release""","Qt4ProjectManager: Importing builds, fix logic for ""debug"" vs. ""release""  Task-number: QTCREATORBUG-10360  Change-Id: I47459b4eaeaabe5d150d546914dd5c77a267723b"
212638,qt%2Fqtbase~master~Ib587335bb90306e65969bb26256fb388f8f6bd24,https://codereview.qt-project.org/1666,1,1,0,0,62,28,1,1,22.1319444444444,264,,,,,Fix the timeout calculation for futexes in QMutex.,Fix the timeout calculation for futexes in QMutex.  Recalculate how much time is remaining.  This commit needs to be backported to 4.8.  Change-Id: Ib587335bb90306e65969bb26256fb388f8f6bd24 Merge-request: 20 Reviewed-by: Olivier Goffart <olivier.goffart@nokia.com>
32181,qt%2Fqtbase~api_changes~I0cbc0fef63814ab037bea66ab35b3aa8b6ec800c,https://codereview.qt-project.org/17798,2,1,0,0,36,66,1,2,0.33,179,,,,,qmimetypeparser: more optimized definition of string constants,qmimetypeparser: more optimized definition of string constants  Change-Id: I0cbc0fef63814ab037bea66ab35b3aa8b6ec800c Reviewed-by: Oswald Buddenhagen <oswald.buddenhagen@nokia.com>
24655,qt%2Fqtdeclarative~dev~I7e9c47327eb0ac285af2b865cb62741935c21e29,https://codereview.qt-project.org/65699,0,1,0,0,41,3,1,1,19.5005555555556,75,,,,,unskipped tests again,unskipped tests again  Change-Id: I7e9c47327eb0ac285af2b865cb62741935c21e29
31491,qt-creator%2Fqt-creator~master~I7a5442428cba0b316ad5e420b37bf3e180c0c9f9,https://codereview.qt-project.org/21779,1,2,0,0,71,2,1,1,0.0316666666666667,104,,,,,debugger: fix capitalization in stack context menu,debugger: fix capitalization in stack context menu  Change-Id: I7a5442428cba0b316ad5e420b37bf3e180c0c9f9
4248,qt%2Fqtwebengine-chromium~49-based~Ib0fbb72dc052230547eac6d2b163a3814ed53f15,https://codereview.qt-project.org/154635,2,2,0,0,160,979462,1,7418,12955.055,89,,,,,WIP: Add files for chrome extension,WIP: Add files for chrome extension  Change-Id: Ib0fbb72dc052230547eac6d2b163a3814ed53f15
23994,qbs%2Fqbs~1.1~Ib1e64e6eb903a015f095a17885e2917f861072f9,https://codereview.qt-project.org/70304,1,2,0,0,70,6,1,1,0.0861111111111111,129,,,,,Fix use_installed.pri.,Fix use_installed.pri.  Apply the same change as for use.pri in fbe28faf98.  Change-Id: Ib1e64e6eb903a015f095a17885e2917f861072f9
23197,qt%2Fqtdeclarative~dev~I5cc82b20fee8e3f0b61ad59b831723359c8dcda4,https://codereview.qt-project.org/75174,3,2,0,0,86,28,1,1,0.0730555555555556,271,,,,,Remove unused static functions from QtQml found by Clang 3.4,"Remove unused static functions from QtQml found by Clang 3.4  qqmlcomponent.cpp:112:23: error: unused function 'buildTypeNameForDebug' [-Werror,-Wunused-function]  Change-Id: I5cc82b20fee8e3f0b61ad59b831723359c8dcda4 Reviewed-by: Simon Hausmann <simon.hausmann@digia.com>"
113197,qt%2Fqtwebengine-chromium~40.0.2214-based~Ie55f128f15e934e37d42afe9704cbb6f5d9328cf,https://codereview.qt-project.org/107244,3,3,0,0,107,44,2,1,0.2125,426,,,,,<third_party/angle> Remove duplicated file,"<third_party/angle> Remove duplicated file  The directory has Constants.h and constants.h. The two files are identical and the source code includes Constants.h. However the presense of these two files that only differ in case presents a problem for the source packaging on Windows, with its case insensitive filesystem. So let's just remove the seemingly unnecessary file.  Change-Id: Ie55f128f15e934e37d42afe9704cbb6f5d9328cf"
7894,qt%2Fqtdeclarative~wip%2Fscenegraphng~I16934eca85801817705bc29b85923a0eea9b4cb1,https://codereview.qt-project.org/180238,2,3,0,0,73,155,1,7,38.4616666666667,291,,,,,Implement software backend for PathItem,"Implement software backend for PathItem  ...and fix up some items in the gallery that were drawing out of bounds. With the sw backend and a rendernode claiming BoundedRectRendering such mistakes become visible right away, unlike with GL.  Change-Id: I16934eca85801817705bc29b85923a0eea9b4cb1"
203762,qt%2Fqtfeedback~master~Ia1ca366b3f7b329b7aed76c427b62cc15ad9355e,https://codereview.qt-project.org/10532,4,3,0,0,185,28,1,2,72.1938888888889,85,,,,,Remove unused QTRY_WAIT macros.,Remove unused QTRY_WAIT macros.  Change-Id: Ia1ca366b3f7b329b7aed76c427b62cc15ad9355e
287824,qt-creator%2Fqt-creator~master~Ic10099c2a2f3a070c972442736e50e797a063597,https://codereview.qt-project.org/228504,3,3,0,0,96,14,2,7,2.26833333333333,161,,,,,ExtensionSystem/Aggregation: Use override consistently,ExtensionSystem/Aggregation: Use override consistently  clang-tidy fixes from modernize-use-override check.  Change-Id: Ic10099c2a2f3a070c972442736e50e797a063597
139321,qt-creator%2Fqt-creator~wip%2Fvcproj~Id564204974baa72b73672e1dbbf2970f82fed570,https://codereview.qt-project.org/78836,3,4,8,0,482,403,1,12,41.4116666666667,89,,,,,Added ConfigurationContainer class.,Added ConfigurationContainer class.  Change-Id: Id564204974baa72b73672e1dbbf2970f82fed570
7856,qt-creator%2Fqt-creator~master~I756a5164d52feee1e45bfebacbd45cc232628b79,https://codereview.qt-project.org/180554,2,4,0,0,107,2,2,1,1.44388888888889,195,,,,,MSVC: Increase timeout for environment detection,MSVC: Increase timeout for environment detection  Surprisingly many users apparently do run into the timeout.  Task-number: QTCREATORBUG-17474 Change-Id: I756a5164d52feee1e45bfebacbd45cc232628b79
93789,qt%2Fqtbase~dev~I17a91c378175dbbe8066bccb94cc93f0a1fd3d71,https://codereview.qt-project.org/144884,5,4,0,0,447,1,2,1,2.21472222222222,119,,,,,QPlatformTheme: Resync StandardPixmap with QStyle::StandardPixmap,QPlatformTheme: Resync StandardPixmap with QStyle::StandardPixmap  Change-Id: I17a91c378175dbbe8066bccb94cc93f0a1fd3d71
56522,qt%2Fqtconnectivity~5.9~Ieefa1cf6f07b05d12e2381d6c72ab56d78b3e7fd,https://codereview.qt-project.org/194003,4,4,0,0,432,2,2,1,1.16944444444444,106,,,,,Doc: iOS does not have support for classic bluetooth,Doc: iOS does not have support for classic bluetooth  Change-Id: Ieefa1cf6f07b05d12e2381d6c72ab56d78b3e7fd
186911,qt%2Fqtlocation~master~Iec025e794c995f4129e2686bddff1e0e815a930e,https://codereview.qt-project.org/29090,3,5,0,0,335,8,1,1,3.595,171,,,,,Prevent mapitems from overriding quickitem's visible property,Prevent mapitems from overriding quickitem's visible property  Setting visible to false in QML will now actually work  Change-Id: Iec025e794c995f4129e2686bddff1e0e815a930e
11979,qt%2Fqt5~5.12~I2f50814e26e756bbf5cf3d74a4a1c5c00426ab4a,https://codereview.qt-project.org/316594,6,5,2,0,413,60,1,2,8.62361111111111,378,,,,,Provisioning: Install Ninja binary,Provisioning: Install Ninja binary  Install Ninja binary without using brew  Task-number: QTQAINFRA-3954 Change-Id: I2f50814e26e756bbf5cf3d74a4a1c5c00426ab4a Reviewed-by: Alexandru Croitor <alexandru.croitor@qt.io> Reviewed-by: Toni Saario <toni.saario@qt.io> Reviewed-by: Qt CI Bot <qt_ci_bot@qt-project.org> (cherry picked from commit aee06febca2305b9442c5a43d6648ead5b28e4d4)
69974,qt%2Fqtgamepad~5.8~I2e4470e901b91c824ae93dbc9fde41ec03460356,https://codereview.qt-project.org/169323,3,5,0,0,435,2,2,1,1968.54083333333,187,,,,,Improve robustness of QML plugin loading,Improve robustness of QML plugin loading  Use a variable that expands to the latest plugin version instead of hard-coding the string.  Change-Id: I2e4470e901b91c824ae93dbc9fde41ec03460356
282029,qt-creator%2Fqt-creator~master~Iff39e5e74737632d7a4ffd8553ff757e3954e010,https://codereview.qt-project.org/236443,3,5,0,0,145,8,3,1,0.294444444444444,130,,,,,Clang: Fix MSVC build,Clang: Fix MSVC build  For some reason it asks for more operator() versions.  Change-Id: Iff39e5e74737632d7a4ffd8553ff757e3954e010
155879,qt%2Fqttools~stable~Iae5c66ebebe580595a16caa765eeee9f5e97f2c4,https://codereview.qt-project.org/62045,3,6,0,0,465,4,1,1,119.4875,98,,,,,don't claim that single slashes are comments,don't claim that single slashes are comments  Change-Id: Iae5c66ebebe580595a16caa765eeee9f5e97f2c4
12442,qt-creator%2Fqt-creator~master~I4214c286c0f74ab8e05bbf047ef56b1a0b90846c,https://codereview.qt-project.org/144476,1,6,0,0,187,122,3,1,47.9855555555556,370,,,,,FileSearch: Do not keep future interface as state.,"FileSearch: Do not keep future interface as state.  Makes it clearer that search and collect functions use it. It also is the first of more to come clean up patches, that are possible now that we do not use QtConcurrent::mappedReduced anymore, and are enablers for creating a new, better generic algorithm out of it.  Change-Id: I4214c286c0f74ab8e05bbf047ef56b1a0b90846c"
293966,qt%2Fqtdeclarative~5.11~I5351e3e484542709a6b210e84aa19b14d28e11ad,https://codereview.qt-project.org/219950,5,6,1,0,534,38,3,2,5.0525,789,,,,,Fix memory leak with ListModel.get,"Fix memory leak with ListModel.get  This is a regression introduced with commit 3cc589c98390992e3ee8a7970dc2913ea857d623, which in turn fixed a leak with QV4::QObjectWrapper objects. Unfortunately the allocate() call into the persistent (weak) value storage in the list model introduced a leak of the weak value itself. This is fixed by replacing the free standing weak value allocation with the use of the existing jsWrapper weak value in the declarative data (QQmlData). That weak value is freed property in the destroy() method of the QV4::QObjectWRapper. The extra QQmlData allocation is hidden behind a unified allocation, similar to what we do in void QQmlType::create(QObject **, void **, size_t) const.  Task-number: QTBUG-66189 Change-Id: I5351e3e484542709a6b210e84aa19b14d28e11ad"
113658,qt%2Fqtdeclarative~dev~I128be1a5cef394bbf4be1a7b0e6a4595f9b25968,https://codereview.qt-project.org/332463,4,6,0,0,734,9,2,2,24.6083333333333,184,,,,,Drop QQuickAnimatorProxyJob::m_animation,Drop QQuickAnimatorProxyJob::m_animation  Keeping it around is dangerous and we only need it in the ctor.  Task-number: QTBUG-90401 Change-Id: I128be1a5cef394bbf4be1a7b0e6a4595f9b25968
276718,qt%2Fqtdoc~5.12.0~I7721f0c28cd9a86eb49fdacd70ba6b80095ddbe4,https://codereview.qt-project.org/243877,10,7,0,0,1289,4,3,1,46.9122222222222,143,,,,,macOS: Remove reference to PowerPC,macOS: Remove reference to PowerPC  We're documenting the architecture support elsewhere.  Change-Id: I7721f0c28cd9a86eb49fdacd70ba6b80095ddbe4
16998,qt%2Fqtdeclarative~5.4.0~I10210af91976ab55e611025c0452a1ee1f3114a9,https://codereview.qt-project.org/100987,8,7,0,0,587,2,1,1,70.0477777777778,445,,,,,Don't default to HighQualitySubPixelAntialiasing on WinRT,"Don't default to HighQualitySubPixelAntialiasing on WinRT  The subpixel shader is probably not a good default here because most devices are mobile (can change screen orientation) and have high pixel densities. Furthermore, it breaks text rendering on the Surface RT, where the graphics hardware is too weak to support the number of uniforms the subpixel shader uses.  Task-number: QTBUG-41769 Change-Id: I10210af91976ab55e611025c0452a1ee1f3114a9"
95654,qt-apps%2Fboot2qt-demos~dev~I8d92a488f9a7f987b8d0108bf1b8cc0c894a74f0,https://codereview.qt-project.org/141149,6,7,2,0,344,0,4,11,213.086388888889,183,,,,,Modified application images,Modified application images  Launcher has a new white layout. Images needs to have white rectangle around them to avoid saw edges  Change-Id: I8d92a488f9a7f987b8d0108bf1b8cc0c894a74f0
202449,qt%2Fqtscript~master~Id1269f9d8af01e12587ba8ff2fecf942a7231aff,https://codereview.qt-project.org/12342,5,7,0,0,613,15,2,2,8.89972222222222,450,,,,,Fix QScriptEngine::ExcludeDeleteLater and metaobject-related autotests,"Fix QScriptEngine::ExcludeDeleteLater and metaobject-related autotests  ba635d7e74472f3a54c0c4686966af46d9035c6f in qtbase adds a signal to QObject.  This breaks some code in QtScript which hardcoded the list of expected metamethods on QObject, and some other code which hardcoded the index of the deleteLater slot.  Fix it.  This is a minimal fix which does not address the underlying fragility.  Change-Id: Id1269f9d8af01e12587ba8ff2fecf942a7231aff"
138011,qt%2Fqtwebsockets~stable~I8fca0df0ea66adba0898d95f8249ea1b7f33892a,https://codereview.qt-project.org/80418,3,8,0,0,500,91,2,4,51.8,75,,,,,Update documentation.,Update documentation.  Change-Id: I8fca0df0ea66adba0898d95f8249ea1b7f33892a
292352,qt%2Fqtdeclarative~dev~I3acbdd89ef75b93cebb065313e689e0a360d8687,https://codereview.qt-project.org/222625,4,8,4,0,528,71,3,4,2.20694444444444,226,,,,,Remove QV4_MM_* env variables from old GC,"Remove QV4_MM_* env variables from old GC  With the new block based allocator introduced in 5.9, these variables have no effect anymore. Also removed the related autotests.  Change-Id: I3acbdd89ef75b93cebb065313e689e0a360d8687"
18021,qt-creator%2Fqt-creator~3.1~I29219f5ec8be740cf1b6996ae208b8486eddc4d2,https://codereview.qt-project.org/80387,3,8,1,0,1146,200,1,2,5614.03083333333,405,,,,,QmlDesigner: Reducing startup time,"QmlDesigner: Reducing startup time  This effectively cuts startup times in half. ViewManager is holding all the views. We can lazily initilaize all the views, since they are not used before the QML design mode is entered at least once.  I left additionalViews in ViewManagerData, because other plugins can use it to register their views during statup.  Change-Id: I29219f5ec8be740cf1b6996ae208b8486eddc4d2"
102245,qt%2Fqtwebengine~5.6~I733c6311301c43610b7a9aaf22c73c2e5d368c70,https://codereview.qt-project.org/123299,6,8,0,0,783,102,3,2,333.981944444444,455,,,,,Fix QAccessible name and description calculation,WIP: Fix QAccessible name and description calculation  The logic was removed in 1881f56d65b3981b176d99262f5266cf9ff76be3.  There is no platform independent implementation in Chromium for calculating Accessible name which follow the W3C Accessibility standard. We need to apply this logic in order to get Accessible name and description correctly.  It also fixes the QWebEngineAccessibility test cases.  Change-Id: I733c6311301c43610b7a9aaf22c73c2e5d368c70
168569,qt%2Fqtbase~ios~I5a28f4ee1020c9253d0803c9d962c6a058e5358c,https://codereview.qt-project.org/48600,7,9,2,0,432,4,2,1,19.41,266,,,,,QFusionStyle: Fix crash on iOS,"QFusionStyle: Fix crash on iOS  First of all, the ifdef section was meant for osx, and not ios. Second, a platform theme does not necessarily need to override the palette function, which will return 0 by default.  Change-Id: I5a28f4ee1020c9253d0803c9d962c6a058e5358c"
24815,qt%2Fqtbase~stable~Iafadbbc128288d051190fe05861c0ecba6c438b5,https://codereview.qt-project.org/63413,7,9,0,0,1409,22,1,2,375.775555555556,383,,,,,Reset QWindowContainer window handle position when setting parent,Reset QWindowContainer window handle position when setting parent  The QWindowContainer's own QWindow position needs to be reset in order to avoid miscalculations when mapping to and from global positions. Doing so right before setting the parent ensures when don't send extra move events to the QWindow.  Task-number: QTBUG-32826 Change-Id: Iafadbbc128288d051190fe05861c0ecba6c438b5
129241,qt%2Fqt3d~wip%2Fnewapi~I9e159cfffc44a5ee43eb311afdfb9b3f464c68b3,https://codereview.qt-project.org/89433,2,9,0,0,266,31,5,3,25.5466666666667,77,,,,,QCamera fixed d-pointer,QCamera fixed d-pointer  Change-Id: I9e159cfffc44a5ee43eb311afdfb9b3f464c68b3
290805,yocto%2Fmeta-boot2qt~6.1~If99fc74f4301c041954303e591b141b9f85ffbe2,https://codereview.qt-project.org/341467,3,9,0,0,544,2,3,1,172.813333333333,145,,,,,meta-qt6: update layer,meta-qt6: update layer  Update to latest content on Qt 6.1 branch.  Task-number: QTBUG-90009 Change-Id: If99fc74f4301c041954303e591b141b9f85ffbe2
203077,qt%2Fqtbase~master~Ib2dedddb3239af0e2bf722a28081c68677e6b2af,https://codereview.qt-project.org/11011,3,10,3,0,505,15,2,1,219.841944444444,220,,,,,Remove misleading and incorrect information from dropMimeData docs.,Remove misleading and incorrect information from dropMimeData docs.  It is not the responsibility of the view to insert data into the model after a dropMimeData call.  Change-Id: Ib2dedddb3239af0e2bf722a28081c68677e6b2af
25352,qt%2Fqtsensors~dev~Ieacba705c285873f30dfdabb48c1248c5cf9b30e,https://codereview.qt-project.org/59995,4,10,0,0,767,0,1,0,170.951944444444,107,,,,,Merge remote-tracking branch 'origin/stable' into dev,Merge remote-tracking branch 'origin/stable' into dev  Change-Id: Ieacba705c285873f30dfdabb48c1248c5cf9b30e
147971,qt%2Fqtbase~stable~Ie3c19bf86c92fa3f247a0764116830e91b8322d2,https://codereview.qt-project.org/69392,5,10,1,0,1126,17,2,1,90.9822222222222,373,,,,,iOS: bugfix touch events when not using alien,"iOS: bufix touch events when not using alien  It seems that 130ee40b broke touch handling for non-alien QWindows. For those cases, a QWindow that is a child of another QWindow will get its own UIView to back it up. The current code did not take this into account when calculating the global coordinates of touch events.  Change-Id: Ie3c19bf86c92fa3f247a0764116830e91b8322d2"
142270,qt%2Fqtdeclarative~dev~I9b068acf3caef813686227b8d935e7df1a7d1a6e,https://codereview.qt-project.org/76028,3,10,0,0,720,948,3,69,32.5144444444444,192,,,,,Split ManagedVTable into two classes,"Split ManagedVTable into two classes  Keep the basic methods in ManagedVTable, but have the Object related stuff in an ObjectVTable class.  Change-Id: I9b068acf3caef813686227b8d935e7df1a7d1a6e"
233636,qt-creator%2Fqt-creator~master~I5f06fb06cb6766f2f9899bfd2aeadc2198dab1c7,https://codereview.qt-project.org/296246,7,11,0,0,389,12,2,1,84.1380555555556,111,,,,,JsonWizard: Document historyId and restoreLastHistoryItem,JsonWizard: Document historyId and restoreLastHistoryItem  Change-Id: I5f06fb06cb6766f2f9899bfd2aeadc2198dab1c7
34796,qt%2Fqtquick3d~5.14~I8b8bda600bd69c766b8f3b774780e6c7ba926c6b,https://codereview.qt-project.org/278740,1,11,0,0,452,548,5,1,2807.42666666667,69,,,,,WIP: Update qmltypes,Update qmltypes  Change-Id: I8b8bda600bd69c766b8f3b774780e6c7ba926c6b
174937,qt%2Fqtbase~6.0~Iffc821f49bdfcad3f2556951d3677c35a7682266,https://codereview.qt-project.org/324415,2,11,0,0,64391,37,2,4,16.7777777777778,551,,,,,"Revert ""xcb: add xcb-util dependency for xcb-image""","Revert ""xcb: add xcb-util dependency for xcb-image""  This reverts commit 39b1dea2ec5cde9523df61c78dec5d4b195f66d2.  39b1dea2 is wrong, the bug is for static build of qt with static xcb. It adds the explicit dependency of xcb-util 0.3.9, which is not available on Debian yet.  Task-number: QTBUG-86287 Fixes: QTBUG-88688 Change-Id: Iffc821f49bdfcad3f2556951d3677c35a7682266 Reviewed-by: Thiago Macieira <thiago.macieira@intel.com> Reviewed-by: Tor Arne Vestbø <tor.arne.vestbo@qt.io> (cherry picked from commit 92a57e0b016f811876ec1d62328ca8edfe452a3a)"
167282,qt%2Fqtmultimedia~dev~I62cad152a7b7fd92905744439de838306dc7a558,https://codereview.qt-project.org/49018,6,11,16,0,490,593,3,4,312.917777777778,112,,,,,BlackBerry/QNX: Implement audio recording with QAudioInput,BlackBerry/QNX: Implement audio recording with QAudioInput  Change-Id: I62cad152a7b7fd92905744439de838306dc7a558
256989,qt%2Fqtconnectivity~dev~I5e2e08291cd17c1f1ef8639d422f4421520ed371,https://codereview.qt-project.org/267228,4,12,2,0,685,412,3,4,239.908611111111,136,,,,,QBluetoothServiceInfo - remove the code-duplicate (macOS),QBluetoothServiceInfo - remove the code-duplicate (macOS)  Task-number: QTBUG-75348 Change-Id: I5e2e08291cd17c1f1ef8639d422f4421520ed371
41808,qt%2Fqtbase~6.1~Id845ecb5231b97a899443bdcb9f49cccb7f20bea,https://codereview.qt-project.org/337428,3,12,0,0,10167,15,2,1,636.774722222222,377,,,,,Variable is Assigned a never used value in qt_make_filter_list(),Variable is Assigned a never used value in qt_make_filter_list()  Variable 'i' is assigned a value that is never used in qt_make_filter_list()  Change-Id: Id845ecb5231b97a899443bdcb9f49cccb7f20bea Reviewed-by: Volker Hilsheimer <volker.hilsheimer@qt.io> Reviewed-by: Edward Welbourne <edward.welbourne@qt.io> (cherry picked from commit 8a226cd76b96527970b1600f6975c13eccddf109)
206084,qt-creator%2Fqt-creator~master~Id8a0e7a5a83d3c05e70d61d5023401be5e201c6c,https://codereview.qt-project.org/7909,3,12,5,0,532,448,3,12,48.3133333333333,104,,,,,Add embedded linux target,Add embedded linux target  and required factories.  Change-Id: Id8a0e7a5a83d3c05e70d61d5023401be5e201c6c
197409,qt-creator%2Fqt-creator~master~I161de392ba35e37d323b049371619b01c617c798,https://codereview.qt-project.org/17184,3,12,38,0,804,416,3,11,119.118333333333,310,,,,,ScriptConsole: Show File and Line Info,ScriptConsole: Show File and Line Info  Show File and Line Info for items that have the info. Clicking on the item opens the file and sets the cursor position on the line. The context menu also provides option to copy contents and option to clear the view.  Change-Id: I161de392ba35e37d323b049371619b01c617c798
46915,qt%2Fqtbase~5.9~I4b4653d7342de985d22b128d73940e7163bdb1e8,https://codereview.qt-project.org/208117,10,13,4,0,1221,2,2,1,25.0483333333333,294,,,,,QCocoaWindow: Toggle titlebar transparency to support unified toolbar,QCocoaWindow: Toggle titlebar transparency to support unified toolbar  This is need from macOS 10.13 onwards. See NSWindow related notes on  https://developer.apple.com/library/content/releasenotes/AppKit/RN-AppKit/  Change-Id: I4b4653d7342de985d22b128d73940e7163bdb1e8 Task-number: QTBUG-63444
243170,qbs%2Fqbs~master~I85367c0722dc8561b2a937d4b496677af8f901f3,https://codereview.qt-project.org/285595,5,13,0,0,613,31,4,5,49.2647222222222,420,,,,,generators: make VersionInfo non-virtual,"Generators: make VersionInfo non-virtual  There is no need to check if marketing version is a ""known"" version since all generators are created only based on the list on knwon versions, i.e. there is no way how ""unknown"" version object can be created  If this will be required in the future, it's better to use templates or overloads instead of virtual functions here  Change-Id: I85367c0722dc8561b2a937d4b496677af8f901f3"
236812,qt%2Fqtbase~dev~I3e10832551731a18317da8f9667d96cec3dc3028,https://codereview.qt-project.org/292636,7,13,0,0,742,1,5,1,85.5638888888889,251,,,,,CMake: Fix Ninja Multi-Config framework builds,CMake: Fix Ninja Multi-Config framework builds  Depends on a WIP feature in CMake that allows building macOS frameworks using the Ninja Multi-Config generator targeting more than one configuration.  Change-Id: I3e10832551731a18317da8f9667d96cec3dc3028
235569,qt%2Fqt5~dev~I1a9cfdbc95157715bf7b76870d918add76009e4e,https://codereview.qt-project.org/345065,3,13,0,0,5463,4,3,2,318.225555555556,162,,,,,Switch qtconnectivity from additional library to addon,Switch qtconnectivity from additional library to addon  And at same time bump qtconnectivity sha1 in qt5.git  Change-Id: I1a9cfdbc95157715bf7b76870d918add76009e4e
49953,qt%2Fqtbase~5.9~I12176616be72c97607ee1f441d1ea05af5e9e549,https://codereview.qt-project.org/203744,6,14,3,0,683,18,3,1,25.6058333333333,136,,,,,QFileInfo: Clarify documentation on symlinks,QFileInfo: Clarify documentation on symlinks  Explain symbolic links vs shortcuts.  Change-Id: I12176616be72c97607ee1f441d1ea05af5e9e549
266046,qt%2Fqtbase~wip%2Fcmake~I0321883f762460b146666bfbad0d8b27c3fdeadd,https://codereview.qt-project.org/258667,8,14,6,0,1118,320,5,1,30.4852777777778,79,,,,,CMake: Update src/corelib,CMake: Update src/corelib  Change-Id: I0321883f762460b146666bfbad0d8b27c3fdeadd
259318,qt%2Fqtbase~dev~I01dfb6697b5275e69451da91fdc7346f40bc424e,https://codereview.qt-project.org/265189,6,14,3,0,8704,15,6,1,30.0316666666667,290,,,,,QMimeType: towards re-entrancy: do not cache iconName made from mimetype name,"QMimeType: towards re-entrancy: do not cache iconName made from mimetype name  To not write into a shared object without mutex protection. If the stored icon name is empty, just calculate a new one on each call.  Task-Number: QTBUG-45684 Change-Id: I01dfb6697b5275e69451da91fdc7346f40bc424e"
257403,qt%2Fqtbase~5.12~Ifcd31fc0581e8421e58eeb436a55b031909eed7e,https://codereview.qt-project.org/267265,5,14,0,0,6764,13,7,2,78.6072222222222,907,,,,,Don't set the mouse cursor for items that are disabled,"Don't set the mouse cursor for items that are disabled  As with widgets, items that are disabled should not receive any input events.  Similar to QGraphicsScene, which ignores disabled items when handling mouse presses, the view should also ignore them when handling mouse moves to update the cursor.  Since QGraphicsView only adjusts the cursors on mouse moves, reenabling an item that is currently under the mouse will not change the cursor. This is consistent with other changes of item attributes that would position the item under the mouse (such as moving it). The overhead of hit-testing items for every such attribute change would be too large, and applications can generate a mouse move event if they really need to adjust the cursor in all situations.  [ChangeLog][QtWidgets][QGraphicsView] Ignore disabled items when setting the mouse cursor.  Change-Id: Ifcd31fc0581e8421e58eeb436a55b031909eed7e"
57812,qt%2Fqtquickcontrols2~dev~I6e0eb165c3cead26683da8e3c76cd0a0203ff649,https://codereview.qt-project.org/192046,4,15,0,0,1607,26,4,4,44.2669444444445,134,,,,,Remove setTag/Tag overrides,Remove setTag/Tag overrides  The base class now provides implementation for them  Change-Id: I6e0eb165c3cead26683da8e3c76cd0a0203ff649
289529,qt%2Fqt5~5.11~I13d78da0bd3ea2fa8a75734fb5f88a472cbd79de,https://codereview.qt-project.org/225668,5,15,0,0,10428,2,3,1,126.761388888889,131,,,,,Provisioning: Win10_x86 - mysql,Provisioning: Win10_x86 - mysql  Required by RTA.  Task-number: QTQAINFRA-1923 Change-Id: I13d78da0bd3ea2fa8a75734fb5f88a472cbd79de
287522,qt%2Fqtdeclarative~dev~Id06ef94e2a4b93646827da4f6ce922eb436e5a31,https://codereview.qt-project.org/228874,4,15,1,0,38282,419,4,10,44.3986111111111,327,,,,,Improve for-in and for-of support,Improve for-in and for-of support  Create a Block scope per iteration as defined in the ES spec. So closures created inside the loop will remember the iteration variable at that loop iteration.  Add support for destructuring of the left hand side expression or declaration.  Change-Id: Id06ef94e2a4b93646827da4f6ce922eb436e5a31
223573,qt%2Fqtbase~dev~Ide826283cb4e177fb34fb4080502f5a4620bd5d7,https://codereview.qt-project.org/308082,5,15,0,0,8509,137,3,3,120.399444444444,181,,,,,QUrl: purge deprecated API,"QUrl: purge deprecated API  Since 5.0: QUrl's image of the QUrlQuery API Remove deprecation-suppression from tst_qurl.cpp, too.  Change-Id: Ide826283cb4e177fb34fb4080502f5a4620bd5d7"
59645,qt%2Fqtdeclarative~wip%2Fscenegraphng~Ifec23f855d4c3e0c58e59777cf23149ad99a2b91,https://codereview.qt-project.org/189903,4,16,21,0,2118,36,7,1,44.3897222222222,90,,,,,Add some Lancelot tests for PathItem,WIP: Add Lancelot tests for PathItem  Change-Id: Ifec23f855d4c3e0c58e59777cf23149ad99a2b91
251260,qt%2Fqtbase~5.13~I879b62c55e4211d3e4e1a18f6699f26e3f5de1f8,https://codereview.qt-project.org/275547,3,16,0,0,2065,2,4,1,11.6522222222222,113,,,,,QVarLengthArray: Avoid int vs. size_t warnings in operator=,QVarLengthArray: Avoid int vs. size_t warnings in operator=  Change-Id: I879b62c55e4211d3e4e1a18f6699f26e3f5de1f8
214613,qt%2Fqtquick3d~dev~I84f53b37f81660d80ecbe94873dac2717b12d8ef,https://codereview.qt-project.org/320076,3,16,0,0,1585,48,4,1,15.2358333333333,105,,,,,Do ubuf updates directly in shadow/skybox/ao passes,Do ubuf updates directly in shadow/skybox/ao passes  Change-Id: I84f53b37f81660d80ecbe94873dac2717b12d8ef
37809,qbs%2Fqbs~master~I59b5ab1c097566eb4f14835f9057e2b846ca9f0c,https://codereview.qt-project.org/227098,3,16,13,0,745,56,7,3,9403.13333333333,85,,,,,WIP: Implement linking against frameworks,WIP: Linking against frameworks  Change-Id: I59b5ab1c097566eb4f14835f9057e2b846ca9f0c
68356,qt%2Fqtbase~5.8~Ibae16792d822ff183a0c542380501978f2108d93,https://codereview.qt-project.org/173313,7,17,0,0,6823,22,3,1,1265.97277777778,422,,,,,QListViewItem: add constexpr,"QListViewItem: add constexpr  This class is just a record with a bit of functionality on it. To prevent pessimizing it compared to a C struct with the same contents, mark all operations constexpr and remove the point- less copy ctor (the generated one is just fine).  Saves ~1KiB each in text and data size on an UBSan build, somewhat less, of course, on a normal one.  Change-Id: Ibae16792d822ff183a0c542380501978f2108d93"
271859,qt%2Fqtwayland~dev~Ie68badd2ff62ee544c31edaff7c732082e0a4115,https://codereview.qt-project.org/200209,4,17,3,0,2267,70,5,6,13321.8311111111,128,,,,,Fix platform integration not building with -no-feature-wayland-server,WIP: Fix platform integration not building with -no-feature-wayland-server  Change-Id: Ie68badd2ff62ee544c31edaff7c732082e0a4115
232145,qt%2Fqtbase~dev~I497da6ed489854bdee5a1ead9a3f34118c78d001,https://codereview.qt-project.org/298343,6,17,0,0,18486,301,4,15,71.2258333333333,109,,,,,Port qtbase/tests/auto/corelib/text tests to CMake,WIP: Port qtbase/tests/auto/corelib/text tests to CMake  Change-Id: I497da6ed489854bdee5a1ead9a3f34118c78d001
44672,qt-creator%2Fqt-creator~4.5~I75d726cea160c557374051db3ba413d3dd1a41a2,https://codereview.qt-project.org/211492,5,17,3,0,2139,10,3,1,21.7994444444444,92,,,,,Add isRemoteRunning() as isRunning() only apply to local processes,Fix remote isRunning() support missing  Change-Id: I75d726cea160c557374051db3ba413d3dd1a41a2
260153,qt%2Fqtbase~dev~Ia5d0e058f14dae067b13ac7360e7fec4edd9ec53,https://codereview.qt-project.org/234249,4,18,0,0,54365,57,2,2,8145.22694444445,262,,,,,Add displayName getters to QSslCertificate,Add displayName getters to QSslCertificate  Provides two convenient getter for a display name of the subject and issuer. This simplifies cases where you just want a simple string describing either of the two.  Change-Id: Ia5d0e058f14dae067b13ac7360e7fec4edd9ec53
285401,qt%2Fqt5~5.12~Iff793d3ce57838ee19c427bbc9f7fec42ab2b94c,https://codereview.qt-project.org/342264,2,18,3,0,11997,4,4,2,48.4513888888889,91,,,,,Update submodules on '5.12' in qt/qt5,Update submodules on '5.12' in qt/qt5  Change-Id: Iff793d3ce57838ee19c427bbc9f7fec42ab2b94c
73756,qt%2Fqtquickcontrols2~5.7~I72ce8b493b3faf49d7f155ac802109bd9bdb4089,https://codereview.qt-project.org/171340,3,18,1,0,4799,12,5,1,9.54277777777778,238,,,,,Dial: clarify the documentation for some properties,Dial: clarify the documentation for some properties  - Document the range of the angle property - Fix handle's property type - Explain stepSize more thoroughly  Change-Id: I72ce8b493b3faf49d7f155ac802109bd9bdb4089 Task-number: QTBUG-55904
104340,qt%2Fqt3d~5.5~I7d6f48f6c9b54810fb127dfe6371ede026f129bf,https://codereview.qt-project.org/121857,3,18,0,0,654,272,6,8,168.502777777778,109,,,,,Added PhongAlphaMaterial for qml,Added PhongAlphaMaterial for qml  cpp version to follow  Change-Id: I7d6f48f6c9b54810fb127dfe6371ede026f129bf
84637,qt%2Fqt3d~5.7~I50db98653d9d5b8420718777e89f8ed21e97dd02,https://codereview.qt-project.org/156768,3,19,0,0,17237,243,5,4,121.553333333333,93,,,,,Add change type for NodeRemoved changes,Add change type for NodeRemoved changes  Change-Id: I50db98653d9d5b8420718777e89f8ed21e97dd02
119457,installer-framework%2Finstaller-framework~master~I2a847f009ed1557a5e136e2b0006de5c62426da2,https://codereview.qt-project.org/100555,5,19,6,0,855,257,7,9,117.514722222222,536,,,,,Implement a way to start the server in debug mode and API cleanup.,"Implement a way to start the server in debug mode and API cleanup.  1; Passing debug as first argument to the starting server makes it ignore the port and key and fallback to default values. The server side watchdog is not started either and so the server keeps running in an endless loop. This makes it far easier to attach a debugger. 2; API cleanup and unify init function to take port, key, and mode. The address was never able to be changed anyway, so stop passing them around.  Change-Id: I2a847f009ed1557a5e136e2b0006de5c62426da2"
104884,qt%2Fqtwebengine~dev~Ie449e310202458c5c514a5eb6af2d30486ec0891,https://codereview.qt-project.org/121055,4,19,0,0,3253,6,4,2,145.862777777778,198,,,,,Update Chromium version to 44.0.2403.80,Update Chromium version to 44.0.2403.80  Also switch to parsing DEPS instead of .DEPS.git as the latter has been removed from upstream chromium.  Change-Id: Ie449e310202458c5c514a5eb6af2d30486ec0891
101718,qt%2Fqtdeclarative~dev~Ia887437f99b9ce207891ca19bc49294acb7d629d,https://codereview.qt-project.org/124069,6,19,0,0,57502,52,3,24,209.363888888889,161,,,,,Tests: Remove QT_DISABLE_DEPRECATED_BEFORE=0 for simple cases.,Tests: Remove QT_DISABLE_DEPRECATED_BEFORE=0 for simple cases.  Fix usage of API that is marked deprecated.  Change-Id: Ia887437f99b9ce207891ca19bc49294acb7d629d
86652,qt%2Fqtbase~5.6~Ice22e0495112dc3427eb35b5b73420f42d7dafc1,https://codereview.qt-project.org/147553,5,20,0,0,16095,5,5,1,1733.29444444444,291,,,,,Remove QDateTimeEditPrivate's duplication of QDateTimeParser code.,"Remove QDateTimeEditPrivate's duplication of QDateTimeParser code.  Both constructors set up the first, last and none members. QDateTimeEditPrivate wants first.pos = 0, different to its base, so keep that, but the rest merely duplicated.  Change-Id: Ice22e0495112dc3427eb35b5b73420f42d7dafc1"
124124,qt-creator%2Fqt-creator~master~I964fbd92055f2f2649e7d8ed5739cf1fc7cae927,https://codereview.qt-project.org/94787,3,20,4,0,892,2,7,1,142.833611111111,270,,,,,QmakeGlobals::expandEnvVars: Make sane,QmakeGlobals::expandEnvVars: Quickly return in the common case  Usually there is no environment variable to be expanded. Checking if the string contains any '$' speeds up loading qtcreator.pro by roughly 1.5 percent.  Change-Id: I964fbd92055f2f2649e7d8ed5739cf1fc7cae927
110318,qt%2Fqtdeclarative~5.5~I6704bd9efaf8681f939a148b2cb0a1de2cb22d80,https://codereview.qt-project.org/110366,4,20,0,0,741,2,7,1,51.2280555555556,235,,,,,Speed up creation of objects that don't import scripts,"Speed up creation of objects that don't import scripts  In the common case of no 'import ""Foo.js"" as Bar' we can avoid the creation of the JS array that holds the script references.  Change-Id: I6704bd9efaf8681f939a148b2cb0a1de2cb22d80"
106516,qt%2Fqtdeclarative~dev~Ia6f978e037506484adbc01a61606307d4645b343,https://codereview.qt-project.org/111587,2,20,0,0,35295,68,9,4,1140.33611111111,272,,,,,Get rid of the tmpProperty in StringObject,"Get rid of the tmpProperty in StringObject  This was a bad hack. The new code is cleaner, and should also perform faster in a couple of cases (avoiding the creation of a temporary String that is then only thrown away).  Change-Id: Ia6f978e037506484adbc01a61606307d4645b343"
101692,qt%2Fqtdeclarative~5.5~I14e03317d7470f33a899ba05b62b3d68fdb03734,https://codereview.qt-project.org/121948,3,21,7,0,714,39,8,4,1033.94611111111,127,,,,,Doc: broken links and missing doc for functions,Doc: broken links and missing doc for functions  Task-number. QTBUG-43810  Change-Id: I14e03317d7470f33a899ba05b62b3d68fdb03734
151383,qt%2Fqtdeclarative~dev~Ia0e30ba98c16e51c9992027c7e5f78d4def8697a,https://codereview.qt-project.org/65950,4,21,0,0,1227,54,5,5,60.1458333333333,94,,,,,Fix some more methods to take ValueRef's,Fix some more methods to take ValueRef's  Change-Id: Ia0e30ba98c16e51c9992027c7e5f78d4def8697a
130794,qt%2Fqtbase~dev~Ib241c3e5107add255a48340f86ee5885f895ff83,https://codereview.qt-project.org/87024,4,21,0,0,1132,588,7,3,461.361944444444,248,,,,,winrt: Clean up QWinRTScreen,winrt: Clean up QWinRTScreen  - Remove WP8.0 code paths - Remove WinRT types from header as much as possible - Use ComPtr where appropriate - Use COM convenience methods  Task-number: QTBUG-38115 Change-Id: Ib241c3e5107add255a48340f86ee5885f895ff83
125819,qt%2Fqtdeclarative~5.3~I0602b3aa1ffa4de5006da58396f166805cf4a5e2,https://codereview.qt-project.org/87257,4,21,0,0,912,75,5,2,1943.73027777778,488,,,,,Fix crashes when calling Array.sort with imperfect sort functions,"Fix crashes when calling Array.sort with imperfect sort functions  We can't use std::sort to implement Array.sort. The reason is that std::sort expects a conformant compare function, and can do weird things (esp. crash) when the sort function isn't conformant.  Falling back to qSort is not possible, as the method has been deprecated. So add a copy of the qSort implementation here, and use that one instead.  Task-number: QTBUG-39072 Change-Id: I0602b3aa1ffa4de5006da58396f166805cf4a5e2"
112037,qt-creator%2Fqt-creator~3.4~I895d0ae48c36030e58aea1676873bd285680a661,https://codereview.qt-project.org/107119,5,22,0,0,2856,68,3,4,467.444722222222,104,,,,,PluginManager: share ExecuteOnDestruction with utils,PluginManager: share ExeQtOnDestruction with utils  Change-Id: I895d0ae48c36030e58aea1676873bd285680a661
181126,qt%2Fqttools~master~I55a7545064d32ac717ce9c57205ef59b76afc3f0,https://codereview.qt-project.org/34374,3,22,3,0,1202,31,5,3,330.408888888889,279,,,,,less esoteric parameter passing to processProject(),less esoteric parameter passing to processProject()  just pass around fully qualified file names instead of QFileInfos. a side effect of this is that error messages use full paths as well - this can be considered good or not.  Change-Id: I55a7545064d32ac717ce9c57205ef59b76afc3f0
152531,qt%2Fqtbase~dev~Ice57c02dc85f7f9ecf14e3bc65f31a57b589ce24,https://codereview.qt-project.org/327763,7,22,8,0,1155,15,4,4,19.0927777777778,326,,,,,CMake: Add --enable-new-dtags flag support,"CMake: Add --enable-new-dtags flag support  Remove enable-new-dtags from feature mapping, handle it as regular feature. Regenerate configure.cmake with 'enable-new-dtags' enabled. Check of enable_new_dtags feature, add -Wl,--enable-new-dtags if enabled.  Fixes: QTBUG-89013 Change-Id: Ice57c02dc85f7f9ecf14e3bc65f31a57b589ce24"
146381,qt%2Fqtbase~old%2F5.1~I8fc38fafba746b062c4ad16314b0a410fd0b668d,https://codereview.qt-project.org/69637,7,22,4,0,1150,17,5,1,363.563611111111,336,,,,,Keep web fontdata alive as long as CG uses it,"Keep web fontdata alive as long as CG uses it  With OS X 10.9 font decoding appears to happen lazily, this means we have to ensure the data we provide CG is kept alive until it dereferences it itself.  Task-number: QTBUG-34332 Change-Id: I8fc38fafba746b062c4ad16314b0a410fd0b668d Reviewed-by: Erik Verbruggen <erik.verbruggen@digia.com>"
118111,qt%2Fqtdeclarative~dev~I8a76112d821cb3fc172ba0d16ee8410d39b4422a,https://codereview.qt-project.org/100486,2,23,0,0,858,156,7,19,477.273333333333,100,,,,,Better encapsulate access to the global object,Better encapsulate access to the global object  Change-Id: I8a76112d821cb3fc172ba0d16ee8410d39b4422a
198853,qt-creator%2Fqt-creator~master~I8f838a61261e1355031b7206a73c013cdcbda5a3,https://codereview.qt-project.org/15542,4,23,16,0,1138,30,5,1,66.3583333333333,84,,,,,Squish: Added debugging output,Squish: Added debugging output  Change-Id: I8f838a61261e1355031b7206a73c013cdcbda5a3
164733,qt-creator%2Fqt-creator~2.7~Iccb0e38a39dfcae72326d68b9ff43b2555187f6c,https://codereview.qt-project.org/52320,3,23,14,0,883,42,7,2,384.747222222222,356,,,,,ClearCase: Fixed get active VOBs,"ClearCase: Fixed get active VOBs  The correct way to check if a VOB is active (mounted) is to check for a ""*"" in the output of ""cleartool lsvob"". On windows a directory for each active VOB exists under topLevel, but this is not true for unix where directories (mount points) for all VOBs exists always.  Change-Id: Iccb0e38a39dfcae72326d68b9ff43b2555187f6c"
158100,qt%2Fqtbase~dev~Ic1f3ec23576ed8407a76cc2b9f84a145c67b1d4b,https://codereview.qt-project.org/282590,5,23,0,0,33902,4,6,2,9222.08444444444,359,,,,,xcb: Fix available geometry after rotation,"xcb: Fix available geometry after rotation  QXcbVirtualDesktop::m_workArea is not updated after screen rotation if _NET_WORKAREA is not updated, e.g. when a window manager is not running.  Make QXcbVirtualDesktop::workArea() return the current geometry of the virtual desktop if _NET_WORKAREA is not used.  Change-Id: Ic1f3ec23576ed8407a76cc2b9f84a145c67b1d4b"
190779,qt%2Fqtmultimedia~master~Ifb2604f440cfa97513d39f5d7978766c88eaec45,https://codereview.qt-project.org/20888,10,24,12,0,3025,986,7,57,870.985833333333,574,,,,,Split gstreamer plugin into smaller plugins providing fewer services,"Split gstreamer plugin into smaller plugins providing fewer services  The gstreamer blob has been split into four plugins: audiodecoder, camerabin, mediacapture, and mediaplayer. Note: camerabin is still disabled because it is untested camerabin2 implementation. A new qmake configuration use_gstreamer_camera has been introduced and is needed for the mediacapture plugin to expose the camera service. This configuration has been disabled by default. Shared functionality has been moved to the internal gsttools library.  Change-Id: Ifb2604f440cfa97513d39f5d7978766c88eaec45"
240964,qt-creator%2Fqt-creator~master~I97578f4a5b5275071aa0253a22fc9ab2f90d9b75,https://codereview.qt-project.org/352213,5,24,1,0,1254,22,10,4,161.161111111111,183,,,,,Fix a possible crash on shutdown while executing VcsCommand,Fix a posible crash on shutdown while executing VcsCommand  Add a global synchronizer to the VcsPlugin.  Fixes: QTCREATORBUG-25744 Change-Id: I97578f4a5b5275071aa0253a22fc9ab2f90d9b75
129859,qt%2Fqtbase~5.3~I70335af38c1d28a1cdba1df8a79c6006f227422e,https://codereview.qt-project.org/88034,5,24,0,0,3578,38,5,1,248.542777777778,390,,,,,qDebug: fix data race in qt_message_print,"qDebug: fix data race in qt_message_print  The setting of (static) messageHandler to qDefaultMessageHandler if null was happening in multiple threads simultaneously, so it needs synchronization.  Used an atomic pointer in case qInstallMessageHandler is called from a thread, but more importantly, initialized the static vars right away.  Change-Id: I70335af38c1d28a1cdba1df8a79c6006f227422e"
220249,qt%2Fqt5~5.12~I924e1e353caf3a90957b2efb7c393ed6038f1d60,https://codereview.qt-project.org/312673,2,24,4,0,43694,2,5,1,72.7627777777778,91,,,,,Update submodules on '5.12' in qt/qt5,Update submodules on '5.12' in qt/qt5  Change-Id: I924e1e353caf3a90957b2efb7c393ed6038f1d60
238520,qbs%2Fqbs~master~I10aa20a8d621030b3d0bea1a465cdbdb9ba6193c,https://codereview.qt-project.org/289465,6,25,7,0,1532,42,7,2,237.039166666667,138,,,,,Adds missing documentation of timeout property for autotests,Adds missing documentation of timeout property of AutotestRunner and autotest module  Change-Id: I10aa20a8d621030b3d0bea1a465cdbdb9ba6193c
284189,qt%2Fqtdeclarative~dev~I6e438753332ec4db963d6cdcf86f340ff212777a,https://codereview.qt-project.org/232790,3,25,1,0,93146,328,7,21,141.376388888889,419,,,,,Add Proxy support for prototype handling,Add Proxy support for prototype handling  Cleanup get/setPrototypeOf and fix some smaller incompatibilities in the default implementation for Object.  Add the methods to the vtable and reimplement them according to spec for ProxyObjects.  Clean up the Object.prototype.get/setPrototypeOf/__proto__ methods and fix a smaller bug in the Reflect API for those methods.  Change-Id: I6e438753332ec4db963d6cdcf86f340ff212777a
186962,qt%2Fqtbase~master~I53f979d06d0a264c5aab1193bab181a38ab837d6,https://codereview.qt-project.org/28835,11,25,0,0,2515,0,3,0,44.0408333333333,179,,,,,Merge branch 'buildsystem',"Merge branch 'buildsystem'  This appears to be fully backwards-compatible with all tested modules, as far as CI is concerned.  Change-Id: I53f979d06d0a264c5aab1193bab181a38ab837d6"
261007,qt%2Fqtbase~dev~I84cf811d9e886369a659ecb33ce1778207660922,https://codereview.qt-project.org/214343,3,25,3,0,6115,29,5,1,13158.7538888889,111,,,,,Windows QPA: Use new QPA Dnd API,Windows QPA: Use new QPA Dnd API  Task-number: QTBUG-57168 Change-Id: I84cf811d9e886369a659ecb33ce1778207660922
234648,qt%2Fqtbase~dev~I05f1d987f194a5bec335f2405cc2846fbaa88b66,https://codereview.qt-project.org/292537,3,26,2,0,67107,161,8,5,612.214722222222,191,,,,,Add a public qsimd.h header,"Add a public qsimd.h header  This header only covers a part of what qsimd_p.h does, namely the compile time detection of simd extensions.  Change-Id: I05f1d987f194a5bec335f2405cc2846fbaa88b66"
285062,qt%2Fqt5~5.11~I3b6197f122aaeca5eb1838db41d3fb864eb4043a,https://codereview.qt-project.org/231617,3,26,0,0,31507,6,4,3,74.5580555555556,88,,,,,Update submodules on '5.11' in qt5,Update submodules on '5.11' in qt5  Change-Id: I3b6197f122aaeca5eb1838db41d3fb864eb4043a
180845,qt%2Fqtbase~master~I283d47152f75de81ec68a3df1f0f2273f11c5149,https://codereview.qt-project.org/34533,6,26,0,0,1758,171,6,2,346.452222222222,244,,,,,Moc: Correctly expand macros with arguments,Moc: Correctly expand macros with arguments  Moc now supports full expansion of macros with arguments with the exception of some keywords such as Q_OBJECT and others that are used internally  Change-Id: I283d47152f75de81ec68a3df1f0f2273f11c5149
261281,qt%2Fqtbase~dev~I1917d2dbdbaeded0d9c021baaa799d56afe1a9bd,https://codereview.qt-project.org/204843,7,26,6,0,2140,2798,9,23,15488.3097222222,2433,,,,,Add a tech preview eglfs device integration for VSP2 composition,"WIP: Add an eglfs device integration for VSP2 composition  This creates a new device integration for eglfs, eglfs_kms_vsp2, that's very similar to eglfs_kms_gbm, but includes an extra step for doing VSP2 hardware compositing.  The main Qt content is drawn to double buffered off-screen GBM buffers which are converted using drmPrimeHandleToFD so we get DMA buffer file descriptors that can be used by the VSP2 blending hardware. The blending hardware writes to double buffered DRM dumb buffers, which are flipped with drmModePageFlip.  Communicating with the VSP2 is done using the Video4Linux2 (V4L2) streaming API. There are two steps in creating abstractions for this. First, there is the QLinuxMedia class that consists of a Qt style wrapper for V4L2 without anything VSP2 specific. Second, there is QVsp2BlendingDevice which hides some of the streaming details of the VSP2 and has some level of error recovery. Both classes include a fair bit of logging and error reporting.  The patch is written with Wayland compositors in mind, but should work for other use cases as well.  TODO:  - Clients are not flushed to the screen unless the compositor updates. Clients   should also be able to cause the blending unit to blend and the display to   flip. - Support the client setting the alpha value of a layer. - There's a bug when reconnecting after a client leaves (size is not set   properly...) - Reduce duplications (many files are just simple copies from eglfskmsgbm). - I've totally ignored cursors and just copied what was in eglfskmsgbm. It   probably doesn't work. - Support foreign layers below the main Qt layer. - Rename QLinuxMedia and/or QVsp2BlendingDevice? - Move VSP2 functions from eglfsfunctions.h to somewhere else? - Log to new logging category(ies)? - Remove dead code that was only needed by eglfskmsgbm. - VSP2 and V4L2 feature detection is untested on non-VSP2 devices and not used   everywhere. - Go through latest patches for eglfskms and see if something applies to this   patch as well (i.e. drmModeAddFB2 and similar)  Missing nice-to-haves:  - Support clipping layers. - Support for scaling layers. - Support for other output formats than RGBA32. - Support for memory mapped and user pointer buffer types (currently only DMA   buffers are supported). - Support for multi-planar buffers? (currently we use multi-planar buffers with   just one plane)  Change-Id: I1917d2dbdbaeded0d9c021baaa799d56afe1a9bd"
254684,qt%2Fqtdeclarative~dev~I50f620216439a3edc66ac740cb051c2fbb936e51,https://codereview.qt-project.org/270988,4,27,11,1,1510,85,10,5,48.465,295,,,,,qqml.h: add qmlRegisterAnonymousType,"qqml.h: add a new overload of qmlRegisterUncreatableType  This version behaves for the most part like qmlRegisterType(), but it adds a uri and major version, which qmlplugindump can use to put the tpyes into the correct plugins.qmltyes file.  Change-Id: I50f620216439a3edc66ac740cb051c2fbb936e51"
208085,qt%2Fqtwebengine~5.15~I8e513aa446484fde869e2317afa28ecb6d5ebac0,https://codereview.qt-project.org/319623,3,27,1,0,71161,16,4,1,295.565,346,,,,,Fix getDefaultScreenId on X11,"Fix getDefaultScreenId on X11  Screen enumeration has been implemented in webrtc for X11: https://webrtc-review.googlesource.com/c/src/+/169200  It is available for webengine since the Chromium 83 update. Since then, the screen sharing is broken on X11 becuase the screen ID is not 0 anymore.  Change-Id: I8e513aa446484fde869e2317afa28ecb6d5ebac0"
279729,pyside%2Fpyside-setup~dev~I5b9acddb684ba27233efa53e6b0e04291aaba46a,https://codereview.qt-project.org/334507,4,27,34,1,2032,398,6,3,1462.51916666667,263,,,,,Add an editable Json Model example,"Add an editable Json Model example  This is an adaptation of my code available on https://github.com/dridk/QJsonModel. Due to its success, it may be good to add it into the official documentation.  Pick-to: 6.0 Change-Id: I5b9acddb684ba27233efa53e6b0e04291aaba46a"
255918,qt3dstudio%2Fqt3dstudio~master~I892c56a955e0fe2dde88611c8636dd4263894017,https://codereview.qt-project.org/268973,9,27,9,9,32244,108,10,7,74.7583333333333,112,,,,,Add custom shader recompilation support to the editor,WIP: Add custom shader recompilation support to the editor  Change-Id: I892c56a955e0fe2dde88611c8636dd4263894017
259992,qt%2Fqtbase~dev~Ie16256282784926506355012a735511b98118614,https://codereview.qt-project.org/235806,8,28,6,0,73110,63,4,3,7614.61666666667,110,,,,,macOS: Simplify and clean up QCocoaGLContext constructor,macOS: Simplify and clean up QCocoaGLContext constructor  Change-Id: Ie16256282784926506355012a735511b98118614
205964,qt%2Fqtbase~master~If855619bc6843652db0d6254f7e7063bb8ad0936,https://codereview.qt-project.org/6682,5,28,3,0,9050,87,4,6,540.200833333333,268,,,,,Support tentative commit string with input method.,Support tentative commit string with input method.  Tentative commit string allows input method to notify editor what is expected to be committed in the place of preedit. This commit adds such support in QLineEdit.  Change-Id: If855619bc6843652db0d6254f7e7063bb8ad0936
293975,qt%2Fqtwebengine~5.11~I9560c6a4618eec7caebbbd147cd170bea74a01aa,https://codereview.qt-project.org/218252,7,28,0,0,95649,6,2,2,340.843055555556,82,,,,,Remove unused GetCachePath(),Remove unused GetCachePath()  Change-Id: I9560c6a4618eec7caebbbd147cd170bea74a01aa
260231,qt%2Fqtbase~dev~I51de0493d989a5ba36de2cef58d35526c0e26cda,https://codereview.qt-project.org/233368,5,28,4,0,75895,32,4,1,8480.41027777778,739,,,,,tst_QSslSocket::qtbug18498_peek() - fix several problems,"tst_QSslSocket::qtbug18498_peek() - fix several problems  It all started from the compiler's warnings about 'this' captured but not used in lambdas. While fixing this it was noticed that 'client' socket has a lifetime longer than the test case itself (the socket has a parent, which is tst_QSslSocket object). The 'server' socket was simply leaked. So there is no guarantee that some of them (or both) later, after the test failed in one of QVERIFY, for example, does not emit 'encrypted' upon receiving more data; this will result: in reading/writing from/to invalid memory location (captured local 'encryptedCount') and/or probably exiting event loop when it's not expected to do so.  Change-Id: I51de0493d989a5ba36de2cef58d35526c0e26cda"
288450,qt%2Fqtdeclarative~dev~I82cb787f068dbcc1e5410432f462eceaa3273457,https://codereview.qt-project.org/224031,3,29,0,0,2637,13,15,2,888.028055555555,119,,,,,Properly mark catch statement with destructuring as unimplemented,Properly mark catch statement with destructuring as unimplemented  Change-Id: I82cb787f068dbcc1e5410432f462eceaa3273457
233206,qt%2Fqtbase~dev~I282a444b9fdf1c834dcf90d7fd6743781b94643c,https://codereview.qt-project.org/294387,5,29,0,0,30434,15,12,1,670.907222222222,114,,,,,Port qfilesystemengine_win.cpp to QRegularExpression,WIP: tentative removal of QRegExp  Needs testing on Windows.  Change-Id: I282a444b9fdf1c834dcf90d7fd6743781b94643c
288951,qt%2Fqtbase~5.11~I90463c0dfaadda29dcd24a08ba35c91fac8bd04c,https://codereview.qt-project.org/224678,6,29,11,0,21286,16,4,1,586.593055555556,181,,,,,Windows QPA: Fix ambiguous shortcut overload warnings for ALT-keys,Windows QPA: Fix ambiguous shortcut overload warnings for ALT-keys  WIP : Some comment and explanation  Task-number: QTBUG-67200 Change-Id: I90463c0dfaadda29dcd24a08ba35c91fac8bd04c
280468,qt%2Fqt5~5.12~Iddf3bd2609e6b06b33cbe2258075157e91e52e8e,https://codereview.qt-project.org/237064,7,29,1,0,7333,248,5,3,456.855277777778,136,,,,,Provisioning: Move Android NDK to macos 10.13,Provisioning: MacOS_10.13: Upgrade to Android NDK r16b  Task-number: QTQAINFRA-2158 Change-Id: Iddf3bd2609e6b06b33cbe2258075157e91e52e8e
253225,qt-creator%2Fqt-creator~4.10~Iea9900cf7683b521497cc6403638498a9ca5e2e9,https://codereview.qt-project.org/260893,7,30,9,1,1033,6,9,1,3023.53527777778,263,,,,,ClangFormat: Provide an error message for Clang Format,ClangFormat: Provide an error message for Clang Format  If an patch is not applied to libFormat in Clang we do nothing. It would be better to provide feedback if the plugin is loaded.  Change-Id: Iea9900cf7683b521497cc6403638498a9ca5e2e9 Fixes: QTCREATORBUG-22404
292234,qt%2Fqt5~5.11~I26a1b9fa235c44fe933f2f29016a80f57d47ed49,https://codereview.qt-project.org/222289,8,30,1,0,38953,72,4,3,95.6777777777778,172,,,,,Install RHEL EPEL only once,Install RHEL EPEL only once  Installing twice will fail when prevening the +e injection when fixing the try-catch bug.  Change-Id: I26a1b9fa235c44fe933f2f29016a80f57d47ed49
45614,qt%2Fqtquickcontrols2~5.10~If285e90d25d497155c060907b8f8c60859e55a9a,https://codereview.qt-project.org/210020,3,30,32,0,2231,1550,9,156,47.7738888888889,97,,,,,Add Music Player Imagine style example,WIP: Add Music Player Imagine style example  Change-Id: If285e90d25d497155c060907b8f8c60859e55a9a
122969,qtsdk%2Fqtsdk~master~I922f669c87ea20b11403ccd5dd0be7e7dd1eb6c9,https://codereview.qt-project.org/96337,5,30,0,0,1911,10,15,1,97.5016666666667,93,,,,,Fix for Linux QtWebkit build (ICU),WIP: Fix for Linux QtWebkit build (ICU)  Change-Id: I922f669c87ea20b11403ccd5dd0be7e7dd1eb6c9
44336,qt-creator%2Fqt-creator~master~I5740f1f2339fd30670567f24db2be2454f665f41,https://codereview.qt-project.org/210426,5,31,61,0,1399,213,9,7,379.546944444444,199,,,,,Clang: Android: fix clang code model errors,Clang: Android: fix clang code model errors  Add missing gcc include directories in Android toolchain. Basic widgets project works without error.  Change-Id: I5740f1f2339fd30670567f24db2be2454f665f41
119762,qt-creator%2Fqt-creator~master~I2da02d65efa11e160cab5fa9f8a21075beb0e2bf,https://codereview.qt-project.org/98336,4,31,8,0,960,1615,13,22,571.005555555556,194,,,,,QmlProfiler: Split AbstractTimelineModel in two classes,QmlProfiler: Split AbstractTimelineModel in two classes  We need a general purpose TimelineModel and a specialized QmlProfilerTimelineModel.  Change-Id: I2da02d65efa11e160cab5fa9f8a21075beb0e2bf
260937,qt%2Fqtbase~dev~Ib203b2cdb16154cbb2680d16fb5c6a7538f33d07,https://codereview.qt-project.org/215563,7,31,17,0,1879,18,9,3,12659.5577777778,507,,,,,Add QModelIndex::siblingAtColumn and ::siblingAtRow,"Overload QModelIndex::sibling to only take column  Data in item models is most often organized in rows, where each column contains an attribute of the item represented by the row. Often when sibling is used, it is to request another piece of data from the same row. Having an overload makes this easier and less awkward to do, simplifying  auto sibling = index.sibling(index.row(), columnOfInterest);  to  auto sibling = index.sibling(columnOfInterest);  Change-Id: Ib203b2cdb16154cbb2680d16fb5c6a7538f33d07"
77242,qt%2Fqtbase~dev~If6c484bc89a2610c6a9e3e7bd54ef85ef40a783f,https://codereview.qt-project.org/150446,9,31,5,0,6935,9,3,3,3840.95805555556,101,,,,,Add std::nullptr_t as builtin type in QMetaType,Add std::nullptr_t as builtin type in QMetaType  Change-Id: If6c484bc89a2610c6a9e3e7bd54ef85ef40a783f
39978,qt%2Fqtmultimedia~dev~I6a16dbc5466d89670c78ee995911561f73ffd6e2,https://codereview.qt-project.org/230410,5,32,8,0,892,74,14,2,959.407777777778,459,,,,,WIP Gstreamer: Allow custom video sink,Gstreamer: Allow custom video sink  Added an ability to override default video sink and define custom one instead. Since gst_parse_launch is used it is also possible to provide parameters within a string. For example: imxipuvideosink framebuffer=/dev/fb1  Also implemented setting properties of any gst elements from pipeline. In case if there is a need to define or change some configurations on runtime.  Change-Id: I6a16dbc5466d89670c78ee995911561f73ffd6e2
141925,qt%2Fqtdoc~dev~Ifac72a4a7491bf0d07b4f7c1ad4c47490fae5929,https://codereview.qt-project.org/75087,5,32,0,0,2858,179,14,1,409.260833333333,159,,,,,Doc: updated the license overview table,Doc: updated the overview table  Inserted third-party licenses in overview table  Task-number: QTBUG-35362 Change-Id: Ifac72a4a7491bf0d07b4f7c1ad4c47490fae5929
291748,qt%2Fqt5~dev~I2f90804140d6e15fc7c3e829a7b6c86611a496d1,https://codereview.qt-project.org/223305,3,32,0,0,14746,8,6,4,58.8675,87,,,,,Update submodules on 'dev' in qt5,Update submodules on 'dev' in qt5  Change-Id: I2f90804140d6e15fc7c3e829a7b6c86611a496d1
87788,qt%2Fqtquickcontrols2~5.7~Iede4ec669f7d42d197e8a42623714c977b0c8a03,https://codereview.qt-project.org/152504,3,32,1,0,99745,54,7,2,138.471944444444,184,,,,,Drawer: respect swipe velocity,"Drawer: respect swipe velocity  A fast enough swipe should open/close the drawer, even if it doesn't cross the position threshold.  Change-Id: Iede4ec669f7d42d197e8a42623714c977b0c8a03"
51928,qt%2Fqtbase~5.9~Ic0f5fad6999ddd367e435ec4409a5db5b9eacb7b,https://codereview.qt-project.org/151371,8,33,7,0,4942,4,5,1,12171.0163888889,341,,,,,QLineEdit: Don't move the cursor after internalInsert() has done so,Don't move the cursor after internalInsert() has done so  internalInsert() will set the cursor to the right position which accounts for any input mask set on the control as well. Therefore it will already be placed at the next correct position and should not be changed again after that.  Change-Id: Ic0f5fad6999ddd367e435ec4409a5db5b9eacb7b
184831,qt%2Fqtdeclarative~master~I767a40ca0d5ed748bcb27ad23212ddbc22272fc5,https://codereview.qt-project.org/17719,8,33,3,0,2041,89,11,2,3334.23916666667,196,,,,,Adjust Flickable autotest to check mouse events with transformation,Adjust Flickable autotest to check mouse events with transformation  Tests mouse events with graphical transformations applied to the element.  Change-Id: I767a40ca0d5ed748bcb27ad23212ddbc22272fc5
99108,qt%2Fqtbase~dev~I05a29ef1f2e67c98d26236c2cc40a13856a91af6,https://codereview.qt-project.org/114329,7,33,7,0,8551,262,5,1,3004.02805555556,356,,,,,QMetaObjectBuilder: replace index-based for loops with C++11 range-for,"QMetaObjectBuilder: replace index-based for loops with C++11 range-for  ...for the recently-introduced std::vector objects (QVector would detach).  Also, as a drive-by, reorder two comparisions so the cheaper one is first, twice.  Saves 1700B of text size on GCC 4.9 optimized C++11 AMD64 Linux builds.  Change-Id: I05a29ef1f2e67c98d26236c2cc40a13856a91af6"
53778,qt%2Fqtbase~5.9~I78e31e7caa7a698f41c66d7bbac58a766c6e8834,https://codereview.qt-project.org/198338,5,33,0,0,196848,9,2,1,145.034444444444,249,,,,,QOperatingSystemVersion/Android: compress global data,QOperatingSystemVersion/Android: compress global data  The values do not need to be 2 x 32-bits. Eight bits suffice for a long time to come.  Should save 189 bytes in text size on Android builds.  Change-Id: I78e31e7caa7a698f41c66d7bbac58a766c6e8834
50928,qt%2Fqttools~dev~I67953d964cd09410126d64fa3305c669111e74ce,https://codereview.qt-project.org/182720,4,34,0,0,4819,19,17,1,4890.98888888889,771,,,,,"qdoc: A different way to fix the ""signed"" problem","qdoc: A different way to fix the ""signed"" problem  The old qdoc parser is still used for parsing \fn commands because clang can't be used to parse code fragments. This causes a problem when the ""signed"" reserved word is used because clang doesn't keep it if it doesn't add anything to the type, while the old qdoc parser always appends it to the type under construction.  The fix here is to let the old qdoc parser hold the ""signed"" reserved word aside until it knows what the next lexeme is. Then it either appends the held ""signed"" or discards it, depending on what the next lexeme is. e.g., if the next word is ""int"" discard ""signed"" but if the next word is ""char"" append the held ""signed"" before appending ""char"".  Change-Id: I67953d964cd09410126d64fa3305c669111e74ce"
190975,qt%2Fqtbase~dev~I5192ba19bb77952505c20d053d7285f798d16ac5,https://codereview.qt-project.org/323070,5,34,0,0,49219,8,4,1,31.9472222222222,268,,,,,CMake: Rename QtBuildInternalsAndroid.cmake to QtAndroidHelpers.cmake,CMake: Clarify include strategies of QtBuildInternalsAndroid.cmake  Add detailed comment why we're include QtBuildInternalsAndroid.cmake in two different ways.  This amends e8d8b1a5e4c451833fbee9582e36724ba1ed0aa9.  Change-Id: I5192ba19bb77952505c20d053d7285f798d16ac5
103933,qt%2Fqtdeclarative~dev~Ia73a2a22ba6bccbd85bbca6eda2fb9f5a8d6dd3b,https://codereview.qt-project.org/121983,4,34,0,0,9298,11,15,6,341.118888888889,142,,,,,Move QQmlConfigurableDebugService into qmltooling/shared,Move QQmlConfigurableDebugService into qmltooling/shared  It's only used by plugins now.  Change-Id: Ia73a2a22ba6bccbd85bbca6eda2fb9f5a8d6dd3b
51173,qt%2Fqtbase~dev~I35c4da69d754686a43e675b3d215213e448df7cf,https://codereview.qt-project.org/200073,9,34,7,0,8410,45,6,1,541.689722222222,356,,,,,QFileSystemEngine/Windows: fix setFileTime when input date is UTC,"QFileSystemEngine/Windows: fix setFileTime when input date is UTC  I was getting a weird 7-hour offset when doing:      QVERIFY(file.setFileTime(before.addSecs(-10), QFile::FileModificationTime));     mtime = file.fileTime(QFile::FileModificationTime).toUTC();     QCOMPARE(mtime, before.addSecs(-10));  Change-Id: I35c4da69d754686a43e675b3d215213e448df7cf"
54467,qt%2Fqt5~5.9~If5a5489690a896422cdc183b520635675d76118b,https://codereview.qt-project.org/197435,4,35,0,0,32728,22,5,11,84.0877777777778,87,,,,,Update submodules on '5.9' in qt5,Update submodules on '5.9' in qt5  Change-Id: If5a5489690a896422cdc183b520635675d76118b
192092,qt%2Fqtsystems~master~I96e475ed242ee8f6b60751861a7f77457e1954fa,https://codereview.qt-project.org/21731,5,35,8,0,2160,996,11,10,516.7225,238,,,,,New backend that uses native unix domain sockets,WIP: Updates for new backend  Add a new unix backend that uses libc instead of QLocalSocket.  This allows for more control and the option of not spinning the event loop in the library.  Change-Id: I96e475ed242ee8f6b60751861a7f77457e1954fa
103206,qt%2Fqtdeclarative~5.6~I5091fd160841118bee5d6cf6e30798f66c277b69,https://codereview.qt-project.org/123513,4,35,0,0,51255,26,6,1,36.44,160,,,,,Remove unused code,Remove unused code  The QQmlObjectCreator is the only user left. It is using it only with QVariant::Color.  Change-Id: I5091fd160841118bee5d6cf6e30798f66c277b69
56504,qt%2Fqt3d~5.9.0~Ife2ead8fc2f0e0cb6dea18f8a74593847e25ff98,https://codereview.qt-project.org/193053,10,35,15,0,3648,476,11,6,264.096111111111,79,,,,,Add scene 2d example to showcase new feature,WIP: Add scene 2d example  Change-Id: Ife2ead8fc2f0e0cb6dea18f8a74593847e25ff98
52181,qt%2Fqtbase~5.9~Ie4489c29440e328a732ed026eae3859eb8855ea5,https://codereview.qt-project.org/198259,5,36,0,0,215821,2,2,1,630.756388888889,156,,,,,Doc: Fix snippet for QUrl::isValid() documentation,"Doc: Fix snippet for QUrl::isValid() documentation  qDebug(...) expects a const char *, not a QString.  Change-Id: Ie4489c29440e328a732ed026eae3859eb8855ea5"
219737,qt%2Fqtbase~dev~Iba7538f67b43ceca2e599fc1ede520962d4a7e43,https://codereview.qt-project.org/311521,3,36,0,0,186140,2,4,1,410.568888888889,526,,,,,Doc: Improve WinTab license information,"Doc: Improve WinTab license information  Do categorize the license as LCS-Telegraphics License. Although SPDX doesn't know about the license (yet), DejaCode does:  https://enterprise.dejacode.com/licenses/public/lcs-telegraphics/  So it's more helpful for the user to give the license a name, then to just call it 'Custom'.   [ChangeLog][Third-Party Code] Changed classification of the wintab license from ""Custom"" to ""LCS-Telegraphics License""  Pick-to: 5.12 Pick-to: 5.15 Change-Id: Iba7538f67b43ceca2e599fc1ede520962d4a7e43"
111369,qt%2Fqtbase~5.4~I9a0e110e81e569c81da802729707fec104fef887,https://codereview.qt-project.org/107304,7,36,7,0,6260,34,5,3,691.253055555556,725,,,,,Fix use of the window geometry specification,"Fix use of the window geometry specification  Currently the calculated size and position are applied if they differ from the initial size and position. In case the initial values were not set explicitly and the 'pre-initial' size and position coincide with the values from the window geometry specification, the latter ones will be just ignored. For example, specifying the window position by ""-geometry +0+0"" will take no effect because the 'pre-initial' position is aready (0, 0).  We need to always apply the parts of the geometry which were specified on the command line, so return flags from QGuiApplicationPrivate::applyWindowGeometrySpecification() to detect them.  Change-Id: I9a0e110e81e569c81da802729707fec104fef887"
54979,qt%2Fqtbase~dev~I54439f0dec132865991fe5147d509cea0f9419a0,https://codereview.qt-project.org/194550,7,36,6,0,175441,275,4,3,650.6875,417,,,,,Use python more competently in CLDR/qLocaleXML scripts,"Use python more competently in CLDR/qLocaleXML scripts  Make the python2 dependency explicit (sooner or later, python3 shall be the default /bin/env python), use triple-quoted a string to avoid lots of backslashes, remove some simply spurious backslashes.  Use generators rather than map(lambda ...) and iterate rather than repeating code.  Clarify some comments.  Change-Id: I54439f0dec132865991fe5147d509cea0f9419a0"
57154,qt%2Fqtwebkit~wip%2Fnext~I7e96b8e5ba5eef9b0c6c0835e200f770200573ed,https://codereview.qt-project.org/192886,3,37,47,0,16084,73,9,19,45.4758333333333,115,,,,,Import WebKit commit 7aa9943a36e7f3e72207dbf448d2d80fb368a300,Import WebKit commit 14fcab544b7463ad504d81c77eed7d22ce38ed28  Change-Id: I7e96b8e5ba5eef9b0c6c0835e200f770200573ed
233302,qt%2Fqtdeclarative~dev~Ic724e5fa503ca2ae5157a99eed1b5c913a39239f,https://codereview.qt-project.org/296654,8,37,22,2,33200,102,8,9,146.286388888889,283,,,,,Implement Qt.alpha(),"Implement Qt.alpha()  Introduces an easy way to get a version of a color with transparency (e.g. Qt.alpha(""red"", 0.5)).  [ChangeLog][QML][General] Added Qt.alpha for easily modifying existing alpha values  Task-number: QTBUG-77635 Change-Id: Ic724e5fa503ca2ae5157a99eed1b5c913a39239f"
132717,qt%2Fqt5~stable~I620dc10e25cac7386182a6ff272b904f5f9f1a0d,https://codereview.qt-project.org/85943,5,37,0,0,26776,8,10,4,95.4838888888889,73,,,,,Updated submodules.,Updated submodules.  Change-Id: I620dc10e25cac7386182a6ff272b904f5f9f1a0d
59897,qt%2Fqtbase~dev~Ibc232822e97ab116f7173a0cc50bba5a367619d8,https://codereview.qt-project.org/177407,13,37,1,0,40503,35,6,3,3020.91861111111,744,,,,,Fix clipping of graphics effects in high dpi mode,"Fix clipping of graphics effects in high dpi mode  Consider this pseudo code: setSystemClip(region); setSystemTransform( scale 2x ); setSystemTransform( scale 2x );  The second call to setSystemTransform should be a noop. Yet, with the current code in setSystemTransform, the region would be scaled twice by 2x and thus the clipping would be incorrect.  Fix that by saving the original untransformed clip and in setSystemTransform recalculate the effective transform.  This is also a better fix for QTBUG-44067 / sha: 083a945c166b325298a43ba591b1338d1b0f99b6, since with this patch the order in which system clip, viewport and transform are set does no longer matter.  Task-number: QTBUG-??? Change-Id: Ibc232822e97ab116f7173a0cc50bba5a367619d8"
64779,qt%2Fqt3d~wip%2Fqtquickintegration~I4875c1a8c319d03e002d591f406379a636f07d8d,https://codereview.qt-project.org/175584,5,38,3,0,3839,264,12,7,2060.40833333333,71,,,,,Add scene2dplugin,Add scene2dplugin  Change-Id: I4875c1a8c319d03e002d591f406379a636f07d8d
254578,qt%2Fqtbase~5.14~Idf32d3da7034baa8ec5e66ef847e59a8a2f31cbd,https://codereview.qt-project.org/263104,6,38,2,1,4112,1639,15,15,2088.66777777778,562,,,,,Add support for the Islamic Civil calendar,"Add support for the Islamic Civl calendar  This has its own locale data, extracted from CLDR. This data may potentially be shared with other variants on the Islamic calendar, so is handled by a separate base-class, QHijriCalendar, on which such variants may base their implementations.  [ChangeLog][QtCore][QCalendar] Added support for the Islamic Civil calendar, controlled by feature islamiccivilcalendar, with locale data that can be shared with other implementations, controlled by feature hijricalendar.  Change-Id: Idf32d3da7034baa8ec5e66ef847e59a8a2f31cbd"
144881,qt%2Fqtwebsockets~master~I9454cf339f8af5515d3a91667d8c8ded3659d18b,https://codereview.qt-project.org/71492,9,38,86,0,3872,280,6,8,373.460555555556,79,,,,,Add QML websockets plugin,Add QML websockets plugin  Change-Id: I9454cf339f8af5515d3a91667d8c8ded3659d18b
66503,qt%2Fqtbase~5.6~Ib2c6329e604f3516b8118f027779284adadfc42b,https://codereview.qt-project.org/179301,5,38,1,0,64170,205,7,7,663.351388888889,852,,,,,"Accept ZWNJ, ZWJ and PUA characters in input widgets","Accept ZWNJ, ZWJ and PUA characters in input widgets  Private Use Area characters are quite valid input characters when used in combination with a custom font. Joiners also serve an important language purpose in semitic writing systems.  Note that there is a hack where we disregard any character produced using CTRL or CTRL+SHIFT specifically because of German keyboards. I have chosen to keep the hack in this patch to limit the change (though I have made an exception for ZWJ and ZWNJ since both are produced using Ctrl+Shift on Windows), but it will probably have to be reverted.  [ChangeLog][QtWidgets][Input] Support characters in Private Use Area, as well as zero-width joiners and zero-width non-joiners in input in QLineEdit and QTextEdit.  Task-number: QTBUG-42074 Task-number: QTBUG-57003 Change-Id: Ib2c6329e604f3516b8118f027779284adadfc42b"
62622,qt%2Fqtbase~5.9~I18081da5f4645271774a51f1d6a88e778adbd6ac,https://codereview.qt-project.org/160988,10,39,7,0,24439,4,10,2,6286.40916666667,483,,,,,Windows QPA: Call QWSI::flushWindowSystemEvents() from WM_PAINT for full update only,WIP: Windows QPA: Do not call QWSI::flushWindowSystemEvents() from WM_PAINT.  It was introduced by 071914232189735ae6475d44d07f11f90b4729a1 (OS X QML fix) for apparently historical reasons and has been found to cause various problems: - Flicker when using QGLWidget in a QSplitter - (obscure) crashes due to flushing out input events in setVisible().  TODO: run on-demand test...  Task-number: QTBUG-38327 Task-number: QTBUG-39842 Change-Id: I18081da5f4645271774a51f1d6a88e778adbd6ac
254403,qt%2Fqtbase~5.14~Icc06ae8f5f542810d651e4834055cbcd1c1a4e2e,https://codereview.qt-project.org/271452,7,39,0,0,302923,25,15,2,79.8013888888889,109,,,,,widgets: Class initialize QWidgetRepaintManager members,widgets: Class initialize QWidgetRepaintManager members  Change-Id: Icc06ae8f5f542810d651e4834055cbcd1c1a4e2e
141585,qt%2Fqtbase~dev~I177b4eb2a2cf14d716b78c94f9d6a9b11aea1b84,https://codereview.qt-project.org/73187,9,39,5,0,2501,188,6,1,1385.29083333333,275,,,,,Add support for 16- and 64-bit atomics with MSVC,"Add support for 16- and 64-bit atomics with MSVC  MSVC provides the necessary functions / intrinsics for 16- and 64-bit operations. It has some support for 8-bit too, but the most important functions seem to be missing...  Change-Id: I177b4eb2a2cf14d716b78c94f9d6a9b11aea1b84"
63700,qt%2Fqtdeclarative~dev~I8ea64f961c04d4900d18fa45398670df89882c56,https://codereview.qt-project.org/335964,6,39,14,3,6274,127,10,4,441.867777777778,176,,,,,Expose formattedDataSize() in QML Locale type,WIP: Expose formattedDataSize() in QML Locale type  [ChangeLog][QML][Locale] Added formattedDataSize().  Fixes: QTBUG-91283 Change-Id: I8ea64f961c04d4900d18fa45398670df89882c56
66026,qt%2Fqtbase~dev~Ic0b99d25c4168f623d31967bc60665c0c4f38a14,https://codereview.qt-project.org/145873,5,40,4,0,6038,32,8,1,8740.795,594,,,,,Simplify fileTimeToQDateTime() by having it return a UTC time,"Simplify fileTimeToQDateTime() by having it return a UTC time.  This avoids so many complications.  The prior code, using SystemTimeToTzSpecificLocalTime(), lead to unhelpful results when the QDateTime() implementation used MS-POSIX's defective mktime(). Although SystemTimeToTzSpecificLocalTime() is actually more correct, we were getting inconsistent results by mixing the two: and eliminating the use of mktime() turns out to be decidedly tricky.  So, to avoid inconsistency, stick with a UTC time (which is what FILETIME is defined as).  Change-Id: Ic0b99d25c4168f623d31967bc60665c0c4f38a14"
274688,qt%2Fqtsvg~5.12~I26bf48cbac39af0fae490ed21579e8de326cd1a3,https://codereview.qt-project.org/246527,11,40,16,0,10375,20,8,2,110.527222222222,115,,,,,Consider relative path in image tags,Consider relative path in image tags  Task-number: QTBUG-16198 Change-Id: I26bf48cbac39af0fae490ed21579e8de326cd1a3
237035,qt%2Fqtbase~5.15~I69f378426a45c2e46cebdaa5e6f1b21c8fb03633,https://codereview.qt-project.org/292119,6,40,2,0,212830,81,6,2,150.855277777778,837,,,,,QMenu: hide when a QWidgetAction fires the trigged signal,"QMenu: hide when a QWidgetAction fires the trigged signal  QMenu hides regularly when the user interacts with it, and manages the firing of signals based on that. It ignores if a QAction that is added to it fires.  With QWidgetActions added to the menu, the menu usually doesn't get interacted with directly, so hiding the menu needs to be done explicitly. Otherwise, there is no way for the widget to trigger the action and make QMenu fire as well, or QMenu::exec return.  Test included that covers the case where a QWidgetAction is added to multiple menus that are visible. Documentation updated, and removed a redudant paragraph as a drive-by change.  [ChangeLog][QtWidgets][QMenu] a popup menu hides when a QWidgetAction added to it fires the triggered signal.  Change-Id: I69f378426a45c2e46cebdaa5e6f1b21c8fb03633 Fixes: QTBUG-10427"
169140,qt%2Fqtbase~dev~I7b9b97ae9b32412abdc6fffd16454eec59d72b8a,https://codereview.qt-project.org/320809,5,40,1,0,23736,85,6,1,686.388611111111,196,,,,,QCborStreamReader: remove the lambdas from decodeStringFromCbor(),"QCborStreamReader: remove the lambdas from decodeStringFromCbor()  One was only called once. For the other, one of the calls wasn't necessary.  Change-Id: I7b9b97ae9b32412abdc6fffd16454eec59d72b8a"
79233,qt%2Fqt3d~5.7~I6050b90e94457f7967e1a163f76e46f21baa1fdc,https://codereview.qt-project.org/159300,4,41,3,0,3240,184,19,4,1149.14222222222,103,,,,,Add FrustumCullingJob,Add FrustumCullingJob  To perform frustum culling  Change-Id: I6050b90e94457f7967e1a163f76e46f21baa1fdc
264865,qt3dstudio%2Fqt3dstudio~master~Ie1b9068bfdbf0ce05659f1ae83fe9243acdf7eee,https://codereview.qt-project.org/260024,8,41,85,0,2044,418,11,14,98.2058333333333,203,,,,,Convert CRenderString to be QString based,Convert CRenderString to be QString based  Replaces QString as the parent class of CRenderString instead of std::basic_string  Task-number: QT3DS-3370 Change-Id: Ie1b9068bfdbf0ce05659f1ae83fe9243acdf7eee
228135,qt%2Fqtquick3d~dev~Ifbc5ff7f089582a0da7a950e0b97b48d3b8ad502,https://codereview.qt-project.org/297258,7,41,1,0,32744,935,15,36,1209.725,170,,,,,Quick3D : Skeletal Animation,Quick3D : Skeletal Animation  It's a prototype and many implementations are not proper yet.  Task-number: QTBUG-83173 Change-Id: Ifbc5ff7f089582a0da7a950e0b97b48d3b8ad502
81249,qt%2Fqtbase~5.7~I7e6338336dd6468ead24ffff141139c79056922e,https://codereview.qt-project.org/139151,5,41,8,0,5277,88,4,4,5417.72666666667,289,,,,,configure: check whether std::atomic<T> works for function pointers,WIP configure: check whether std::atomic<T> works for function pointers  And ask the user to apply one of the patches we're carrying to their Standard Libraries.  WIP: missing Windows configure.exe changes WIP: missing Dinkumware patch  Change-Id: I7e6338336dd6468ead24ffff141139c79056922e
87708,qt%2Fqtwebengine~5.7~If8835ce74bf5db94c17b68ebeb396cae9cc10553,https://codereview.qt-project.org/151973,8,42,32,0,10840,8,11,2,288.638055555556,262,,,,,Add option to allow compiling WebEngine as Mac App Store compliant.,"Add configure option to allow compiling WebEngine as AppStore compliant.  When the option is enabled, a GYP variable is set that will result in removing private API calls in Chromium.  Task-number: QTBUG-51072 Change-Id: If8835ce74bf5db94c17b68ebeb396cae9cc10553"
267751,qt%2Fqtdeclarative~5.12~I43e6e20b322f6035c7136a6f381230ec285c30ae,https://codereview.qt-project.org/254534,8,42,4,0,8485,104,9,4,500.046111111111,296,,,,,Unify the JavaScript parsing recursion checks,"Unify the JavaScript parsing recursion checks  The check in the scan functions was much more restrictive than the one in CodeGen. We only need to check in places where we actually recurse, not on every single pre/postVisit.  Change-Id: I43e6e20b322f6035c7136a6f381230ec285c30ae Fixes: QTBUG-74087"
230908,qt%2Fqtbase~dev~Ia610d327624b083c23d3c604aee70517a4a5eb6a,https://codereview.qt-project.org/298944,2,42,0,0,6023,19,20,1,330.839444444444,404,,,,,Remove QTextCodec dependency from QTextBrowser,"Remove QTextCodec dependency from QTextBrowser  Use QStringConverter instead to convert HTML to a QString. This limits the amount of supported encodings to UTF based encodings and Latin1. This is ok, as anything but utf8 is strongly discouraged by the HTML spec anyway, and the support we have with this change does cover ~98% of all real world HTML.  Change-Id: Ia610d327624b083c23d3c604aee70517a4a5eb6a"
89253,qt%2Fqtbase~5.7~I194bd4465605f57d27c79808a016592c101ac04c,https://codereview.qt-project.org/148048,4,42,4,0,37923,1949,8,2,677.951666666667,381,,,,,Resolve GLES3 function pointers at construction time,Resolve GLES3 function pointers at construction time  Remove the wrapper methods resolving themselves at first run also here and instead resolve all GL entry points when the QOpenGLExtraFunctions object gets constructured.  Keep the gles3helper for now until all backends are fixed to be able to resolve these methods directly.  Change-Id: I194bd4465605f57d27c79808a016592c101ac04c
79225,qt%2Fqt3d~5.7~I1f3c32cb0aaf6c825382b5cd6736bbb768a52b27,https://codereview.qt-project.org/160082,4,43,0,0,17624,3,17,1,989.5925,85,,,,,Render: remove Unknown job type,Render: remove Unknown job type  Change-Id: I1f3c32cb0aaf6c825382b5cd6736bbb768a52b27
278659,qt%2Fqtvirtualkeyboard~5.11~I04a7015b6ee41dd9676f8b5859399e9758e7de1f,https://codereview.qt-project.org/240356,5,43,0,0,532639,2,2,1,137.787222222222,133,,,,,Doc: Use correct image in virtual keyboard layout docs,Doc: Use correct image in virtual keyboard layout docs  Task-number: QTBUG-70602 Change-Id: I04a7015b6ee41dd9676f8b5859399e9758e7de1f
235635,installer-framework%2Finstaller-framework~master~I5f2bb60e775a42d1b8dd6ee088ff4f2a694a7a09,https://codereview.qt-project.org/293705,8,43,34,12,1710,918,14,6,192.693055555556,112,,,,,Separate maintenance tool writing for testing purpose,WIP: Separate maintenance tool writing for testing purpose  Change-Id: I5f2bb60e775a42d1b8dd6ee088ff4f2a694a7a09
79239,qt%2Fqt3d~5.7~I08f98b77d9a0e7f74a1093748e7b32e27e1f88c5,https://codereview.qt-project.org/159529,4,43,1,0,3323,45,20,3,1093.46333333333,108,,,,,Use more instances of MaterialParameter when necessary,Use more instances of MaterialParameter when necessary  Change-Id: I08f98b77d9a0e7f74a1093748e7b32e27e1f88c5
79212,qt%2Fqt3d~5.7~I77d751e0b20639934cc00be0cd9888f41f684f89,https://codereview.qt-project.org/161380,4,44,4,0,18543,85,18,6,740.104444444444,452,,,,,Further job improvements,Further job improvements  The RenderViewInitialization job used to have to wait for the world transform job to be completed because it was used to set the viewProjectionMatrix.  This patch adjust dependencies and adds a new job that sets the viewProjectionMatrix once the transform update job is complete.  This allows to start most of the processing earlier and better use the available cpu cores.  Change-Id: I77d751e0b20639934cc00be0cd9888f41f684f89
292223,qt%2Fqtdeclarative~dev~I5497dc3c4a1c3922e7147d7a20593c75a0d9d0e9,https://codereview.qt-project.org/191873,13,44,55,0,18833,127,6,3,7854.72666666667,124,,,,,Add support for std::vector and QVector matching the support for QList,Add support for std::vector and QVector matching the support for QList  Change-Id: I5497dc3c4a1c3922e7147d7a20593c75a0d9d0e9
244433,qt%2Fqtbase~dev~I94df1fe643896373fac2f000fff55bc7708fc807,https://codereview.qt-project.org/28585,5,44,2,0,58711,320,15,15,65639.4755555556,220,,,,,Add reference-count manipulation functions to QArrayData and hide ref,Add reference-count manipulation functions to QArrayData and hide ref  The next change will stop using some values in the reference counter as settings from the data.  Change-Id: I94df1fe643896373fac2f000fff55bc7708fc807
79981,qt%2Fqtwebengine~5.15~I438cbbfe52617ac0fff3a954ea35a9b48fd14625,https://codereview.qt-project.org/334654,3,44,7,3,73479,19,5,1,359.143611111111,111,,,,,Make able to override disabled features from command line,Make able to override disabled features from command line  Change-Id: I438cbbfe52617ac0fff3a954ea35a9b48fd14625
80742,qt%2Fqtbase~5.6~Id976530beeafa01b648ebaa16f4a8f0613fcaf75,https://codereview.qt-project.org/162156,11,45,80,0,13900,37,7,3,133.152222222222,108,,,,,Update for the newest Darwin-family operating systems.,Update for the newest Darwin-family operating systems.  Change-Id: Id976530beeafa01b648ebaa16f4a8f0613fcaf75
243802,qt%2Fqt3d~5.15~Ic0d7fe72fa8a118a43ca348ca4284595a71827a4,https://codereview.qt-project.org/283883,3,45,5,1,27863,113,13,11,278.359444444444,232,,,,,"Move AspectCommandDebugger to system service, activate command executer","Move AspectCommandDebugger to system service, activate command executer  - Always compile in AspectCommandDebugger and CommandExecuter - Both start when QT3D_TRACE_ENABLED is set  Change-Id: Ic0d7fe72fa8a118a43ca348ca4284595a71827a4"
82404,qt%2Fqtbase~5.6.1~Icaa7fb2a490246bda156ffff143c137e520eea79,https://codereview.qt-project.org/152416,10,45,14,0,11964,123,7,8,1704.665,207,,,,,"Replace qUnaligned{Load,Store} with the existing q{To,From}Unaligned","Replace qUnaligned{Load,Store} with the existing q{To,From}Unaligned  Move the Q_ALWAYS_INLINE and forcing of __buitlin_memcpy to the existing functions.  Change-Id: Icaa7fb2a490246bda156ffff143c137e520eea79"
68853,qt%2Fqt3d~5.8~I5c5867ef24a1407e4c8bef3397b76c809a63beb7,https://codereview.qt-project.org/170427,4,45,0,0,2964,4,22,1,1858.59777777778,110,,,,,findTechniqueForEffect: replace unlikely if by an assert,findTechniqueForEffect: replace unlikely if by an assert  Change-Id: I5c5867ef24a1407e4c8bef3397b76c809a63beb7
102117,qt%2Fqtbase~5.6~I9efcd7e1cce1c394eed425c43aa6fce7d2edf31c,https://codereview.qt-project.org/123748,18,46,2,0,18733,37,4,6,203.048611111111,388,,,,,Merge remote-tracking branch 'origin/5.5' into 5.6,Merge remote-tracking branch 'origin/5.5' into 5.6  Conflicts: 	qmake/doc/snippets/code/doc_src_qmake-manual.pro 	qmake/doc/src/qmake-manual.qdoc 	src/corelib/io/qstorageinfo_unix.cpp 	src/corelib/tools/qbytearray.cpp 	tests/auto/corelib/mimetypes/qmimedatabase/tst_qmimedatabase.cpp 	tests/auto/network/access/qnetworkreply/BLACKLIST  Change-Id: I9efcd7e1cce1c394eed425c43aa6fce7d2edf31c
262607,qt%2Fqtbase~dev~I8a3e4c2f368306446554249763695158df5ac634,https://codereview.qt-project.org/263090,7,46,0,0,28787,27,20,1,86.8766666666667,478,,,,,Improve qHash(QFont),"Improve qHash(QFont)  When the families member was added to QFontDef, it was included in op== and qHash(), however the seed was passed to two qHash() calls for subobjects. With xor used as the combiner, it could happen that the seed was xored out (e.g. on empty strings), leaving a slight opening for prediciable hash values.  Fix by using QtPrivate::QHashCombine, which handles the seed in such a way as to avoid the issue.  Change-Id: I8a3e4c2f368306446554249763695158df5ac634"
103927,qt%2Fqtdeclarative~dev~I78f154dcc9103ec9ec3d2eda216bfb293231583e,https://codereview.qt-project.org/121567,5,46,1,0,14369,162,19,22,484.428888888889,267,,,,,Move inspector service and QtQuick2 inspector into a common plugin,Move inspector service and QtQuick2 inspector into a common plugin  The inspector service doesn't do anything useful without the QtQuick2 plugin and vice versa. This way we can also use the QQmlDebugPluginManager.  Change-Id: I78f154dcc9103ec9ec3d2eda216bfb293231583e
68948,qt%2Fqtconnectivity~dev~I86ea08ff31009dc8073d84cfe678e27920d693f7,https://codereview.qt-project.org/336678,4,46,0,0,34322,1197,9,44,311.896666666667,69,,,,,Use scoped enum for constants in QBluetoothUuid,use scoped enum  Change-Id: I86ea08ff31009dc8073d84cfe678e27920d693f7
96841,qt%2Fqtbase~dev~Ia23e8b8bcfdf65a91fe57e739242a355c681c9e6,https://codereview.qt-project.org/350325,6,47,38,0,54021,113,5,11,267.131666666667,132,,,,,QNetworkRequest: Add API to set a minimum archive bomb size,QNetworkRequest: Add API to set a minimum archive bomb size  Fixes: QTBUG-91870 Change-Id: Ia23e8b8bcfdf65a91fe57e739242a355c681c9e6
271228,qt%2Fqt5~dev~Iffb4abe144a957465a2daab657c6259f0b75e800,https://codereview.qt-project.org/247593,5,47,4,0,21591,3,11,3,1387.04472222222,183,,,,,Provision docker test servers based on Ubuntu 18.04,WIP: The external files downloaded by Dockerfile should be cached  Continue the discussion about how to cache the external files.  Change-Id: Iffb4abe144a957465a2daab657c6259f0b75e800
102985,qt%2Fqtdeclarative~5.6~I187c9b0792f40d93c89a986c0edb3c4487095cb7,https://codereview.qt-project.org/122468,6,47,19,0,59327,49,9,1,531.986111111111,512,,,,,Implement support for providing information to Linux's perf JIT interface.,"Implement support for providing information to Linux's perf JIT interface.  Perf has the capability to resolve symbols based on information mapping the symbol address to a name, stored in files in /tmp. Provide optional support to write this information by using QV4_PROFILE=1 when running the process.  [ChangeLog][QtQml][Profiling] QtQml can now write additional information so that perf is able to give function names of JavaScript methods when profiling.  Change-Id: I187c9b0792f40d93c89a986c0edb3c4487095cb7"
69707,qt%2Fqt5~5.7~Ia541fa8fd36b3d52580ba9814e9f4c38aadce460,https://codereview.qt-project.org/176975,4,47,0,0,15910,0,2,8,55.8216666666667,249,,,,,Rename conan.ps1 and python.ps1 file in configuration dirs too,"Rename conan.ps1 and python.ps1 file in configuration dirs too  Order of files really matters in configuration directories, but I renamed only main implementations in previous commit. Fixed that.  Change-Id: Ia541fa8fd36b3d52580ba9814e9f4c38aadce460"
106736,qt%2Fqtbase~dev~I8197234b169a818658678d6fcc953c90e83db23e,https://codereview.qt-project.org/96849,6,48,15,0,9219,37,11,1,5887.57444444444,857,,,,,Added SSL support for MySQL database connections,"Added the possibility to specify certificate files to access MySQL databases with SSL  The new options SSL_KEY, SSL_CERT, SSL_CA, SSL_CAPATH and SSL_CIPHER can be specified in the options of a QMYSQL database (with QSqlDatabase::setConnectOptions() before the call to QSqlDatabase::open()) to allow SSL-encrypted connections to MySQL databases.  SSL_KEY = the path name to the key file SSL_CERT = the path name to the certificate file SSL_CA = the path name to the certificate authority file SSL_CAPATH = the path name to a directory that contains trusted SSL CA certificates in PEM format. SSL_CIPHER = a list of permissible ciphers to use for SSL encryption.  Example:     db.setConnectOptions(""CLIENT_SSL=1;CLIENT_IGNORE_SPACE=1;SSL_KEY=client-key.pem;SSL_CERT=client-cert.pem;SSL_CA=server-ca.pem"");  Change-Id: I8197234b169a818658678d6fcc953c90e83db23e"
240754,pyside%2Fpyside-setup~dev~Ib751f40fbf7eca8fe4d08270db4fbc1e938323c5,https://codereview.qt-project.org/351395,5,48,0,0,34557,151,21,8,313.633055555556,349,,,,,Use conditional processing in the type system,"WIP: Use conditional processing in the type system  In CMake, remove the check_os() macro and AUTO_OS variable. Fold the macOS/X11 type system files of Qt Core into the common type system file.  todo pass Qt config keywords per module to shiboken  Task-number: PYSIDE-802 Task-number: PYSIDE-1568 Change-Id: Ib751f40fbf7eca8fe4d08270db4fbc1e938323c5"
97387,qt%2Fqtbase~dev~I1058f47a1ff3ee1c326f3579ac80bd8bab242e28,https://codereview.qt-project.org/332831,5,48,6,0,23491,45,10,1,192.546111111111,188,,,,,Fix tst_QDateTime::systemTimeZoneChange() for 32-bit systems,WIP: Log more info in tst_QDateTime::systemTimeZoneChange()  Need more information to make sense of failures.  Task-number: QTBUG-89889 Change-Id: I1058f47a1ff3ee1c326f3579ac80bd8bab242e28
23084,qt%2Fqtdeclarative~stable~I0a9daec4a95f74b9db795ef2918a01fb772ea107,https://codereview.qt-project.org/74587,5,48,19,0,2599,320,13,11,335.137777777778,217,,,,,Unify calls to profiler service event methods.,"Unify calls to profiler service event methods.  Check for enabled inside the call, don't needlessly duplicate the flag and allow inlining.  Task-number: QTBUG-35315 Change-Id: I0a9daec4a95f74b9db795ef2918a01fb772ea107"
84216,qt%2Fqtserialbus~dev~I393768b78b0ddc4b69fc32b9e5af2ee2ace55ccf,https://codereview.qt-project.org/156004,5,49,46,0,3835,135,11,3,404.987222222222,171,,,,,Add synchronous read & write to QCanBusDevice,WIP: Add synchronous read & write to QCanBusDevice  waitForFramesWritten() is still missing.  Task-number: QTBUG-52495 Change-Id: I393768b78b0ddc4b69fc32b9e5af2ee2ace55ccf
272818,qt%2Fqtopcua~dev~Id14cac12f029f1d0c907619511b2157715d5a6a9,https://codereview.qt-project.org/247469,6,49,41,0,1892,208,13,6,790.200833333333,83,,,,,Add class to set authentication information,WIP: QOpcUaAuthenticationMode  Change-Id: Id14cac12f029f1d0c907619511b2157715d5a6a9
91352,qt%2Fqtbase~dev~If31847f8f2b8b57a8a8624d0406a030b5752f1c8,https://codereview.qt-project.org/331907,5,49,29,1,22876,10,15,1,505.076944444444,112,,,,,Doc: Fix documentation warnings qtbase,WIP - Doc: Fix CI warnings qtbase  Task-number: QTBUG-90662 Change-Id: If31847f8f2b8b57a8a8624d0406a030b5752f1c8
67268,qt%2Fqt3d~5.8~I45db52db9ac67db3a768ba94d9bf1f3d6455b577,https://codereview.qt-project.org/172665,3,49,0,0,1694,2,24,1,1752.00277777778,254,,,,,GraphicsContext: ensure ShaderProgram was actually created,"GraphicsContext: ensure ShaderProgram was actually created  In some cases (usually GL shader linking error), the shader programs fails to be created. This check ensures Qt3D won't crash if it happens.  Change-Id: I45db52db9ac67db3a768ba94d9bf1f3d6455b577"
123177,qt%2Fqtbase~dev~Iac72f1f90f81fbcae9bfb1fe68b0fec6ffb36c50,https://codereview.qt-project.org/93139,8,50,9,0,11400,72,9,3,916.968333333333,1086,,,,,Add a macro to disable only some 8 bit/16 bit string conversions,"Add a macro to disable only some 8 bit/16 bit string conversions  This is an opt-in trade-off between type safety and user code convenience.  QT_NO_CAST_FROM_ASCII is highly beneficial to avoid unintended conversions from 8 bit data with potentially ""unsuitable"" encodings to QString. However, it has the undesirable side-effect to require user code to wrap character and string literals in QLatin1Char(...) and QLatin1String(...) or use similar construction, cluttering the code significantly.  This patch introduces a QT_ALMOST_NO_CAST_FROM_ASCII macro that works almost as QT_NO_CAST_FROM_ASCII, except that it enables the QChar(char) constructors and adds an additional QString(const char (&ch)[N]) constructor that matches C++ string literals, but no arbitrary character pointers. This avoids a significant share of the need to clutter the user code by only a slight relaxation of the type-safety.  [ChangeLog][QtNetwork][QString] Added QT_ALMOST_NO_CAST_FROM_ASCII macro as less intrusive alternative to QT_NO_CAST_FROM_ASCII.  Change-Id: Iac72f1f90f81fbcae9bfb1fe68b0fec6ffb36c50"
238300,qt%2Fqttools~dev~Id36ef1a920fb21442263df975e8bde0e3a76bd5b,https://codereview.qt-project.org/279434,3,50,20,0,1991,682,21,7,2691.17388888889,64,,,,,Split the PP handling out of the AST parsing,WIP: split  Change-Id: Id36ef1a920fb21442263df975e8bde0e3a76bd5b
106537,qt%2Fqtvirtualkeyboard~master~I38b56150a677f6c8fcf10a9b7b556acc3f7f4a92,https://codereview.qt-project.org/120247,5,50,0,0,1281,21,25,3,2089.28222222222,580,,,,,Remove manual call to HunspellInputMethod::reset(),"Remove manual call to HunspellInputMethod::reset()  The reset() function should not be called directly from the input method because it is a virtual function and may cause side effects in the derived class.  This change moves the reset() function to private class and uses that function instead.  This change does not introduce any new behavior, nor it should break any existing ones. It fixes a particular issue that presents itself after introduction of the LipiInputMethod, which uses HunspellInputMethod as its base class.  Change-Id: I38b56150a677f6c8fcf10a9b7b556acc3f7f4a92"
26347,qt%2Fqtbase~master~Iecf2c4150f8856dbd8fba19cda6211e9aa7fc00c,https://codereview.qt-project.org/19274,11,50,38,0,10529,57,10,3,9787.46916666667,604,,,,,WIP: new signals for QFileSystemWatcher,"QFileSystemWatcher: send directoryChanged signals when the contents change.  Generally speaking, it is cheaper to watch directories one is interested in, and get notifications when the contents of the directory changes.  This was already working on kqueue-supporting platforms (NOTE_WRITE), but not on inotify/windows, so add support there, too.  This commit does not add this capability to the polling engine yet, that change will be done (and autotested) in a followup commit.  Task-number: QTBUG-3576 Task-number: QTBUG-8945 Task-number: QTBUG-6524 Change-Id: Iecf2c4150f8856dbd8fba19cda6211e9aa7fc00c"
118919,qt%2Fqtserialport~5.4~I43757a7f1390f53ed2b1d70de59c6bfb71892a59,https://codereview.qt-project.org/100691,3,51,36,0,2315,165,23,11,67.9511111111111,66,,,,,Allow to use custom devices paths,WIP Fix path  Change-Id: I43757a7f1390f53ed2b1d70de59c6bfb71892a59
223394,qt%2Fqtbase~dev~I33539f4376034539fb7db80293dc4d39dcb9539b,https://codereview.qt-project.org/302063,6,51,5,1,47045,59,14,2,1398.26833333333,99,,,,,CMake: Add instructions to re-use host artifacts for target builds,Use installed host artifacts on target builds  Change-Id: I33539f4376034539fb7db80293dc4d39dcb9539b
107186,qt%2Fqtdeclarative~dev~I1f0befe620beaa0bbf961fc829881ef7b5c2e435,https://codereview.qt-project.org/110699,2,51,0,0,35107,324,13,4,1177.58388888889,197,,,,,Move the writeBinding method into QQmlBinding,Move the writeBinding method into QQmlBinding  It's only called from there; this simplifies the code and will allow some further optimizations.  Change-Id: I1f0befe620beaa0bbf961fc829881ef7b5c2e435
41141,qt%2Fqtbase~dev~I43f7056b2caede14509c9ec66b10e2037033762b,https://codereview.qt-project.org/352131,6,51,1,1,30184,14,9,3,78.0638888888889,287,,,,,Fix inclusion of Qt6Network plugins in static builds,"Fix inclusion of tls plugins in static builds  The generated CMake file name in cmake/QtNetwork/ is generated from the target name. If it doesn't end with ""Plugin"", then it won't be found by Qt6NetworkPlugins.cmake  Fixes: QTBUG-94108 Change-Id: I43f7056b2caede14509c9ec66b10e2037033762b"
91309,qt%2Fqtbase~dev~Ib22925a8ac3ef9439a09ec3855f6231cf9b91c21,https://codereview.qt-project.org/309672,5,52,37,3,5582,297,18,13,4681.93833333333,1479,,,,,Provide calendar backends with a unique ID,"Provide calendar backends with a unique ID  A backend whose name was already in use would previously not have been registred at all, meaning that the code that created it would need to be responsible for deleting it, and nothing would be able to use it.  The code that created it would, furthermore, have no way to know this (other than by detecting differences in behaviour between the backend it thought it had registered and a QCalendar instantiated using its name). This meant that the creator of a backend that fell foul of this would most likely leak the backend.  Registration by ID also allows for detection of duplicate instantiation of built-in back-ends, which can be detected and flagged by setting the ID to ~size_t(0) instead of the enum value for which it sought to be registered. A new method, calendarId(), is provided to access this; while the old calendarSystem() becomes non-virtual, as it can be inferred (when registration was successful) from the ID.  [ChangeLog][QtCore][QCalendar] QCalendarBackend::calendarSystem() is no longer virtual; instead, each backend is assigned an ID when registred as part of its creation, from which calendarSystem() can be inferred. The ID is unique except in the case of duplicate registration of backends for which a built-in implementation exists, when ~size_t(0) is used as ID, to let client code know the backend it has just created has not been registred properly.  Change-Id: Ib22925a8ac3ef9439a09ec3855f6231cf9b91c21"
281355,pyside%2Fpyside-setup~5.11~Ifd6fd3740c23deaed65cce1ba12f17e5f093f18f,https://codereview.qt-project.org/235256,5,52,108,0,2782,579,17,2,651.608333333333,242,,,,,Document the Python Limited API,WIP: Document the Python Limited API  The Python Limited API brings certain restrictions to PySide. This document will contain an overview and all relevant changes.  Task-number: PYSIDE-560 Change-Id: Ifd6fd3740c23deaed65cce1ba12f17e5f093f18f
94844,qt%2Fqtdeclarative~5.6~I7e6a97d2d9c5aa0706538badf22a13e4c41824c0,https://codereview.qt-project.org/140605,10,52,7,0,100621,119,9,4,627.431111111111,142,,,,,QQuickImageBase: Add support for @3x images,QQuickImageBase: Add support for @3x images  Use the qt_findAtNxFile function from QtGui  Change-Id: I7e6a97d2d9c5aa0706538badf22a13e4c41824c0
69752,qt%2Fqt3d~5.8~I853ca15a87051e4f63bfd7a24dae5e82014589b8,https://codereview.qt-project.org/169434,3,52,0,0,3073,62,26,37,1978.44055555556,192,,,,,Tests: move TestArbiter into core common,Tests: move TestArbiter into core common  As it doesn't make sense to have it in render when mutliple submodules need that for their tests  Change-Id: I853ca15a87051e4f63bfd7a24dae5e82014589b8
110521,qt%2Fqtquickcontrols~5.5~If5a181b65ed9d879521ac20de577510908125169,https://codereview.qt-project.org/109590,5,53,33,0,2820,58,19,6,360.333333333333,471,,,,,MenuBar top level menus are not closed on click after being opened,MenuBar top level menus are not closed on click after being opened  The auto dismiss of the QQuickMenuPopupWindow is fine if the user click outside the popup menu but not if it clicks the top level menus (contained in the menubar). For this reason we must override this default behaviour inside the qquickpopupwindow and test if the mouse event we receive is contained in the top level menu.  Task-number: QTBUG-45315  Change-Id: If5a181b65ed9d879521ac20de577510908125169
237141,qt%2Fqtqa~master~I773b32e66fc505f2756ec27e82e51a0118cd3b78,https://codereview.qt-project.org/285821,11,53,123,6,3924,2499,15,7,1339.76888888889,505,,,,,Say hello to cherry-pick automation,"WIP: Say hello to cherry-pick automation  As part of the new branching model proposal discussed at the 2019 qt contributors summit, this bot listens for gerrit webhooks for merged changes and creates cherry picks based on a ""Pick-to:"" footer. New cherrypicks are then generated and automatically staged if no conflicts exist. Reviewers are added and the owner notified if there are conflicts or other issues.  This bot is currently a proof-of-concept.  Change-Id: I773b32e66fc505f2756ec27e82e51a0118cd3b78"
94678,qt%2Fqtbase~5.6~I01f8f058fa82e7f2c90d1b894ad36f3d3939c994,https://codereview.qt-project.org/121373,9,53,20,0,25864,11,8,1,3569.46305555556,324,,,,,Favor OpenGLES 3 on iOS if available,"Favour OpenGLES 3 on iOS if available  First tries OpenGLES 3 context since it’s strictly compatible with OpenGLES 2. If it fails, then try 2.  This is required to use QOpenGLFramebufferObject::blitFramebuffer without having to look at using an Apple-specific extension.  Change-Id: I01f8f058fa82e7f2c90d1b894ad36f3d3939c994"
22139,qt%2Fqtmultimedia~dev~I8193f391076ff1d10ccfb75f06747ab0c0a49026,https://codereview.qt-project.org/76512,8,53,45,0,3181,1336,20,31,622.688055555556,81,,,,,New QCameraInfo class.,WIP: new QCameraInfo class.  Change-Id: I8193f391076ff1d10ccfb75f06747ab0c0a49026
172524,qt-creator%2Fqt-creator~master~Ib99075b55d9e9683ed2c2386767227457de0a3fc,https://codereview.qt-project.org/38583,6,54,23,0,10308,13,16,3,1713.06416666667,131,,,,,Editor: Allow to open links in a new split.,"Enabled ability to open links in new split, so that original split is visible  Change-Id: Ib99075b55d9e9683ed2c2386767227457de0a3fc"
281308,qt3dstudio%2Fqt3d-runtime~master~I5958d6391504d57c8c11c31ccc8b3de0d1a038fc,https://codereview.qt-project.org/237292,4,54,0,0,15139,69,11,3,48.4241666666667,110,,,,,Add support for SSAA and MSAA in View3D,WIP: Add support for SSAA and MSAA in View3D and Layer3D  Change-Id: I5958d6391504d57c8c11c31ccc8b3de0d1a038fc
145451,qt%2Fqtdeclarative~stable~I703e737469030c4454d23c567873012a2b537d71,https://codereview.qt-project.org/69503,4,54,0,0,2776,34,17,4,658.175,323,,,,,"Speed up repeated context, scope and import script lookups","Speed up repeated context, scope and import script lookups  Instead of querying for the context, scope or imported scripts object on each access, do it once at the beginning of the expression in the IR and re-use the temp. The optimizer will optimize away unused temps.  Change-Id: I703e737469030c4454d23c567873012a2b537d71"
31321,qt%2Fqtbase~api_changes~Ia19b516e33d338a67bb4d934e54ceb32733ddf67,https://codereview.qt-project.org/20919,7,54,33,0,13619,21,10,2,501.421388888889,208,,,,,QLayoutItem - add replaceWidget to layout,QLayoutItem - reserve virtual setWidget function  This function should make it easier to replace a widget in a layout. This will be implemented for Qt 5.1  Change-Id: Ia19b516e33d338a67bb4d934e54ceb32733ddf67
180046,qt%2Fqtbase~dev~I67879b0de036cbc8c2f75a18f4cf94e6c43c5af0,https://codereview.qt-project.org/323229,5,55,2,1,142404,127,7,1,168.205,256,,,,,"tst_QSslError: improve the code coverage, as pointed at by LCOV","tst_QSslError: improve the code coverage, as pointed at by LCOV  And also, reduce the utter sloppiness, weirdness of the test and make it look like it's a test and not a joke.  Pick-to: 5.15 Pick-to: 6.0 Change-Id: I67879b0de036cbc8c2f75a18f4cf94e6c43c5af0"
275978,qt%2Fqtbase~5.12~If7e743cf8476463880ccfffd155f853dc947421a,https://codereview.qt-project.org/243319,4,55,0,0,197792,31,2,1,460.423611111111,297,,,,,QTextCodec: update the docs for codecForUtfText,"QTextCodec: update the docs for codecForUtfText  It can detect the standard UTF codecs, but not non-standard like UTF-7[1], UTF-9 or UTF-18[2].  [1] https://tools.ietf.org/html/rfc2152 [2] https://tools.ietf.org/html/rfc4042  Fixes: QTBUG-67188 Change-Id: If7e743cf8476463880ccfffd155f853dc947421a"
154194,qt%2Fqt5~dev~Ib6faaac71302be0c47b9904be5481c4b281e9008,https://codereview.qt-project.org/63517,3,55,0,0,79834,2,18,1,186.660833333333,73,,,,,Updated submodules.,Updated submodules.  Change-Id: Ib6faaac71302be0c47b9904be5481c4b281e9008
49742,qt%2Fqtbase~dev~I71774cb56674d7fb66b9a7cf1e1ada1629536408,https://codereview.qt-project.org/112734,5,55,8,0,2338,28,15,2,20034.4444444444,280,,,,,Cleanup the mouse event handling in testlib,"WIP: properly route mouse events through QPA  This requires changes to our tests: * All widgets that test mouse handling have to be visible * QPA does event compression and state tracking, so we need to take that into account.  Change-Id: I71774cb56674d7fb66b9a7cf1e1ada1629536408"
221558,qt%2Fqtbase~dev~I801742300d9b15f748bb91fcd6cfa176d2057271,https://codereview.qt-project.org/307532,3,56,0,0,72061,392,21,2,1011.21888888889,139,,,,,Get rid of the private v_cast<>() method,Get rid of the private v_cast<>() method  Replace it with QVariant::Private::get<>().  Change-Id: I801742300d9b15f748bb91fcd6cfa176d2057271
192964,qt%2Fqtsensors~master~I6a47ee4c8ccc0cc3603ea2df3c9fd61259e8ffac,https://codereview.qt-project.org/22189,10,56,100,0,3695,2098,11,25,186.625833333333,76,,,,,Add blackberry backend,Add blackberry backend  Change-Id: I6a47ee4c8ccc0cc3603ea2df3c9fd61259e8ffac
41401,qt%2Fqtwebengine~dev~I9b27128948076e13f2c228458e1e7491df12153d,https://codereview.qt-project.org/346723,5,56,39,28,40265,226,10,4,807.025277777778,170,,,,,Move createWindow to a signal,WIP: Move createWindow to a signal  Ports QQuickWebEngineNewViewRequest to QtWebEngineCore.  Task-number: QTBUG-74587 Change-Id: I9b27128948076e13f2c228458e1e7491df12153d
221569,qt%2Fqtbase~dev~I127474f8e3c5fa042f530684f9d5bfccbba134ca,https://codereview.qt-project.org/307497,3,56,2,0,105216,9,19,3,1065.98277777778,297,,,,,Always use the variants internal space if possible,"Always use the variants internal space if possible  There's no point in storing small types with an external refcount, even if they aren't movable. Simply copying the type should be faster in pretty much all cases, while this uses less memory.  Change-Id: I127474f8e3c5fa042f530684f9d5bfccbba134ca"
251141,qt%2Fqtlocation~5.13~I786ab35a0e9c8dfa2c8124692289d98e8eee4a8d,https://codereview.qt-project.org/254797,6,57,14,2,3103,7,25,2,5112.32333333333,254,,,,,Doc: Fix link errors and complete parameter specs,Doc: Fix link errors and parameter specs  - no such parameter 'polygon' in QGeoPolygon::setPath() - warning: Undocumented parameter 'path' in QGeoPolygon::setPerimeter() - can't link to 'XmlListModel'  Change-Id: I786ab35a0e9c8dfa2c8124692289d98e8eee4a8d
238369,qt%2Fqt3d~5.14~Id5bbc0d30d04ea4a945463238868b68283df0543,https://codereview.qt-project.org/278150,8,57,42,8,2197,434,10,10,2952.98416666667,497,,,,,Allow for when a Scene3D item switches screens,"Allow for when a Scene3D item switches screens  When a Scene3D item switches screens then it will need to be reinitalized so that the supporting contexts, offscreen surfaces are set to use the same screen and not the original one. This ensures that the item is still rendered correctly on the new screen.  This includes a manual test using QQuickWidget in separate windows that enables it going from one screen to the other.  Fixes: QTBUG-79192 Change-Id: Id5bbc0d30d04ea4a945463238868b68283df0543"
51641,qt%2Fqtbase~dev~I2173c1a7763fe652a94125c7e3ae93a655412cd3,https://codereview.qt-project.org/199853,11,57,0,0,107520,245,17,5,423.94,425,,,,,macOS: Modernize QCocoaBackingStore::flush(),"macOS: Simplify QCocoaBackingStore::flush()  Instead of forwarding the flush to the view, using CoreGraphics to blit the backing store to the window, we do everything in flush(), and use higher level AppKit APIs to do the blit.  This simplifies the flow and code quite a bit, and also supports blitting of individual regions in a flush instead of the whole bounding rect.  Change-Id: I2173c1a7763fe652a94125c7e3ae93a655412cd3"
259730,qt%2Fqtbase~dev~Ib18e8d6af28339f79cca4d62b869287ce07b8cc1,https://codereview.qt-project.org/243601,5,57,538,0,112368,1085,8,11,5620.50833333333,182,,,,,Add a testlib selftest for the watchdog,Add a testlib selftest for the watchdog  Verify that it does cut in after the specified time has elapsed.  Task-number: QTPM-1385 Change-Id: Ib18e8d6af28339f79cca4d62b869287ce07b8cc1
227590,qt%2Fqtbase~5.12.9~I8dfebce4f5fa0eb888feed599f89759511b3fc34,https://codereview.qt-project.org/302837,25,58,23,6,4713,45,12,1,189.705833333333,84,,,,,Add changes file for Qt 5.12.9,Add changes file for Qt 5.12.9  Change-Id: I8dfebce4f5fa0eb888feed599f89759511b3fc34
220529,qt%2Fqtbase~dev~I1dadd7bddbad6fbf10cfa791d6461574b9db82dd,https://codereview.qt-project.org/310100,5,58,19,2,61442,165,21,1,513.009444444444,388,,,,,Add support for bindable properties to QObject,"Add Q_BINDABLE_PROPERTY_DATA()  The macro and the class behind it creates storage for a property that is bindable. It only uses as much space as the data contained, ie. it has no storage overhead, as long as no bindings are being used.  Bindings are being stored and looked up in the QBindingStorage associated with the owning object.  Change-Id: I1dadd7bddbad6fbf10cfa791d6461574b9db82dd"
43203,qt%2Fqt5~5.9~Id7fd269854d17c32df7d0b82ac9e750e645af564,https://codereview.qt-project.org/213802,9,58,1,0,15273,25,8,6,153.825833333333,253,,,,,Fix broken and duplicate Ruby provisioning,Fix broken and duplicate Ruby provisioning  Ruby is being installed twice on certain Windows platforms and the 32 bit versions of these don't have a working PATH addition.  Task-number: QTQAINFRA-1632 Change-Id: Id7fd269854d17c32df7d0b82ac9e750e645af564
237313,qt%2Fqtrepotools~master~I35c3b66bfa415902c269bf0d09b33e8c9d93832a,https://codereview.qt-project.org/97381,5,58,1,0,2290,89,26,1,47062.0030555556,187,,,,,gpush: add possibility to specify commits by change-id,add possibility to specify commits by change-id  this allows for easy re-pushing without figuring out what the current sha1 is first.  Change-Id: I35c3b66bfa415902c269bf0d09b33e8c9d93832a
260558,qt%2Fqtbase~dev~Id156971d3fa0372712bfa8b72a55550942a767e0,https://codereview.qt-project.org/224914,5,59,7,0,63390,70,5,3,10573.7116666667,307,,,,,Implement QRegularExpression overload for QPlainTextEdit::find,Implement QRegularExpression overload for QPlainTextEdit::find  This patch adds the missing overload for QRegularExpression to match the QRegExp one for QPlainTextEdit.  [ChangeLog][widgets][QPlainTextEdit] Added QRegularExpression find method overload.  Change-Id: Id156971d3fa0372712bfa8b72a55550942a767e0
143865,qt%2Fqtbase~dev~Ifc912c3c90127edfeae2f874e0a061227371d01f,https://codereview.qt-project.org/72766,4,59,0,0,5006,16,9,1,524.766388888889,147,,,,,Add baseline support to QGridLayoutEngine,Add baseline support to QGridLayoutEngine  (Picked from QGridLayoutEngine in qtquickcontrols)  Change-Id: Ifc912c3c90127edfeae2f874e0a061227371d01f
253410,qt%2Fqt5~5.13~I987353b0f3aff87a02ea3bf96ace8de32d6f557b,https://codereview.qt-project.org/270315,8,59,6,1,36176,80,22,1,602.450833333333,92,,,,,Provisioning: update QEMU toolchains,WIP: Update qemu verison to stable-3.1  Change-Id: I987353b0f3aff87a02ea3bf96ace8de32d6f557b
47328,qt%2Fqtbase~6.1~Id32d6055544c475166f4d854aaeb6292fbb5fbb5,https://codereview.qt-project.org/336652,10,59,9,3,17337,72,7,5,648.410833333333,534,,,,,Add a way to install versioned hard-links for tools,"Add a way to install versioned hard-links for tools  Add the option argument INSTALL_VERSIONED_LINK to qt_internal_add_tool and qt_internal_add_app. For tools/apps with this argument we create an install rule that creates a versioned hard link. For example, for bin/qmake we create bin/qmake6.  Note that this only applies to prefix builds.  Apply this argument to qmake. The qt_internal_add_app change is necessary for qtdiag and in qttools.  Pick-to: 6.1 Task-number: QTBUG-89170 Change-Id: Id32d6055544c475166f4d854aaeb6292fbb5fbb5"
220444,qt%2Fqtbase~dev~Ied3d940c102719db4852d3a748d05be1f415b353,https://codereview.qt-project.org/312087,4,60,1,0,265473,19,3,3,76.6491666666667,120,,,,,Enforce complete method types of QML registered classes,WIP: classes registered with QML should have complete method types  Change-Id: Ied3d940c102719db4852d3a748d05be1f415b353
180419,qt%2Fqtapplicationmanager~dev~I0b3b0bd420fc2b5a5d263439ef263a8214bbdb4b,https://codereview.qt-project.org/322956,4,60,0,0,270237,143,9,27,127.289722222222,94,,,,,"Qt6 port, part 2 .. compiling with cmake","Qt6 port, part 2 .. compiling with cmake  Change-Id: I0b3b0bd420fc2b5a5d263439ef263a8214bbdb4b"
42307,qt%2Fqtrepotools~master~I5b89fb8e38b0e0af2b7a4f20a5b29412493fb72e,https://codereview.qt-project.org/209163,5,60,68,0,3589,31,17,1,1865.64888888889,97,,,,,Automatically move change upon request,WIP: Automatically move change upon request  Change-Id: I5b89fb8e38b0e0af2b7a4f20a5b29412493fb72e
221560,qt%2Fqtbase~dev~I061f789deca1b595d92bb29227eb54b8e71a3ee3,https://codereview.qt-project.org/307530,3,60,0,0,107474,366,20,7,1011.21888888889,431,,,,,Use QMetaTypeModuleHelper as the interface to do type conversions,"Use QMetaTypeModuleHelper as the interface to do type conversions  Move the type conversions from QVariant::Helper to QMetaType. Only do this for Qt Gui in a first step.  This makes it possible to completely remove the Handler struct in QVariant, and now allows QMetaType to also convert Gui types.  Moving the conversion of Core types into QMetaType will require further work.  Change-Id: I061f789deca1b595d92bb29227eb54b8e71a3ee3"
244072,qt%2Fqtbase~dev~I07b433e856f355916a1240deafdf4ef58e680639,https://codereview.qt-project.org/152133,8,61,30,0,9545,6,8,2,32914.7761111111,366,,,,,QDoubleValidator: Allow intermediate values as close as possible to one considered invalid,Allow intermediate values as close as possible to one considered invalid  When a range is something like 0.0 - 2.0 with two decimal places set then it should be possible to enter in something like 9.99. As it is still considered an intermediate value due to the number of digits still matching that of the range.  Change-Id: I07b433e856f355916a1240deafdf4ef58e680639
227417,qt%2Fqtbase~dev~I6296e8761303ecdf24d9e842142e8596304c015d,https://codereview.qt-project.org/260704,9,61,3,0,58514,261,20,12,9673.69472222222,397,,,,,Qt6: remove support for property flags being functions,"Qt6: remove support for property flags being functions  Property flags should be compile time booleans, not something to be determined at runtime.  We've been using this to dynamically disable some properties in QWidget based classes dependent on the state of a different property, but this should better get implemented on top of our widgets.  Change-Id: I6296e8761303ecdf24d9e842142e8596304c015d"
43251,qt%2Fqtconnectivity~dev~Ic047fba27c01ee40571abb0c4eb45828f4a64475,https://codereview.qt-project.org/210065,5,61,23,0,11371,28,19,3,983.453333333333,117,,,,,Implement bluetoothd version test,WIP: Implement bluetoothd version test  Task-number: QTBUG-46819 Change-Id: Ic047fba27c01ee40571abb0c4eb45828f4a64475
246776,qt%2Fqtscxml~dev~Ia8c9ada1c4bf9f14a1460363e79befd82975539d,https://codereview.qt-project.org/335284,5,61,40,0,28086,80,19,3,1768.915,115,,,,,QtScxml QML-facing properties bindable support,WIP invokedservices bindable support  Task-number: QTBUG-89895 Change-Id: Ia8c9ada1c4bf9f14a1460363e79befd82975539d
260048,qt%2Fqtbase~dev~I041669637935e68141e002156552af8b475ba36e,https://codereview.qt-project.org/235325,3,62,0,0,323153,15,3,2,7764.4025,501,,,,,Supply locale to QCollatorPrivate via its constructor,"Supply locale to QCollatorPrivate via its constructor  Both places that new'd it were then setting its locale themselves; they might as well do it tidily by passing it to the constructor. There's also no need to cleanup() in the constructor; every back-end is a no-op when collator has its initial value.  Tidied up the class declaration in the process:  * moved {con,de}structor to be first methods  * comment on the two methods back-ends provide  Change-Id: I041669637935e68141e002156552af8b475ba36e"
240117,qt%2Fqtbase~dev~I63eff6eab7d6e4f8f32b359a216767c98947a106,https://codereview.qt-project.org/287340,10,62,25,13,8899,332,14,3,219.730833333333,362,,,,,Core: Add a QTypeRevision class,"Core: Add a QRevision class  QRevision is needed to encode the value of the new two-argument Q_REVISION(major, minor) macros. Those, in turn are necessary because the minor version resets to 0, and we need to take the major version into account when stating revisions for Qt classes.  Task-number: QTBUG-71278 Change-Id: I63eff6eab7d6e4f8f32b359a216767c98947a106"
40984,qt%2Fqtdeclarative~dev~If2320722bc3e6eaab9669ecec6962d5473184f29,https://codereview.qt-project.org/340351,6,62,177,9,6048,10979,23,27,1810.94388888889,535,,,,,qmldom: representation and load of Qml Files,qmldom: representation and load of Qml Files   - qqmldomitem: main API for generic access to the Dom  - qqmldomtop: represent top level elements: DomEnvironment and Universe  - qqmldomelements: definition of the classes representing Qml  - qqmldomastcreator: instatiate Dom elements from AST  - qqmldomcomments: represent comments in Qml  - qqmldomexternalitems: represent files  - qqmldommoduleindex: represent types in a module  - tst_dom_all: combined test running all dom tests  Change-Id: If2320722bc3e6eaab9669ecec6962d5473184f29
260962,qt%2Fqtbase~dev~I4d52e82a2136a992e0b37118e41237d96a2c5d22,https://codereview.qt-project.org/215232,8,62,25,0,90110,10,12,1,12964.3980555556,639,,,,,QMenuBar: Fix repetitive emission of triggered() when using addAction(QString),"QMenu: fix the implict associated QMenuBar::triggered twice  The action which added by QMenuBar::addAction(const QString &text) already connected relevant signals and slots implicitly, however, while QMenuBarPrivate::updateGeometry -ing, it reconnects them if there's a extension button associated with a hidden popup menu. In that case the QMenuBar::triggered would be fired twice.  Since the QAction's ownership may be changed or added dynamically, there are still very rare cases like several widgets share the same QAction object to result in this problem.  Task-number: QTBUG-25669 Change-Id: I4d52e82a2136a992e0b37118e41237d96a2c5d22"
266109,qt%2Fqtdeclarative~dev~Ief40cda1dfe1ad9a38cf0d18fbf34456dc36e2ee,https://codereview.qt-project.org/247954,9,63,40,0,4980,1,13,1,2872.07027777778,96,,,,,Expose the target value in Behaviors,Inject target value in Behavior animations  Change-Id: Ief40cda1dfe1ad9a38cf0d18fbf34456dc36e2ee
180755,qt%2Fqtbase~master~I6c5b685b3f861a0fafc1475c41bb35cede17d712,https://codereview.qt-project.org/28526,9,63,28,0,6338,42,12,2,2547.64277777778,148,,,,,"If accept fails, stop accepting new connections and emit error signal.",If accept fails stop accepting new connections and emit error signal.  Task-number: QTBUG-24778 Change-Id: I6c5b685b3f861a0fafc1475c41bb35cede17d712
260050,qt%2Fqtbase~dev~I048a1553753ae2cf03d3f61d45490f2723ee658b,https://codereview.qt-project.org/235323,3,63,0,0,323172,2,3,1,7764.4025,256,,,,,Don't duplicate things the constructor has done,"Don't duplicate things the constructor has done  QCollator::detach() created a new QCollatorPrivate, then set some of its fields to the values its constructor sets them to.  Don't waste time doing that.  Change-Id: I048a1553753ae2cf03d3f61d45490f2723ee658b"
47785,qt%2Fqtsensors~dev~I7c5db8dac15ddbfdb0709bd6462759b4a70d32b7,https://codereview.qt-project.org/201551,6,63,173,0,3771,2821,16,26,1513.72944444444,91,,,,,add sensor plugin for TI sensortag,add sensor plugin for Intel sensortag  Change-Id: I7c5db8dac15ddbfdb0709bd6462759b4a70d32b7
294711,qt%2Fqtdeclarative~dev~Id566e388553811c220871248403d32545f8ae1eb,https://codereview.qt-project.org/217289,9,64,13,0,8270,83,15,2,336.556388888889,453,,,,,Add QUICK_TEST_MAIN_WITH_SETUP to allow executing C++ before a QML test,"WIP: Add QQuickTestSetup to allow executing C++ before a QML test  As well as a new SETUP_QUICK_TEST_MAIN that is the same as QUICK_TEST_MAIN, but takes the user's QQuickTestSetup subclass as an argument.  This allows e.g. context properties to be set for the QML tests.  By exposing a class, we give ourselves the freedom to easily add more virtual functions in the future.  Task-number: QTBUG-50064 Change-Id: Id566e388553811c220871248403d32545f8ae1eb"
217432,qt%2Fqtbase~dev~I1f01647d6173ba0c1db6641e14140108b33ac7c4,https://codereview.qt-project.org/299324,13,64,26,7,38836,145,15,3,3664.27777777778,92,,,,,Add support of cancellation handler callbacks to QFuture,WIP: add onCanceled handler to QFuture  Change-Id: I1f01647d6173ba0c1db6641e14140108b33ac7c4
278211,qt%2Fqtwebglplugin~5.12~I1e72f5af8ee3f7deebb2e35081961764e30db0d2,https://codereview.qt-project.org/237796,7,64,8,0,4296,1,15,1,909.666111111111,393,,,,,Fix rendering update,Fix rendering update  This patch fixes the rendering updates after the commit 4d15f393a76cfcc4d54f311884fedac5bf0f72ee. The QPlatformWindow::updateRequestPending needs reset after the first call to QWindow::show because this QPA plugin hides the window after the first show because there is no client connected when the application starts.  Change-Id: I1e72f5af8ee3f7deebb2e35081961764e30db0d2
62531,qt%2Fqtbase~5.8~Ifa6778a80276050a099387a6dab15a1096be7561,https://codereview.qt-project.org/185179,4,64,17,0,15569,74,12,3,258.376111111111,977,,,,,Make sure to use C locale during time tests that assume it,"Make sure to use C locale during time tests that assume it  Some format and parse tests for time and date-time depended on locale but had test data for the C locale (so fail if the test-environment has, e.g., LANG=de_DE@utf8).  Actually use the C locale for the duration of these tests.  This is slightly complicated by the date-time test having already coded round *some* locale-dependencies in the past, in its _data() function.  Unfortunately, see ""### Qt 6"" comments in Q(Date|Time)+::fromString, QDateTimeParser uses systemLocale(), which is initialized before we have any control over the locale - and is tricky to over-ride; however, not *impossible* ... a little BF&I can set the raw system settings that initialize a QSystemLocale; and instantiating one of them causes it to take over as systemLocale() for the duration.  Then it's just a matter of restoring prior state after the test ...  Task-number: QTBUG-58728 Change-Id: Ifa6778a80276050a099387a6dab15a1096be7561"
282804,qt%2Fqtopcua~dev~Iebcddcb37c076fb25bc198311808403f367619c7,https://codereview.qt-project.org/222127,8,65,26,0,2123,233,23,20,3411.02166666667,208,,,,,Add generic browse method,Add generic browse method  This patch adds a generic browse method which allows the user to configure the inclusion of sub types and the browse direction.  Change-Id: Iebcddcb37c076fb25bc198311808403f367619c7
151422,qt%2Fqtdeclarative~dev~I91b303612c5e132143b325b9a8f982e9355bc90e,https://codereview.qt-project.org/63591,6,65,63,0,21749,3316,13,23,701.063333333333,1350,,,,,Add Singleton support for QML,"WIP: Add initial Singleton support for QML  This is the initial stab at introducing Singleton support for QML. You define a type as a Singleton by adding the following to your types QML file:  pragma Singleton  Currently the pragma needs to be before any import statement. The goal is to be able to have them mixed. Singleton is the only supported pragma for now. Others will generate errors.  The problem with the current implementation is that the QML files using a Singleton type need to resolve the type and have it in their typecache. As the Singleton is used as a value to properties, or as part of a javascript block, it is very difficult to detect if a type needs to be resolved. Up to now we have not validated the contents of property values and javascript blocks at the parser level.  In this change I've only hooked up the bool ProcessAST::visit(AST::UiPublicMember *node) to look for something that looks like a Singleton type (with an uppercase first letter). However, this is not scalable as we do not want to do string pattern matching to find a candidate. There needs to be a better way to handle this.  I used ""qlalr --no-debug --no-lines --qt qqmljs.g"" to generate the qqmljsparser and qqmljsgrammar files from qqmljs.g.  There are no unit tests attached yet to this WIP patch.  Change-Id: I91b303612c5e132143b325b9a8f982e9355bc90e"
261909,qt%2Fqt5~5.12.4~I6ad06f0a952a0d8bc5d21e62f8c2cef70f40c618,https://codereview.qt-project.org/263910,6,65,51,0,29763,73,21,3,132.9325,350,,,,,Provision sed for windows 10,Provision sed for windows 10  Sed is needed by webassembly build. Cannot use sed from msys as having msys bin folder in path breaks webassembly build.  Task-number: QTQAINFRA-2835 Change-Id: I6ad06f0a952a0d8bc5d21e62f8c2cef70f40c618 Reviewed-by: Heikki Halmet <heikki.halmet@qt.io> (cherry picked from commit 230a73409a2fe58e7de0674107a2d870be0bf03d)
46337,qt%2Fqt3d~5.9~I6a77f43dfb153de142d12ef1c3cdb1850669d49f,https://codereview.qt-project.org/202499,7,65,7,0,4187,6,29,1,1610.50333333333,628,,,,,Doc: add doc to undocumented methods/properties,Doc: add doc to undocumented methods/properties  qtexturewrapmode.h:60: warning: No documentation for 'Qt3DRender::QTextureWrapMode::WrapMode' qtexturewrapmode.h:55: warning: No documentation for 'Qt3DRender::QTextureWrapMode::x' qtexturewrapmode.h:56: warning: No documentation for 'Qt3DRender::QTextureWrapMode::y' qtexturewrapmode.h:57: warning: No documentation for 'Qt3DRender::QTextureWrapMode::z' ~                                                                                                                                                                        0  Change-Id: I6a77f43dfb153de142d12ef1c3cdb1850669d49f
154920,qt-creator%2Fqt-creator~master~Iecbb010e6b6e9dab27d9862a43dafa450f2bb1f8,https://codereview.qt-project.org/62697,6,66,47,0,3239,144,16,12,260.026111111111,183,,,,,VCS: Enable calling runVcs from non-GUI threads,VCS: Enable calling runVcs from non-GUI threads  * De-static runVcs and friends * Use signals for appending text to output window  Change-Id: Iecbb010e6b6e9dab27d9862a43dafa450f2bb1f8
270380,qt%2Fqtbase~dev~Ia4760bad8717f1758c3939132c446b4b4c6cd498,https://codereview.qt-project.org/246539,5,66,11,0,136333,15,8,3,1883.80527777778,671,,,,,QLineEdit: don't emit editingFinished if nothing was done,"QLineEdit: don't emit editingFinished if nothing was done  When a modal dialog is called from a slot connected to the editingFinished signal, the chain of event resulting from the focus returning to this widget will make the editingFinished signal emitted a second time. This patch uses a new variable to keep track of the fact that there was a modification. Once editingFinished was emitted, that flag is cleared so next time the signal will be emitted again.  [ChangeLog][QtWidget][QLineEdit] Behaviour change: now the editingFinshed signal is emitted only once after the line edit content was edit.  Change-Id: Ia4760bad8717f1758c3939132c446b4b4c6cd498 Fixes: QTBUG-40"
49645,qt-creator%2Fqt-creator~master~I87bdd66b8e492e99a360022962b0053f02a33e57,https://codereview.qt-project.org/202658,10,66,51,0,17839,327,12,3,455.620833333333,1880,,,,,Add experimental .clang-format,"WIP: Add .clang-format  ------------------------------------------------------------------------------- THIS IS WIP TO RESEARCH CLANG-FORMAT FOR USE IN/FOR QT CREATOR -------------------------------------------------------------------------------  1. Try this out with clang-format from the llvm/clang 5.0 branch  2. If you find a problem regarding our coding style:    a) Add the problematic case to tests/manual/clang-format/example.cpp,       which is the reference showing what is possible and what not.    b) Adapt .clang-format to fix the case if possible. ------------------------------------------------------------------------------- TODO:  [ ] Find problematic cases  [ ] Add src/libs/3rdparty/.clang-format with ""DisableFormat: false""? -------------------------------------------------------------------------------  Using clang-format brings these advantages:  * Spending less time for authors and reviewers for formatting  * Helps especially first-time contributors  * Sorts includes nicely  * Adds/fixes trailing namespace comments (e.g.: } // namespace Foo)  How to set up clang-format with Qt Creator:   1. Enable the Beautifier plugin, restart to load it.   2. Configure the plugin:      In Menu: Tools > Options > Beautifier > Tab: Clang Format        a) Select a valid clang-format executable        b) Use predefined style: File   3. Set a shortcut for convenience:      In Menu: Tools > Options > Environment > Keyboard      ClangFormat / FormatFile - e.g. Alt+C, F   4. Open some file and hit the shortcut, use git diff to see the      changes.  When clang-format is configured this way, it will read the settings from .clang-format in the closest parent directory for the file to format.  See also   https://clang.llvm.org/docs/ClangFormat.html   https://clang.llvm.org/docs/ClangFormatStyleOptions.html  Change-Id: I87bdd66b8e492e99a360022962b0053f02a33e57"
236937,qt%2Fqtdeclarative~5.14~I825c2c5a2bbc8d5324c3ba41a681aa68bc25a159,https://codereview.qt-project.org/275129,5,66,4,1,319983,2,9,1,3884.92916666667,271,,,,,Make tst_qquickcanvasitem significant again; fix image size rounding,"Revert ""tst_qquickcanvasitem: Setting as insignificant.""  This reverts commit a23ee5c0de0d91859e1e76e64073861347dd9861. Now we will find out on which platforms it currently needs blacklisting.  Task-number: QTBUG-41043 Change-Id: I825c2c5a2bbc8d5324c3ba41a681aa68bc25a159"
234015,pyside%2Fpyside-setup~5.14~Ifb0cbb20c21ca9c8b3d099fff1db5410eb6824b4,https://codereview.qt-project.org/295595,5,67,0,0,51769,28,7,3,70.1563888888889,438,,,,,shiboken: Fix dict access without GIL,"shiboken: Fix dict access without GIL  In PYSIDE-803 we used an optimization that accessed a dictionary without holding the GIL. This turned out to be not correct, because PyDict_GetItem works with thread state to maintain the global error variables.  PyDict_GetItemWithErrors can be used instead in a way that allows releasing the GIL.  Task-number: PYSIDE-803 Task-number: PYSIDE-813 Change-Id: Ifb0cbb20c21ca9c8b3d099fff1db5410eb6824b4"
75224,qt%2Fqtwebengine~5.8~I1813a658a2f46e90f9ca4e8229a8c8fbb6590248,https://codereview.qt-project.org/167558,11,67,283,0,4006,1337,15,28,517.001111111111,308,,,,,Add recipebrowser example,"Add recipebrowser example.  The example uses WebEngineView and Qt Quick Controls 2 items to demonstrate how to write a small hybrid QtQuick / HTML application, and also shows the usage of the new focusOnNavigationEnabled setting.  Task-number: QTBUG-52999 Change-Id: I1813a658a2f46e90f9ca4e8229a8c8fbb6590248"
272866,qt%2Fqttools~dev~I56a23175579a1a699939179da2f35bbcd6c73367,https://codereview.qt-project.org/245197,9,67,25,0,19069,7,11,1,1331.14611111111,168,,,,,Merge remote-tracking branch 'origin/5.12' into dev,WIP: Merge remote-tracking branch 'origin/5.12' into dev   Conflicts: 	src/qtattributionsscanner/qdocgenerator.cpp  Change-Id: I56a23175579a1a699939179da2f35bbcd6c73367
247668,qt%2Fqtdeclarative~5.15~Ibc754db17c78efb01468106aba32e30d70d2f4df,https://codereview.qt-project.org/274120,10,67,58,0,6859,14,17,2,1170.78083333333,312,,,,,Add API to get more information for each line in a QML Text element,Add API to get the natural width of each line in a QML Text element  Previously there was no way to know what area is occupied by each line in a QML Text element. This commit adds API that solves this problem by exposing naturalTextRect and naturalTextWidth.  Change-Id: Ibc754db17c78efb01468106aba32e30d70d2f4df
194460,qt%2Fqtbase~master~Ieadacef0b970f29752d9e3e36a007e5cbb005b0d,https://codereview.qt-project.org/19218,9,68,27,0,4871,113,17,2,315.289166666667,84,,,,,EGLFS: Integrate building into configure.,Add EGLFS support to configure  Change-Id: Ieadacef0b970f29752d9e3e36a007e5cbb005b0d
273227,qt%2Fqtbase~5.12~I58c058761f71b4a7675b6a078be62aa813ead752,https://codereview.qt-project.org/247507,9,68,10,0,189445,19,10,1,315.643888888889,250,,,,,QToolTip - set correct screen before resize,QToolTip - set correct screen before show  In order to get a correctly not truncated size we need the hint to be calculated based on the screen it is about to be shown on.  Task-number: QTBUG-72306 Change-Id: I58c058761f71b4a7675b6a078be62aa813ead752
43391,qt%2Fqtbase~5.9~Ie408704b2924e1220491a9ea30f0141dfa4867d9,https://codereview.qt-project.org/213554,5,68,9,0,76228,74,5,2,75.3544444444444,474,,,,,"Add a ""shim"" to allow use of Clang 5's __builtin_available everywhere","Add a ""shim"" to allow use of Clang 5's __builtin_available everywhere  This is mostly relevant for Apple platforms, where we can use the new unguarded availability warnings to guarantee that proper version checks are present when using APIs that are not necessarily available on the deployment target.  Change-Id: Ie408704b2924e1220491a9ea30f0141dfa4867d9 Reviewed-by: Thiago Macieira <thiago.macieira@intel.com> (cherry-picked from 70422449ef892d7cc3086d88e5e9e43c771e2bc3)"
233007,qt%2Fqtbase~dev~I63281adfef3d01385928b1d8c4be0b32ac97c4d7,https://codereview.qt-project.org/283252,4,68,6,5,31575,97,25,2,3364.00277777778,230,,,,,CMake: Generate qmake pri information for building with qmake,WIP: Generate qmake prl and pri information for building with qmake  Partial work to generate proper information for qmake to be able to build modules.  Task-number: QTBUG-75666 Change-Id: I63281adfef3d01385928b1d8c4be0b32ac97c4d7
226130,qbs%2Fqbs~master~Ic09776d08e2a2ecd68fb4c08881201a7a0a25240,https://codereview.qt-project.org/304285,7,69,57,5,4771,175,13,4,290.176388888889,270,,,,,Android: Add support to generation of aab package,Android: Add support to generation of aab package  The Android.sdk generateAab property if set allows to generate the aab package instead of the apk one (generating both packages in the same product is not possible).  Change-Id: Ic09776d08e2a2ecd68fb4c08881201a7a0a25240
63069,qt%2Fqtdeclarative~wip%2Fpointerhandler~I45df7abdbd91e068a69101ed27e2ec44272e3899,https://codereview.qt-project.org/179377,3,69,1,0,5371,12,31,3,1540.75388888889,125,,,,,notify all passive-grabbing PointerHandlers when exclusive grab changes,notify all passive-grabbing PointerHandlers when exclusive grab changes  Change-Id: I45df7abdbd91e068a69101ed27e2ec44272e3899
269663,qt%2Fqtbase~dev~I4b56ce8c76729d9fc60995564299f8f27336fcde,https://codereview.qt-project.org/251316,8,69,15,0,33679,66,9,7,588.983055555556,511,,,,,Merge remote-tracking branch 'origin/5.13' into dev,WIP: Merge remote-tracking branch 'origin/5.12' into dev   Conflicts: 	src/network/ssl/qsslsocket_mac.cpp 	tests/auto/testlib/selftests/blacklisted/tst_blacklisted.cpp 	tests/auto/testlib/selftests/expected_blacklisted.lightxml 	tests/auto/testlib/selftests/expected_blacklisted.teamcity 	tests/auto/testlib/selftests/expected_blacklisted.txt 	tests/auto/testlib/selftests/expected_blacklisted.xml 	tests/auto/testlib/selftests/expected_blacklisted.xunitxml  Change-Id: I4b56ce8c76729d9fc60995564299f8f27336fcde
76559,qt%2Fqtbase~dev~I4978775e9732c40bc77f549b83bb4a5d1761887e,https://codereview.qt-project.org/166992,5,69,15,0,38850,194,11,10,172.861666666667,612,,,,,Enable cleartext HTTP/2 and bring the auto-test back to life,"Enable cleartext HTTP/2 and bring the auto-test back to life.  HTTP/2 does not require TLS connection, it can work in a cleartext mode. Plus at the moment only OpenSSL backend  allows HTTP/2 negotiation via ALPN/NPN (and none of our CI configurations with OpenSSL supports these extensions, rendering HTTP/2 auto-test useless). This patch implements cleartext HTTP/2 ('h2c') in 'direct' mode - this is allowed if a client has a prior knowledge that HTTP/2 is supported by a server. It also makes HTTP/2 auto-test functional on all platforms we're testing on.  Change-Id: I4978775e9732c40bc77f549b83bb4a5d1761887e"
235027,qt%2Fqtmultimedia~dev~I0e27157d08c8f2f430d141888375ac8667b7493f,https://codereview.qt-project.org/286704,4,70,0,0,177223,4,5,1,1632.95694444444,101,,,,,Update dependencies on 'dev' in qt/qtmultimedia,Update dependencies on 'dev' in qt/qtmultimedia  Change-Id: I0e27157d08c8f2f430d141888375ac8667b7493f
75655,qt%2Fqtwebengine~5.8~I44e1ffc8587ff8d8e677a47f8048feaef2e3266a,https://codereview.qt-project.org/162928,9,70,3,0,25801,7,12,1,1575.64055555556,113,,,,,Enable PDF for desktop platforms and add chromium dependencies,WIP: Add dependencies to chrome_qt.gyp when pdf is enabled.  Change-Id: I44e1ffc8587ff8d8e677a47f8048feaef2e3266a
273510,qt%2Fqt5~5.12~Ib45df166b0096ec1ec198e6cba792cd8a41c05a7,https://codereview.qt-project.org/247212,4,70,0,0,180605,16,13,8,213.542777777778,88,,,,,Update submodules on '5.12' in qt5,Update submodules on '5.12' in qt5  Change-Id: Ib45df166b0096ec1ec198e6cba792cd8a41c05a7
90403,qt%2Fqtbase~dev~Ia4b267a298310ac7d73edf473b12792991249d8a,https://codereview.qt-project.org/145351,7,70,49,0,7239,79,15,5,843.146944444444,495,,,,,Add initial clang-cl support to Qt,"Add initial clang-cl support to Qt  This adds the functionality to build Qt with clang under windows against the Microsoft Visual Studio 2015 runtime.  In order to replicate this, a Clang 3.8 build with Visual Studio 2015 Update 1 is needed.  Adds compiler detection to Qt to distinguish correctly the clang compiler and windows.  Clang has some buildin numeric functions, so no need in using the microsoft version, which also conflict here.  Change-Id: Ia4b267a298310ac7d73edf473b12792991249d8a"
234167,qt%2Fqtrepotools~master~Iedb5bd8ca825bcc679b65e524a1c3d76116b58dd,https://codereview.qt-project.org/88012,5,71,15,0,2485,285,33,1,50690.7,189,,,,,gpush/gpick: add smart series grouping mode,add git-grefresh tool  thist first version unconditionally replaces the specified local commits with the lastest patchsets from gerrit.  Change-Id: Iedb5bd8ca825bcc679b65e524a1c3d76116b58dd
64572,qt-apps%2Fboot2qt-demos~dev~I648464ed9a8253e5069bc6fd59e8b92128b60adc,https://codereview.qt-project.org/178745,7,71,314,0,5146,4644,28,44,1417.89555555556,268,,,,,Added IoT SensorTag demo to tradeshow,"Added IoT SensorTag demo to tradeshow  iot-sensortag folder added. This is project originally from consultacy repo, moved to here. It's a cross-platform app that shown multiple data values from TI CC2650 SensorTag.  Change-Id: I648464ed9a8253e5069bc6fd59e8b92128b60adc"
261221,qt%2Fqtbase~dev~I0b48fc8e90304e0dacc3fffd14e8e3a197211788,https://codereview.qt-project.org/207349,9,71,8,0,146087,117,5,2,14931.4366666667,635,,,,,QLockFile/Unix: save the boot and machine IDs in the lock file too,"QLockFile/Unix: save the boot and machine IDs in the lock file too  This allows us to make sure that the PID we read is from the same boot as we are right now running. The collision could happen on embedded systems where the boot sequence is fixed, so all the same processes would have the exact same PIDs after reboot as they did before.  [ChangeLog][QtCore][QLockFile] QLockFile can now properly conclude that a lock file from a previous boot of the same device is stale and can be removed. This is implemented only for Linux and Apple operating systems.  Task-number: QTBUG-63425 Change-Id: I0b48fc8e90304e0dacc3fffd14e8e3a197211788"
87354,qt%2Fqtwebengine~5.7~I695b8cbf648bdc7f119b0ed51ab685cf2f8de8e4,https://codereview.qt-project.org/149525,8,71,23,0,93976,428,12,8,1035.62888888889,374,,,,,Add API for context menu data,"Add API for context menu data  For QWebEnginePage users to be able to make custom context menu or extend the default context menu, they need information about the context.  This patch adds a QWebEngineContextData class that contains contextual information when a context menu is being requested.  Task-number: QTBUG-51079 Change-Id: I695b8cbf648bdc7f119b0ed51ab685cf2f8de8e4"
242778,qbs%2Fqbs~master~I76b1901cb7c41f8b5b0122265c99c9b37b59f261,https://codereview.qt-project.org/285844,5,72,25,3,9139,192,12,10,67.0897222222222,120,,,,,Add Docker environment to test Qbs with Qt for Android,"WIP: Add Android test environment using qt 5.13.2, android ndk r20  Change-Id: I76b1901cb7c41f8b5b0122265c99c9b37b59f261"
63136,qt%2Fqt5~5.9~Ie7e673d95b4930a93fc6d1a4aa86241061001bc2,https://codereview.qt-project.org/183053,9,72,0,0,20094,6,7,1,442.904722222222,79,,,,,Add qtremoteobjects,[WIP] Add qtremoteobjects  Change-Id: Ie7e673d95b4930a93fc6d1a4aa86241061001bc2
286937,qt%2Fqtwebengine~dev~I79f2c38a123cd053e3a59f4900afbdc759a396fe,https://codereview.qt-project.org/216441,6,72,21,0,32953,145,23,16,3049.99194444444,430,,,,,Change BrowserContextAdapter to be QPointer,WIP: Change BrowserContextAdapter to be QPointer  BrowserContextAdapter is living and accessd only in UI thread remove QSharedPointer usage and change qwebengineprofiles to use QPointer to prevent BrowserContextAdapter outliving the WebEngineContext. BrowserContextAdapter instances have globalObject as a parent to track WebEngineContext destruction.  Task-number: QTBUG-62147 Change-Id: I79f2c38a123cd053e3a59f4900afbdc759a396fe
260854,qt%2Fqtbase~dev~I39332e0a867442d58082fffd1508dfb9b540af23,https://codereview.qt-project.org/216517,10,72,48,0,221567,868,14,6,12446.8677777778,111,,,,,QCborValue: add support for QVariant and JSON conversions,QCborValue: add support for QVariant and JSON conversions  Change-Id: I39332e0a867442d58082fffd1508dfb9b540af23
258547,qt%2Fqtbase~dev~Iaf468166793e0cabb514b51c827b30317bf45a2d,https://codereview.qt-project.org/265700,8,73,3,0,75696,704,29,57,184.448055555556,286,,,,,QtWidgets: Fix static method invocations,QtWidgets: Fix static method invocations  Apply fixits by Creator and the results of a manual search focusing on QCore/Gui/Applicaton(Private) methods and variables to prepare for splitting out some classes.  Task-number: QTBUG-76493 Change-Id: Iaf468166793e0cabb514b51c827b30317bf45a2d
70139,qt%2Fqt3d~5.8~I2f4bc18a8b667cd4036d02250574e88831498035,https://codereview.qt-project.org/168165,5,73,11,0,34467,165,29,2,2163.29,209,,,,,Texture backend refactoring: Simplify TextureImage,Texture backend refactoring: Simplify TextureImage  TextureImage will basically just hold the frontend data and notify the Texure holding it about changes.  Change-Id: I2f4bc18a8b667cd4036d02250574e88831498035
277526,qt%2Fqt5~dev~I9677e735cc06b98c937ad2cd3cd8b00e05f2e3b0,https://codereview.qt-project.org/242101,4,73,0,0,68669,0,17,0,142.856666666667,87,,,,,Update submodules on 'dev' in qt5,Update submodules on 'dev' in qt5  Change-Id: I9677e735cc06b98c937ad2cd3cd8b00e05f2e3b0
99220,qt%2Fqtbase~5.6~Ib056b47dde3341ef9a52ffff13ef13ee2cf888eb,https://codereview.qt-project.org/121022,12,73,1,0,87577,2,7,1,2388.40972222222,491,,,,,Turn C++11 on by default if the compiler supports C++11,"Turn C++11 on by default if the compiler supports C++11  [ChangeLog][Important Behavior Changes] qmake now enables C++11 support by default if the compiler is known to support it. To disable this, add to your .pro file: CONFIG -= c++11. Note that Qt 5.7 will require C++11 support, so it is a good idea to ensure your code works with that compiler setting. (Note: it is not possible to disable C++11 support with Microsoft Visual Studio)  Change-Id: Ib056b47dde3341ef9a52ffff13ef13ee2cf888eb"
242895,qt%2Fqttools~5.15~I89134948df20e0b546ca6ef835da4a678fd579b2,https://codereview.qt-project.org/273059,7,74,14,0,4692,1043,30,16,3006.49444444444,102,,,refactoring/,refactor|,Assistant: Remove unused stuff,WIP: Assistant: Refactor doc and filter settings  Change-Id: I89134948df20e0b546ca6ef835da4a678fd579b2
276947,qt%2Fqttools~dev~I918f83030c48d96db4a5588ab53458f221a5374e,https://codereview.qt-project.org/240616,9,74,174,0,36192,70,23,5,775.7225,2228,,,,,qdoc: Reorganize Qdoc's Node class hierarchy,"qdoc: Find the c and c++ include dirs for macOS  This update is required because the libclang release packages listed on the Qt Downloads page don't include the c and c++ header files that are provided by the LLVM builder.  When I buildt my own LLVM for version 3.9, it installed the clang libraries and include files and the c and c++ headers in /usr/local. All I had to do was set LLVM_INSTALL_DIR to /usr/local, and qdoc would build and run as expected. The clang parser used in qdoc would find the c and c++ include files in /usr/local/include.  When it came time to upgrade my clang to version 6.0, I installed the libclang release package for macOS, which creates a libclang directory with the clang libraries and clang headers, but not the c and c++ headers. So when I set LLVM_INSTALL_DIR to that libclang dir, it built qdoc ok, but when I ran qdoc, it printed thousands of errors for missing c++ and c types, because the include directories passed to qdoc on the command line don't include anything for finding the c and c++ headers.  qdoc detects now -clang-path parameters on the command line. It uses these two paths into the macOS SDK to construct these two include paths, which lead to the c++ and c include directories respectively:  -I/Applications/Xcode.app/Contents/Developer/Toolchains/XcodeDefault.xctoolchain/usr/include/c++/v1 -I/Applications/Xcode.app/Contents/Developer/Platforms/MacOSX.platform/Developer/SDKs/MacOSX10.14.sdk/usr/include  This works on my mac, except for the ""variant"" template used in one place in qvariant.h, where clang says there is no template named variant in namespace std. However, there is a template named variant in the <variant> header, but clang in qdoc is not seeing it, which might be revealing a problem with this update. Namely, the clang version in my libclang directory is different from the clang version in my macOS SDK, so maybe the c and c++ headers in the SDK are not compatible with the clang in my libclang. If that is the problem, then maybe our libclang-release packages on the Qt Downloads page should go the extra step of including the c and c++ headers that are made available when each LLVM is built.  Change-Id: I918f83030c48d96db4a5588ab53458f221a5374e"
220737,qt%2Fqttools~5.15~I8ff15710b1a433ddcb3000e5bcf58790c983e63f,https://codereview.qt-project.org/291144,10,74,47,7,3264,154,13,4,4662.52527777778,225,,,,,Adapt the QtHelp API according to recent QMap changes,WIP: Adapt the QtHelp API according to recent QMap changes  The usage of QMap as a multi map has just been deprecated. Adapt the QtHelp API accordingly.  Fixes: QTBUG-82334 Change-Id: I8ff15710b1a433ddcb3000e5bcf58790c983e63f
90074,qt-creator%2Fqt-creator~master~I981e38a10fff1c1792f285d5837553aa7596cd2f,https://codereview.qt-project.org/113829,8,74,61,0,10303,48856,15,331,6137.31638888889,243,,,,,Add modeling library,"Add modeling library  Modeling library implements the entities, diagrams and widget Ui for ModelEditor plugin and tools. This is a 3rdparty library not following the QtCreator coding style.  Change-Id: I981e38a10fff1c1792f285d5837553aa7596cd2f"
261232,qt%2Fqtbase~dev~I22d223c50057c3edab4ef7f01d9ed0f58e9139c1,https://codereview.qt-project.org/206806,4,75,3,0,474956,13,3,2,15030.1758333333,789,,,,,QDateTimeParser: reject all short values in fixed-width fields,"QDateTimeParser: reject all short values in fixed-width fields  Previously, a 1, 2 or 3 for ""dd"" would be rejected because 10, 20 or 30 would fit in the field and be valid; but 4 or more was accepted, even though it was too short for the field, because no suffix could make it valid within the field-width.  [ChangeLog][QtCore][QDateTimeParser] When parsing dates and times from strings, fixed-width date-time fields, such as a ""dd"" for day, now reject all values that should be padded, rather than only doing so when the value is a prefix of some value that would fill the field-width.  Use a single letter for the field, e.g. ""d"" for day, if you want to accept short values.  (QDateTimeEdit is not affected.)  Task-number: QTBUG-63072 Change-Id: I22d223c50057c3edab4ef7f01d9ed0f58e9139c1"
222222,qt%2Fqtbase~dev~I022eecf1ba03b54dbd9c98a9d63d05fb05fd2124,https://codereview.qt-project.org/299523,5,75,17,0,77488,125,23,7,2396.71638888889,163,,,,,QDecompressHelper: Introduce zstd support,WIP: DecompressHelper: Introduce zstd support  @todo Need to add a missing test file  Task-number: QTBUG-83269 Change-Id: I022eecf1ba03b54dbd9c98a9d63d05fb05fd2124
90639,qt%2Fqt5~5.6.0~Ic407bd126cc4c0a557ec7769d41394aa68c0cbee,https://codereview.qt-project.org/147715,7,75,0,0,186321,24,7,12,223.986666666667,73,,,,,Updated submodules.,Updated submodules.  Change-Id: Ic407bd126cc4c0a557ec7769d41394aa68c0cbee
270123,qt%2Fqtbase~5.13~Ie6de9d10812b776519bd6115593b433fe77059fe,https://codereview.qt-project.org/222682,5,75,43,0,4505,387,23,11,8246.76916666667,86,,,,,wasm: add clipboard support,WIP: wasm: add clipboard support  Change-Id: Ie6de9d10812b776519bd6115593b433fe77059fe
214913,qt%2Fqtbase~dev~Ia6ba08df198288b8b11d3b2d2052c194f04fe8a1,https://codereview.qt-project.org/316622,4,76,36,0,33099,74,19,2,550.358333333333,78,,,,,Add unit tests for QDateTimeParser internals,WIP: add more unit tests  Change-Id: Ia6ba08df198288b8b11d3b2d2052c194f04fe8a1
259329,qt%2Fqtbase~dev~I837866dbeff4b3f4ba4eb5b564041fecbd59e70e,https://codereview.qt-project.org/263546,8,76,20,2,40139,21,24,1,408.619722222222,130,,,,,QUrl: replace manual memory management of QUrlPrivate::Error with unique_ptr,QUrl: replace manual memory management of QUrlPrivate::Error with unique_ptr  Change-Id: I837866dbeff4b3f4ba4eb5b564041fecbd59e70e
130407,installer-framework%2Finstaller-framework~master~Ic8a076a28385e99ad09cfbccd07c7012d6570639,https://codereview.qt-project.org/322030,6,76,52,11,7309,335,24,10,1430.42694444444,115,,,,,Add support for generating offline installer from online,WIP: Add support for generating offline installer from online  Change-Id: Ic8a076a28385e99ad09cfbccd07c7012d6570639
70880,qt%2Fqtbase~dev~If58785210feee3550892fc7768cce90e75a2416c,https://codereview.qt-project.org/174065,12,76,44,0,21193,103,13,8,386.04,352,,,,,Merge remote-tracking branch 'origin/5.8' into dev,Merge remote-tracking branch 'origin/5.8' into dev  Conflicts: 	mkspecs/features/mac/sdk.prf         mkspecs/features/mac/default_post.prf 	mkspecs/features/uikit/sdk.prf 	src/platformsupport/fontdatabases/fontdatabases.pro 	src/plugins/platforms/cocoa/qnsview.mm 	src/plugins/platforms/ios/ios.pro  Change-Id: If58785210feee3550892fc7768cce90e75a2416c
227481,qt%2Fqtbase~dev~I521f1924f701260b41dccbcecf87b19f08df5ccc,https://codereview.qt-project.org/302149,5,77,2,2,71853,179,16,23,349.495833333333,122,,,,,Move windows font databases into QtGui,WIP: Move windows font databases into QtGui  Task-number: QTBUG-83255 Change-Id: I521f1924f701260b41dccbcecf87b19f08df5ccc
247105,qt%2Fqtbase~dev~Ief2ad71bf840666c64145d58e9ca71d05fad5659,https://codereview.qt-project.org/214843,14,77,22,1,7409,283,22,11,16624.3230555556,83,,,,,Add QTextMarkdownImporter,WIP add QTextMarkdownImporter  Change-Id: Ief2ad71bf840666c64145d58e9ca71d05fad5659
150693,qt-creator%2Fqt-creator~master~I560490afa287b3bb1e863bce1bb4f57af36ad56e,https://codereview.qt-project.org/46265,3,77,16,0,10278,146,30,7,5849.06694444445,115,,,,,C++: Only parse with appropriate defines for open editors.,"WIP: C++: for completion, only parse with appropiate defines.  Change-Id: I560490afa287b3bb1e863bce1bb4f57af36ad56e"
76331,qt%2Fqtbase~5.8~Icf69d92159d070889085e20d31f2e397d796d940,https://codereview.qt-project.org/166373,9,77,30,0,21564,77,13,9,421.031388888889,92,,,,,Added capHeight() to QRawFont and QFontMetrics(F),WIP: Implemented QRawFont::capHeight()  Change-Id: Icf69d92159d070889085e20d31f2e397d796d940
244442,qt%2Fqtbase~dev~I58bd914b9bdd0ed3349ba56fa78220ab06114852,https://codereview.qt-project.org/101417,7,78,2,0,159717,11,15,1,43915.4547222222,720,,,,,Tell the compiler that QArrayData returns aligned pointers,"Tell the compiler that QArrayData allocates memory and it is aligned  ICC, GCC and Clang support __attribute__((malloc)) that tells them that the function returns newly allocated memory which doesn't alias anything else. Though technically we may return memory that has already been used (the shared null or such), that should not be a problem.  GCC 4.9 and later support the __attribute__((alloc_align)) attributes that indicate the alignment of the data. To make it work on GCC since 4.7 and Clang as of 3.6, we instead use __builtin_assume_aligned(). I don't know which version of ICC first implemented this, but ICC 15 does and it also reports itself as GCC 4.9.  Change-Id: I58bd914b9bdd0ed3349ba56fa78220ab06114852"
212292,qt%2Fqtbase~master~Ic3c820a488a0992c944994d4d7dc283da36742d6,https://codereview.qt-project.org/928,8,78,134,0,5475,87,23,1,608.061388888889,326,,,,,Add rudimentary config.test support when configuring modules.,"Add rudimentary config.test support to syncqt.  A map of ""config var name"" => ""test directory name"" is used to control the tests to run.  Only supports Linux right now (and to that extent, make must be called 'make', not 'gmake') because the logic to find MAKE is missing.  Change-Id: Ic3c820a488a0992c944994d4d7dc283da36742d6"
64485,qt%2Fqtdeclarative~dev~I27194edfe6676992d17bd09cc50ea7da4e339c22,https://codereview.qt-project.org/182554,5,78,1,0,38164,58,32,1,337.019444444444,374,,,,,Replace platform #ifdefs in Assembler::storeReturnValue,WIP: Begin replacing platform #ifdefs with template specializations  Specialize QV4::Assembler::storeReturnValue(FPRegisterID) for the different architecures instead of using #ifdefs. The fallback of returning the double via the stack is removed as it was not used in any of our JIT supported target architectures AFAIK.  Change-Id: I27194edfe6676992d17bd09cc50ea7da4e339c22
277651,qt%2Fqtdeclarative~5.12~I78f9f19e1e110608580adedcf4cd3be554222515,https://codereview.qt-project.org/239152,8,78,33,0,142029,17,16,1,829.968611111111,183,,,,,Examples: Use XmlHttpRequest to fetch flickr public photos,Example: Remove dependency on XmlListModel  Using FolderListModel instead to load the pictures in StandardPaths.PicturesLocation.  Change-Id: I78f9f19e1e110608580adedcf4cd3be554222515
267522,qt%2Fqtdeclarative~dev~Ieae8df235217189c90048515e199f7e7c7f220b3,https://codereview.qt-project.org/246427,5,79,6,0,3232,382,38,4,2862.07638888889,325,,,,,V4: Add a lowering pass to the traced JIT,"WIP: V4: Add a lowering pass to the traced JIT  This pass converts high-level operations like e.g. a JSAdd to lower level operations, like a runtime call. This pass will be extended to take trace information, which can indicate that it can be lowered to e.g. an AddInt32.  Change-Id: Ieae8df235217189c90048515e199f7e7c7f220b3"
235625,qt-apps%2Fneptune3-ui~5.14~Ia92441b146f81c5849355a45f71dc9331029687e,https://codereview.qt-project.org/290288,8,79,128,5,3945,259,27,41,890.396944444444,87,,,,,Neptune 3 UI Documentation Update,Neptune 3 UI Documentation Update  Change-Id: Ia92441b146f81c5849355a45f71dc9331029687e
114507,qt%2Fqtquickcontrols~dev~Ie30e76356716a546f7eaa3e4c2eccbc15ebf9a5c,https://codereview.qt-project.org/99578,6,79,25,0,9231,105,16,1,2312.46666666667,210,,,,,Added remove function to the SplitView,SplitView: added removeItem and removeItemAt functions Added missing functions for removing dynamically items added to a SplitView Task-number:  QTBUG-42509  Change-Id: Ie30e76356716a546f7eaa3e4c2eccbc15ebf9a5c
289355,qt%2Fqtlocation~5.11~I59a8147a12f035d5c7f86c2546e9144b2e1a7b3c,https://codereview.qt-project.org/200637,10,79,29,0,7995,622,25,5,6478.26611111111,79,,,,,Fix MapItemView not setting context data upon item deletion,WIP: fix MapItemView  WIP  Change-Id: I59a8147a12f035d5c7f86c2546e9144b2e1a7b3c
261165,qt%2Fqtbase~dev~Ibdce0865234b5d4ebbdc90628cc4d9e790ed6321,https://codereview.qt-project.org/209916,3,80,0,0,599240,-1,4,1,14191.0088888889,396,,,,,Pull several structs and static functions into an anonymous namespace,"Pull several structs and static functions into an anonymous namespace  The implementation of QWinTimeZonePrivate used many static functions and at least one struct; to which I've added.  Put these all into an anonymous namespace (thereby keeping the struct types out of the linker's sight): make them local the C++ way, rather than the C way.  Change-Id: Ibdce0865234b5d4ebbdc90628cc4d9e790ed6321"
229218,qt%2Fqtquickcontrols2~dev~Ia3a8d754b4127f592fe15322ff452e4aa1ad9e2a,https://codereview.qt-project.org/301435,8,80,0,0,107752,4,4,1,140.861944444444,105,,,,,Update dependencies on 'dev' in qt/qtquickcontrols2,Update dependencies on 'dev' in qt/qtquickcontrols2  Change-Id: Ia3a8d754b4127f592fe15322ff452e4aa1ad9e2a
105109,qt%2Fqtbase~5.5~Ic3c0d7e066435451203e77b9b9ce2d70bfb9c570,https://codereview.qt-project.org/111332,8,80,20,0,4771,67,17,3,1780.17277777778,149,,,,,take process name into account for QLockFile's pid clash resolution,***take process name into account for QLockFile's pid clash resolution  Change-Id: Ic3c0d7e066435451203e77b9b9ce2d70bfb9c570 Task-number: QTBUG-45497
267218,qt%2Fqtbase~dev~Ibfb5ac0a2d741de7c3f519d91202d4977996045e,https://codereview.qt-project.org/254426,6,80,51,0,45280,293,15,4,696.615555555556,176,,,,,Test QTest's signal dumper,Test QTest's signal dumper  Having been completely untested it unsurprisingly broke over time.  Add some selftests for it.  Change-Id: Ibfb5ac0a2d741de7c3f519d91202d4977996045e
238455,qt%2Fqtdeclarative~dev~I52548938a582cb6510271ed4bc3a9aa0c3c11df6,https://codereview.qt-project.org/288859,9,81,70,0,86976,3,19,1,397.501111111111,123,,,,,Merge remote-tracking branch 'origin/5.15' into dev,WIP: Merge remote-tracking branch 'origin/5.15' into dev   Conflicts:  Change-Id: I52548938a582cb6510271ed4bc3a9aa0c3c11df6
261565,qt%2Fqtbase~dev~I12b427f1fe9503df819ea5436d780972d6402e68,https://codereview.qt-project.org/264216,10,81,9,1,78246,33,29,2,166.693333333333,1344,,,,,QWeakPointer: use an alternative work-round for internalData() users,"QWeakPointer: use an alternative work-round for internalData() users  The previous work-around fails, probably because of cross-dependencies. E.g. we have this in QtScXml:  In file included from /home/qt/work/install/include/QtCore/qsharedpointer.h:48:0,                   from ../../src/scxml/qscxmltabledata_p.h:55,                   from ../../src/scxml/qscxmltabledata.cpp:40:  /home/qt/work/install/include/QtCore/qsharedpointer_impl.h:687:12: error: ‘QPointer’ does not name a type; did you mean ‘pointer’?       friend QPointer<X>              ^~~~~~~~              pointer  /home/qt/work/install/include/QtCore/qsharedpointer_impl.h:689:23: error: ‘QSmartPointerConvertFunctor’ in namespace ‘QtPrivate’ does not name a template type       friend QtPrivate::QSmartPointerConvertFunctor<QWeakPointer>;                         ^~~~~~~~~~~~~~~~~~~~~~~~~~~  To fix, grand friendship only to a non-template class with a templated static method that returns internalData(). This fixes most users, except in qmetatype.h, which does not include qsharedpointer.h. In order to use the non-template class in there, we need to delay its name lookup to instantiation time. We do this by artificially makeing it a dependent name, by writing a template alias that always resolves to the same class.  Change-Id: I12b427f1fe9503df819ea5436d780972d6402e68"
197518,qt%2Fqtbase~master~I27b05008216ff936dc463bd80d3893422bfb940e,https://codereview.qt-project.org/15585,10,81,254,0,220409,58191,15,266,403.141111111111,664,,,,,Import QMimeType / QMimeDatabase into QtCore.,"Import QMimeType / QMimeDatabase into QtCore.  History of the development before the import: ssh://codereview.qt-project.org/playground/mimetypes.git  Mimetype definitions come from shared-mime-info where available (UNIX systems), loaded using a mmap'ed binary cache generated by update-mime-database. As a fallback if no cache is found, we parse the raw XML files otherwise.  This makes the MIME type support fast and with very low memory usage on UNIX, and it makes it easy to use on Windows (no dependency on shared-mime-info, Qt even includes a freedesktop.xml file to use if none are found on the system).  Change-Id: I27b05008216ff936dc463bd80d3893422bfb940e"
101669,qt%2Fqtbase~dev~Iecf24b15dc01830686ddd708871bc3392d95282f,https://codereview.qt-project.org/121446,9,81,49,0,64477,179,13,4,1202.97666666667,340,,,,,Support accessing 32-bit Registry from 64-bit programs and vice versa,"Allow to access the 32-bit Registry from a 64-bit application and vice versa  As the required flags are only available in Windows XP and newer, they are defined if undefined. For details see:      http://msdn.microsoft.com/en-us/library/aa384129%28VS.85%29.aspx  Task-number: QTBUG-3845  Change-Id: Iecf24b15dc01830686ddd708871bc3392d95282f"
233461,qt%2Fqtbase~dev~Id5e091b135c006b10987f229f45319228edb8675,https://codereview.qt-project.org/289822,6,82,8,2,165452,30,23,2,1443.78055555556,96,,,,,Optimize hashing of floating point numbers,Optimize hashing of floating point numbers  Change-Id: Id5e091b135c006b10987f229f45319228edb8675
186763,qt%2Fqtserialport~master~I7b145c6450be42380df5112694b54068bb6c5ad0,https://codereview.qt-project.org/28944,6,82,60,0,12281,15,8,1,115.221111111111,875,,,,,Linux: Added support for RFCOMM devices using udev,"Support for Bluetooth RFCOMM devices in SerialPortInfo::availablePorts() method. (linux-libudev)  The RFCOMM protocol provides serial port emulation for Bluetooth devices. More info at http://en.wikipedia.org/wiki/Bluetooth_protocols#Radio_frequency_communication_.28RFCOMM.29.  RFCOMM devices were not being detected by the old method, as they have no 'parent' device. This issue have been fixed.  The new availablePorts() method have been tested using the qSerialTerm software, which is based on the QtSerialPort library. Code source available at https://github.com/JorgeAparicio/qSerialTerm  The SerialPort class works flawlessly with RFCOMM devices. The whole setup was tested with an HC-06 module in Ubuntu 12.04. More info at http://embeddedprogrammer.blogspot.com/2012/06/ubuntu-hacking-hc-06-bluetooth-module.html  Change-Id: I7b145c6450be42380df5112694b54068bb6c5ad0"
88812,qt-creator%2Fqt-creator~4.0~I91e5940ebc4211f98056d507cf2f7b5f8efe7f07,https://codereview.qt-project.org/151093,3,82,96,0,6550,2,37,1,122.134444444444,95,,,,,Debugger: Merge debug mode and analyze mode,Debugger: Fix visibility of thread window  Change-Id: I91e5940ebc4211f98056d507cf2f7b5f8efe7f07
261566,qt%2Fqtbase~dev~I1551f69a160922681d66024701ba1bd8f6dc03bf,https://codereview.qt-project.org/230250,3,82,5,2,45455,143,37,3,9240.07777777778,86,,,,,rcc: Avoid needless use of macro,rcc: Avoid needless use of macro  Change-Id: I1551f69a160922681d66024701ba1bd8f6dc03bf
260552,qt%2Fqtbase~dev~If932d55f98f9b8bcf3a72c03ffd51da52cb50ad1,https://codereview.qt-project.org/225112,7,83,78,0,6068,838,15,15,10474.385,601,,,,,Add support for QRegularExpression to QSortFilterProxyModel,"Add support for QRegularExpression to QSortFilterProxyModel  This patch implements the support for QRegularExpression in QSortFilterProxyModel. The various setFilterXXX methods will now use QRegularExpression in place of QRegExp where applicable. To make things easier, it adds setFilter with two overloads: one for QRegExp and one for QRegularExpression.  The long term goal is to ease the removal of QRegExp from the class.  [ChangeLog][QtCore][Model View] QRegularExpressions can now be used with QSortFilterProxyModel.  Task-number: QTBUG-46810 Change-Id: If932d55f98f9b8bcf3a72c03ffd51da52cb50ad1"
290912,qt%2Fqtbase~dev~I1fc311b8d5e743ccf05047fb9a7fdb813a645206,https://codereview.qt-project.org/338963,11,83,0,0,172605,34,23,6,525.359166666667,138,,,,,CMake: Build minimal subset of tests in desktop static builds,WIP: Build minimal subset of tests in desktop static builds  Task-number: QTBUG-87580 Change-Id: I1fc311b8d5e743ccf05047fb9a7fdb813a645206
231890,qt%2Fqtbase~5.15.0~Ibdc95e9af7bd456a94ecfffd16060cba6f1c86b8,https://codereview.qt-project.org/297227,7,83,26,2,289793,128,9,2,354.86,515,,,,,QCborValue: avoid signed integer oveflows when decoding time_t,"QCborValue: avoid signed integer oveflows when decoding time_t  QDateTime::fromSecsSinceEpoch() multiplies by 1000 but does not check for overflow. That means we must do so in QCborValue validation. We can't use mul_overflow<qint64> on 32-bit platforms, so we do a compare- and-branch there. For 64-bit platforms, we prefer to do the multiplication with checked overflow, as the common case is that it will not overflow and we'll need the multiplication anyway.  Change-Id: Ibdc95e9af7bd456a94ecfffd16060cba6f1c86b8"
103727,qt%2Fqt3d~5.5~I59a6e0a9759d002976b94a378be87ecf4004e6bf,https://codereview.qt-project.org/121667,4,83,6,0,4294,1066,40,5,527.464166666667,987,,,,,Add qgltf tool,"WIP: Add qgltf tool  This tool, integrated with qmake, converts anything assimp imports into a subset of glTF. The output is glTF 0.8 compliant when it comes to the scene, mesh, buffer, material and texture descriptions.  Techniques, render passes, shaders, and such are excluded - these are better specified in QML (as that's why we have Qt 3D in the first place). However, for loading the geometry and describing the basic  material properties glTF is very useful as it is easy to parse and fast to load, even on embedded devices.  The goal here, combined with the upcoming glTF scene loader plugin, is to provide a basic asset pipeline for getting models (typically provided as .obj or .3ds, maybe Collada) into applications, resulting in fast load times on slow devices too.  We may also support some Qt specific features later, e.g. the JSON can use Qt's fast binary representation, while the .bin files can be qCompressed()'ed.  Change-Id: I59a6e0a9759d002976b94a378be87ecf4004e6bf"
261220,qt%2Fqtbase~dev~I0b48fc8e90304e0dacc3fffd14e91064020d165b,https://codereview.qt-project.org/207350,11,84,12,0,172732,41,5,3,14931.385,178,,,,,QSysInfo: add a function that returns the boot ID,QSysInfo: add a function that returns the boot ID  [ChangeLog][QtCore][QSysInfo] Added machineUniqueId() and bootUniqueId().  Change-Id: I0b48fc8e90304e0dacc3fffd14e91064020d165b
219971,qt%2Fqtbase~dev~I792f7fc85ac3a9538589da9d7618b647edf0e70c,https://codereview.qt-project.org/312621,4,84,17,8,248413,264,14,3,161.020833333333,565,,,,,Give QEventPoint a d-pointer after all,"WIP Give QEventPoint a d-pointer after all  I still have doubts that QEventPoint can't be made small enough that copying would be cheaper than reference-counting and all the indirections in now-noninline accessors, but this gives us the usual freedom to change the data members later on.  If we do this, it looks like QTest::QTouchEventSequence needs its implementation moved into a new qtesttouch.cpp, which can use private headers: being a friend will no longer be enough, because there are no public setters.  Change-Id: I792f7fc85ac3a9538589da9d7618b647edf0e70c"
90990,qt%2Fqtbase~6.1~I2eeee3b2b72c78c2e24f2fb914abce3caa913be8,https://codereview.qt-project.org/332475,4,84,35,1,26246,748,21,4,412.801111111111,131,,,,,Port QSslKey to the new plugin-based implementation,WIP: port QSslKey to new plugin-based implementation  Task-number: QTBUG-65922 Change-Id: I2eeee3b2b72c78c2e24f2fb914abce3caa913be8
273412,qt%2Fqtbase~5.12~I65f13564b635433030e40fa017427bbc72d1c130,https://codereview.qt-project.org/212562,18,84,5,0,24158,76,12,1,9235.42055555556,441,,,,,configure: actually resolve libraries into full filepaths,"configure: actually resolve libraries into full filepaths  this considerably speeds up failures, as no doomed build is attempted, and produces more reliable results, as no second lookup (which would be subject to environment changes) is done any more.  in principle, this also opens up possibilities like selecting specific variants of dependencies, automatically extracting rpaths, etc.  Change-Id: I65f13564b635433030e40fa017427bbc72d1c130"
269733,qt%2Fqtbase~dev~I37ef06d9ce4d80d98bd72720353996bac723e09c,https://codereview.qt-project.org/250768,5,85,0,0,45500,162,4,3,713.241111111111,413,,,,,Add conversion to and from long and ulong,"Add conversion to and from long and ulong  This implements conversion parity with QString, which can convert to and from long and unsigned long.  The implementation simply forwards to existing long long overloads or uses the existing helpers, so just as for the conversion to/from int or short, no additional test cases were added.  and ulong  Change-Id: I37ef06d9ce4d80d98bd72720353996bac723e09c Fixes: QTBUG-782"
236387,qt%2Fqtbase~dev~Ibee5acec72a1a1769d4bc5f23f56c7dc8d4cf3cb,https://codereview.qt-project.org/292970,13,85,104,0,36700,1095,19,4,162.702222222222,150,,,,,Merge remote-tracking branch 'origin/5.15' into dev,WIP: Merge remote-tracking branch 'origin/5.15' into dev   Conflicts: 	src/corelib/tools/qlist.h  Change-Id: Ibee5acec72a1a1769d4bc5f23f56c7dc8d4cf3cb
162043,qt-creator%2Fqt-creator~master~I063ee107fb474135523cf685b7ac5d05096ef741,https://codereview.qt-project.org/53864,7,85,56,0,18108,905,19,12,663.709722222222,316,,,,,BlackBerry Development Environment Setup Wizard,WIP: BlackBerry Setup Wizard  * NDK page done * Key registration page done * Missing welcome page (ideas for text?) * Missing finish page (ideas for text?) * Missing device page/debug token  TODO: maybe merge functionality shared with BlackBerryRegisterKeyDialog  Change-Id: I063ee107fb474135523cf685b7ac5d05096ef741
275918,qt%2Fqtbase~5.12~Iba26da0ecbf2aa4ff4b956391cfb373f977f88c9,https://codereview.qt-project.org/243826,12,85,24,0,93804,25,14,1,356.428888888889,172,,,,,Merge remote-tracking branch 'origin/5.11' into 5.12,WIP: Merge remote-tracking branch 'origin/5.11' into 5.12   Conflicts: 	src/plugins/platforms/cocoa/qcocoaglcontext.mm  Change-Id: Iba26da0ecbf2aa4ff4b956391cfb373f977f88c9
238425,qt%2Fqtwebglplugin~5.11~If74819fffd5f876c7bf2bf68a25ca6998fe870ef,https://codereview.qt-project.org/220529,6,86,78,0,3246,171,34,6,17546.4133333333,72,,,,,Add a basic test,WIP: Add some test  Change-Id: If74819fffd5f876c7bf2bf68a25ca6998fe870ef
117350,qbs%2Fqbs~master~I1e9bc950e8c95e136d2a6a702dc95059e9047072,https://codereview.qt-project.org/100513,6,86,78,0,5941,167,23,1,1079.1275,242,,,,,First stage of Android support.,"WIP: Android support  - First simple proof of concept. Work & research in progress. - Java only, debug only, application only. - No libraries, no external resources, no native code, no Qt.  Change-Id: I1e9bc950e8c95e136d2a6a702dc95059e9047072"
68518,qt%2Fqtbase~dev~I5a1b886371520310a7fe16e617635ea335046beb,https://codereview.qt-project.org/142914,7,86,36,0,51849,3,17,1,8677.76916666667,311,,,,,"Remove _bit_scan_{forward,reverse}","Implement _bit_scan_{forward,reverse} for GCC on non-Intel.  GCC supports _bit_scan_{forward,reverse} only on Intel. It does support __builtin_c[lt]z on all platforms. So, for non-Intel platforms, we can enable our implementation that uses __builtin_c[lt]z.  Change-Id: I5a1b886371520310a7fe16e617635ea335046beb"
185891,pyside%2Fpyside-setup~dev~I6866e7360df119859adeee567d2b18a37cb63a79,https://codereview.qt-project.org/322220,5,86,12,2,4709,194,42,3,187.688888888889,230,,,,,shiboken6: Introduce a new Text stream,WIP: shiboken6: Use a new Text stream  Add a new text stream with built-in indent. This make it easier to factor out the write() functions since they no longer need the indent.  Change-Id: I6866e7360df119859adeee567d2b18a37cb63a79
60387,qt-creator%2Fqt-creator~master~Ia166e9667076e46770a754b626ceb28080139e79,https://codereview.qt-project.org/187389,8,87,77,0,3853,511,18,18,448.298888888889,98,,,,,Locator: Add highlighting of the search text,Locator: add highlighting of the search text  Change-Id: Ia166e9667076e46770a754b626ceb28080139e79
233006,qt%2Fqtbase~dev~I489d188d05e368208a8a62828bb12fb395df54bc,https://codereview.qt-project.org/294096,3,87,82,13,14858,110,22,1,757.213611111111,90,,,,,CMake: Generate qmake .prl files,WIP CMake: Generate qmake .prl files  Change-Id: I489d188d05e368208a8a62828bb12fb395df54bc
282341,qt%2Fqtwebengine~dev~I7d8b9da3ad742f568b82ccc6a2456ad35e84069b,https://codereview.qt-project.org/233744,8,87,63,0,340097,534,12,14,757.705277777778,73,,,,,Add QWebEngineUrlScheme class,WIP: Custom schemes  Change-Id: I7d8b9da3ad742f568b82ccc6a2456ad35e84069b
208439,qt%2Fqtbase~dev~Id88ced335b0d2dfd18fb59c9a3dc75571f2a44ef,https://codereview.qt-project.org/317331,5,87,13,4,387266,129,19,1,605.246111111111,469,,,,,Rework QLocale's likely sub-tag addition,"Rework QLocale's likely sub-tag addition  Instead of looking up each candidate pattern in a separte O(log(n)) search, exploit the fact that the array is in the right order to put each candidate we try after the ones we'd have preferred over it.  At the same time, add und_scrip_region and und_region searches, which aren't mentioned in the official spec but are clearly meant to be searched (but CLDR v37 needs it).  Change-Id: Id88ced335b0d2dfd18fb59c9a3dc75571f2a44ef"
82442,qt%2Fqtcharts~dev~I17d18dfa23e0ea209bf51ab1e349585b9cb50a8f,https://codereview.qt-project.org/148782,5,88,696,0,5187,3139,21,35,2538.18027777778,492,,,,,Added candlestick chart type,"Added candlestick chart type    - added QCandlestickSeries   - added QCandlestickSet   - added QCandlestickLegendMarker   - added Canldlestick, CandlestickChartItem, CandlestickData   - added SeriesTypeCandlestick to SeriesType enum   - added LegendMarkerTypeCandlestick to LegendMarkerType enum   - added candlestick chart example  [ChangeLog][QtCharts][CandlestickChart] Added new chart type: Candlestick Chart.  Task-number: QTBUG-50544 Change-Id: I17d18dfa23e0ea209bf51ab1e349585b9cb50a8f"
261298,qt%2Fqtbase~dev~I292b84e2193979446e43344b0727642812cba630,https://codereview.qt-project.org/203607,8,88,16,0,147431,228,10,7,15785.6830555556,308,,,,,QNetworkInterface: add support for extracting address lifetime,QNetworkInterface: add support for extracting address lifetime  [ChangeLog][QtNetwork][QNetworkInterface] Added preferredLifetime() and validityLifetime() to QNetworkAddressEntry that inform the remaining lifetime of the address in the network interface.  Change-Id: I292b84e2193979446e43344b0727642812cba630
237784,qt%2Fqt5~5.15~If1114ea254b242d6b0f5e0dbdb1bd66155716f31,https://codereview.qt-project.org/290532,2,88,0,0,326640,22,12,11,274.042222222222,91,,,,,Update submodules on '5.15' in qt/qt5,Update submodules on '5.15' in qt/qt5  Change-Id: If1114ea254b242d6b0f5e0dbdb1bd66155716f31
180636,qt%2Fqtbase~master~I8d5b6607712f2c77c87ef093480e64b9633817d8,https://codereview.qt-project.org/24595,8,88,34,0,13899,34,12,2,3689.69361111111,546,,,,,Bring subproject dependencies in line with Makefile generators,"Don't add the extra compiler command to the dependencies  The command used for the extra compiler was added to the dependencies of any file that was used as input which meant if the command had been touched then it would cause those files to be regenerated.  This was not consistent as it would only be done for MSVC project files and not for makefiles, and if a dependency on the command is desired then it should be added explicitly in the QMAKE_EXTRA_COMPILER rule  Task-number: QTBUG-22561 Change-Id: I8d5b6607712f2c77c87ef093480e64b9633817d8"
51707,qt%2Fqtbase~5.9~I027e8b0d84fe33c5fca056df870f0e60a020824b,https://codereview.qt-project.org/156160,11,89,63,0,18389,45,17,2,11166.8097222222,354,,,,,Fix QStandardItem::setChild crash when passing a null pointer,Fixed QStandardItem::setChild crash when passing a null pointer  Passing a null pointer as a parameter to setChild function was allowed and the pointer was dereferenced without checking. So a crash happened at QStandardItemModelPrivate::itemChanged function.  A test for checking this was also added.  Change-Id: I027e8b0d84fe33c5fca056df870f0e60a020824b
225180,qt%2Fqt5~5.15~I19249b4e49018d054a05a247abc44ecd3232821e,https://codereview.qt-project.org/305483,10,89,14,0,322155,14,15,7,298.427222222222,91,,,,,Update submodules on '5.15' in qt/qt5,Update submodules on '5.15' in qt/qt5  Change-Id: I19249b4e49018d054a05a247abc44ecd3232821e
270916,qt%2Fqtbase~5.13~I371e90035b53a74c9eb3cef64f367e307dce073e,https://codereview.qt-project.org/251366,8,89,22,0,27252,124,8,12,181.7075,371,,,,,Add support for setting the peer verify name via the QNetwork* classes,Add support for setting the peer verify name via the QNetwork* classes  This adds functions to QNetworkAccessManager and QNetworkRequest to be able to set the peerVerifyName from this API. An extra default argument is added to connectToHostEncrypted to allow setting it directly in this manner too.  Fixes: QTBUG-73125 Change-Id: I371e90035b53a74c9eb3cef64f367e307dce073e
152603,qt%2Fqtbase~dev~Iee885a4fb3674d966e5ff3b5c04a0845521b2d72,https://codereview.qt-project.org/322209,5,89,49,7,35070,71,17,3,816.701388888889,413,,,,,Make QPushButton on macOS use QFocusFrame to fix alignment problems,"WIP: Use QFocusFrame to render the focus for push buttons on macOS  Alignment problems occur for pushbuttons because they appear smaller then their actual widget geometry, which is used for their alignment in layouts. To fix, shift the pushbutton's bevel rect to the left and use QFocusFrame to render the focus frame ring outside the widget's paintable area.  Change-Id: Iee885a4fb3674d966e5ff3b5c04a0845521b2d72"
60337,qt%2Fqtbase~dev~Iedeab4673b2a77ad2e51a0d50297b12bba3b9505,https://codereview.qt-project.org/186294,11,90,65,0,17881,22,15,2,667.209166666667,87,,,,,QCursor: Add equality operators,QCursor: Add comparison operators  Change-Id: Iedeab4673b2a77ad2e51a0d50297b12bba3b9505
208290,qt%2Fqtbase~dev~I61ed1758601e219c5852e8cc939c5feebb23d2f6,https://codereview.qt-project.org/316819,6,90,58,4,66120,1609,30,11,762.727222222222,298,,,,,Automatically generate unit tests for QtConcurrent,WIP: automatically generate unit tests for QtConcurrent  There are many different ways to to call map and filter functions in QtConcurrent. This patch adds a python script to generate all possible combinations to reach a complete test coverage.  Change-Id: I61ed1758601e219c5852e8cc939c5feebb23d2f6
271660,qt%2Fqtbase~dev~I377f8bb1921e591ee3292c08c3e097fb6bc7f0c4,https://codereview.qt-project.org/77136,10,90,37,0,14640,854,14,7,43722.4958333333,253,,,,,Long live QStringIterator!,Long live QStringIterator!  UCS-4 iterator over a QString.  [ChangeLog][QtCore] The QStringIterator class has been added. It provides an Unicode-aware UCS-4 iterator over a QString.  Done-with: Thiago Change-Id: I377f8bb1921e591ee3292c08c3e097fb6bc7f0c4
149836,qt%2Fqtdeclarative~dev~I066ebbcf44c413af26020ddf8414252b99f5218b,https://codereview.qt-project.org/50645,7,90,42,0,5452,1429,26,16,5129.51805555556,139,,,,,Add FontDialog to QtQuick.Dialogs,"tmp for font dialog  todo for qml one, DefaultFontDialog: * logic for the weight * UI  Change-Id: I066ebbcf44c413af26020ddf8414252b99f5218b"
60916,qt%2Fqtbase~5.8~I34b7f0e171e9cf07ca23150af1b0e6e59a10a58a,https://codereview.qt-project.org/126737,6,91,32,0,64724,1,16,1,12747.07,380,,,,,Fix item keeping hover highlight even when mouse has left it,Item keeps hover highlight when mouse has left it  Made change to clear the hover index when the mouse leaves the widget. This will ensure the component does not think the item still has the mouse over it.  [ChangeLog][QtWidgets][QAbstractItemView] Clear hover index when the mouse has left the widget  Change-Id: I34b7f0e171e9cf07ca23150af1b0e6e59a10a58a Task-number: QTBUG-46785
244092,qt%2Fqttools~5.14~Ib1aed95e01eaddd1e1213a145e815a0c4753ac67,https://codereview.qt-project.org/283058,6,91,56,4,3316,266,39,33,338.860277777778,446,,,,,QDoc: Use QVector instead of QList,"QDoc: Use QVector instead of QList  Replace the use of QVector in most of QDoc. Use auto keyword in places where QLists are returned, e.g. from QHash etc., to prepare for future switch to QVector.  Also, remove one redundant C-style cast to int for result from method call that returns an int. As this happened in a macro, the result is removing a whole bunch of nagging from code inspection.  Change-Id: Ib1aed95e01eaddd1e1213a145e815a0c4753ac67"
294327,qt%2Fqtdeclarative~dev~I010e6525440a85f3b9a10bb9083f8e4352751b1d,https://codereview.qt-project.org/217780,13,91,37,0,114756,393,13,23,335.718888888889,974,,,,,Merge remote-tracking branch 'origin/5.10' into dev,WIP: Merge remote-tracking branch 'origin/5.10' into dev  Conflicts: 	src/plugins/qmltooling/qmldbg_profiler/qqmlprofilerservice.cpp 	src/qml/compiler/qqmlirbuilder.cpp 	src/qml/compiler/qqmlirbuilder_p.h 	src/qml/compiler/qqmltypecompiler.cpp 	src/qml/compiler/qv4codegen.cpp 	src/qml/compiler/qv4codegen_p.h 	src/qml/compiler/qv4compileddata_p.h 	src/qml/compiler/qv4compiler.cpp 	src/qml/compiler/qv4isel_moth.cpp 	src/qml/compiler/qv4jsir.cpp 	src/qml/compiler/qv4jsir_p.h 	src/qml/jit/qv4isel_masm.cpp 	src/qml/jsruntime/qv4engine.cpp 	src/qml/jsruntime/qv4functionobject.cpp 	src/qml/jsruntime/qv4script.cpp 	src/qml/jsruntime/qv4script_p.h 	src/qml/qml/qqmltypeloader.cpp 	src/quick/items/qquickanimatedimage.cpp 	src/quick/items/qquickanimatedimage_p_p.h 	tests/auto/qml/qmlplugindump/qmlplugindump.pro 	tests/auto/qml/qmlplugindump/tst_qmlplugindump.cpp 	tools/qmlcachegen/qmlcachegen.cpp 	tools/qmljs/qmljs.cpp  Change-Id: I010e6525440a85f3b9a10bb9083f8e4352751b1d
207482,qt%2Fqtbase~dev~I2304329940568dbdb7da18d54d5595ea7d8668bc,https://codereview.qt-project.org/334565,10,91,92,0,32666,659,16,45,2406.19055555556,1678,,,,,Build examples in isolated sub-builds using ExternalProject,"Build examples as tests rather than as part of the main build  Examples are intended to show how to build against an installed Qt. Building them as part of the main build means the way the Qt targets are defined and created are not representative of an end user's build. By building them as tests instead, we more closely replicate the intended audience's environment. This should allow us to catch more problems earlier.  Having examples built as part of the main build also creates problems with some static builds where a tool built by the main build is needed during configure time. This happens with other repos like qtdeclarative but not (currently) with qtbase. Converting the examples in qtbase to be built as tests is intended as a demonstrator for how other repos can do similar. Until other repos are converted, they will continue to call qt_examples_build_begin() and therefore continue to not build examples for static builds. Once they have been converted, they should remove their calls to qt_examples_build_begin() and qt_examples_build_end(), which will then allow their example tests to be built in static builds as well.  For efficiency reasons, the examples are grouped by default instead of making each one its own separate test case. The cost of generating a new CMake build directory is non-trivial with some CMake generator types (notably Xcode and Visual Studio). The groupings in this commit are intended as a balanced tradeoff between test granularity and build efficiency, but an option is provided to allow developers to disable grouping.  Task-number: QTBUG-90820 Fixes: QTBUG-91068 Pick-to: 6.1 Change-Id: I2304329940568dbdb7da18d54d5595ea7d8668bc"
60500,qt%2Fqtlocation~dev~Ie0d3dbef68d48ac97a596d40240d0ac126c0efaf,https://codereview.qt-project.org/179715,11,92,54,0,9312,37,39,2,2325.81555555556,91,,,,,Add clipping for rotated/tilted Map Items,WIP: Adding clipping  adding clipping  Change-Id: Ie0d3dbef68d48ac97a596d40240d0ac126c0efaf
235024,qt%2Fqtdeclarative~dev~Ieeb5dcb07b45d891526191321386d5443b8f5738,https://codereview.qt-project.org/292110,4,92,24,4,153648,1350,22,28,622.06,224,,,,,Encapsulate QQmlContextData,WIP: Encapsulate QQmlContextData  This class is not a private detail of QQmlContext. And it is incredibly hard to see who owns what in there. Let's add some civilization.  Change-Id: Ieeb5dcb07b45d891526191321386d5443b8f5738
295079,qt%2Fqt5~5.9~I0c3653565f19cc9b798a0b63325c47b017cf5537,https://codereview.qt-project.org/194901,8,92,147,0,16284,1105,34,29,6113.16527777778,159,,,,,Provisioning: Add Squish provisioning for Release Test Automation,WIP: Provisioning: Squish to provisioning for Release Test Automation  This is used only for TEST PURPOSE  Change-Id: I0c3653565f19cc9b798a0b63325c47b017cf5537
178997,qt%2Fqt5~master~I749b83f337ec82eff305ed8ac85473ad984c84fa,https://codereview.qt-project.org/36202,7,92,0,0,191445,4,22,2,264.156944444444,73,,,,,Updated submodules.,Updated submodules.  Change-Id: I749b83f337ec82eff305ed8ac85473ad984c84fa
72198,qt%2Fqt5~dev~Ic0831856c7b3d9014068c48f10d776085e16ba7c,https://codereview.qt-project.org/172778,10,93,0,0,78690,4,13,2,187.78,87,,,,,Update submodules on 'dev' in qt5,Update submodules on 'dev' in qt5  Change-Id: Ic0831856c7b3d9014068c48f10d776085e16ba7c
222349,qt%2Fqtbase~dev~I3125041c4f8f8618a04aa375aa0a56b19c02dcf5,https://codereview.qt-project.org/303807,9,93,16,0,72076,281,27,6,1534.035,515,,,,,Restrict QVariant::isNull() behavior,"Restrict QVariant::isNull() behavior  isNull() would forward to the contained type and check that types isNull() method for some of the builtin types. Remove that behavior and only return true in isNull(), if the variant is invalid, doesn't contain data or contains a null pointer.  [ChangeLog][QtCore][Important behavioral changes] QVariant::isNull() is not returning true anymore when if contains a valid object of type T, where T::isNull() would return true.  Change-Id: I3125041c4f8f8618a04aa375aa0a56b19c02dcf5"
278892,qt-creator%2Fqt-creator~master~I8eafeac7af6137d2c9061ae75d4a56c85b3b5a2d,https://codereview.qt-project.org/235703,12,93,228,0,9931,1711,16,16,1177.45833333333,498,,,,,Cppcheck: Add cppcheck static analysis tool,ClangTools: Add cppcheck static analysis tool  Automatically checks currently opened documents and displays results via text marks/annotations.  CppcheckTrigger detects when to check files or clear results. CppcheckTextMarkManager stores/clears text marks with checks' results. CppcheckTool generates run arguments and parses output. CppcheckRunner runs cppcheck binary. CppcheckOptions* configures CppcheckTool.  Task-number: QTCREATORBUG-20418 Change-Id: I8eafeac7af6137d2c9061ae75d4a56c85b3b5a2d
182899,qt%2Fqt5~master~I5d79b1f86dc3b073e6ca5565cd5676debd6ebe29,https://codereview.qt-project.org/32528,6,93,0,0,198312,20,20,10,268.681388888889,73,,,,,Updated submodules.,Updated submodules.  Change-Id: I5d79b1f86dc3b073e6ca5565cd5676debd6ebe29
133682,qt%2Fqtbase~dev~I85ae6c434ba3125802fc94e3a4ec7d01b07eac35,https://codereview.qt-project.org/80280,18,94,83,0,8960,259,11,2,1533.53416666667,95,,,,,Add QSysInfo::osVersion() and prettyOsName(),Add QSysInfo::osVersion and osVersionText  Change-Id: I85ae6c434ba3125802fc94e3a4ec7d01b07eac35
273676,qt%2Fqt5~dev~I4e6c8cb235f1f798274eb52858e06d8755ae626f,https://codereview.qt-project.org/246586,10,94,6,0,205036,14,5,1,340.655833333333,296,,,,,Docker Provisioning: Remove the fixed version of package dependencies,Docker Provisioning: Remove the fixed version of package dependencies  Keep the tag of docker images in macOS. Those fixed tags are temporarily used by CI to pass the qtbase testing.  Relates to qt/qt5 3ae624cd6e945146d5ca34f02e3b54569a83d7e4  Change-Id: I4e6c8cb235f1f798274eb52858e06d8755ae626f
260780,qt%2Fqtbase~dev~I2166b518bd8b54e3486514166e76fd9ba2f219c8,https://codereview.qt-project.org/217530,9,94,70,0,26693,-1,21,7,12200.7616666667,363,,,,,Introduce QPasswordDigestor functions,WIP: Introduce QPasswordBasedKeyDerivationFunction  Added a class to derive keys from password. Currently it support PBKDF1 and PBKDF2 defined in RFC 8018 ( https://tools.ietf.org/html/rfc8018 ).  Left to do is documentation and the changelog underneath.  [ChangeLog][TODO][TODO] TODO  Task-number: QTBUG-30550 Change-Id: I2166b518bd8b54e3486514166e76fd9ba2f219c8
233417,qt%2Fqtdeclarative~dev~I5dfe7f6cf1540daffc2f11136be114a08e87202b,https://codereview.qt-project.org/286663,9,94,61,0,67550,91,41,2,2112.38027777778,431,,,,,Allow redirecting QRhi-based rendering via QQuickRenderControl,WIP: Allow (privately) redirecting the RHI-based rendering  Implement the TODO for using an externally-provided render target when rendering the scene via QRhi.  There is no public API since QRhi itself is not public.  This provides the basics of the QQuickRenderControl story for Qt 6 and beyond. How exactly it gets used is left as a future exercise.  Task-number: QTBUG-78595 Change-Id: I5dfe7f6cf1540daffc2f11136be114a08e87202b
274558,qt%2Fqtbase~dev~Ia1ae1ad7323867016186fb775c9600cd5113aa42,https://codereview.qt-project.org/338066,6,95,118,2,59143,1277,18,27,920.472777777778,467,,,,,"Add the ""Territory"" enumerated type for QLocale","WIP: Add the ""Territory"" enumerated type for QLocale  The use of ""Country"" means that countries and regions are prone to ambiguity. According to the Unicode specification, We should rename all these ""country"" things to ""territory"" - the term used in the Unicode Consortium's Common Locale Data Repository, CLDR, from which we get all QLocale's data - and retain the country-based names only as deprecated aliases.  Change-Id: Ia1ae1ad7323867016186fb775c9600cd5113aa42"
171965,qt%2Fqt5~dev~I79f9d60b77248a97d6ec999566d3aa8ce7058926,https://codereview.qt-project.org/43778,4,95,0,0,118204,2,27,1,385.0025,73,,,,,Updated submodules.,Updated submodules.  Change-Id: I79f9d60b77248a97d6ec999566d3aa8ce7058926
76471,qt%2Fqtbase~dev~Ic30f9c3c03b8a3798e0676e38991ead85c587214,https://codereview.qt-project.org/167229,7,95,5,0,470401,90,5,4,129.365555555556,448,,,,,QSslDiffieHellmanParameters: make fit for release,"QSslDiffieHellmanParameters: make fit for release  - add missing \since 5.8 on free functions - fix \relates of qHash to point to QSslDHP, not QHash, which is in another module - API fix: use named instead of unnamed ctors - share code between ctors - API fix: add inline move ctor (for now, this requires using a naked d pointer,   which isn't much of a problem, since the class is immutable).  Change-Id: Ic30f9c3c03b8a3798e0676e38991ead85c587214"
248748,qt%2Fqtconnectivity~wip%2Fcmake~I39c23da8daeedd86b7720d66d48ab0af3762083c,https://codereview.qt-project.org/274838,8,95,56,11,8534,2651,35,63,743.703333333333,87,,,,,Port qtconnectivity to cmake,WIP: Port qtconnectivity to cmake  Change-Id: I39c23da8daeedd86b7720d66d48ab0af3762083c
140300,qt%2Fqtimageformats~dev~Ie0dc44d258597f871544fa43238528f42628b799,https://codereview.qt-project.org/71245,13,96,102,0,19357,1546,18,16,2148.955,108,,,,,Add JPEG 2000 plugin.,Add JPEG 2000 plugin.  It is moving from Qt Solutions.  Change-Id: Ie0dc44d258597f871544fa43238528f42628b799
261427,qt%2Fqtconnectivity~dev~I5383e4f8df02ac12f069c2f59e252cb8a200800b,https://codereview.qt-project.org/259846,5,96,159,2,22821,90,23,3,1180.78027777778,208,,,,,De-duplicate device discovery code (Darwin),WIP: device discovery agent - de-duplicate (Darwin)  - re-use the same *._p.h - re-use the same *.cpp - merge _osx.mm and _ios.mm  Task-number: QTBUG-75348 Change-Id: I5383e4f8df02ac12f069c2f59e252cb8a200800b
180222,qt%2Fqt5~5.15~I25dc2eacfeee6220d7302424301688ab8458086b,https://codereview.qt-project.org/322065,2,96,13,0,236606,4,14,2,332.905277777778,91,,,,,Update submodules on '5.15' in qt/qt5,Update submodules on '5.15' in qt/qt5  Change-Id: I25dc2eacfeee6220d7302424301688ab8458086b
144326,qt%2Fqtbase~dev~I4533c90ed7157725a8604591595b350c7f616723,https://codereview.qt-project.org/61943,12,96,26,0,24475,17,13,7,3186.50861111111,563,,,,,Add Asset Locations to QStandardPaths::DataLocation,"Add AssetsLocation to StandardPaths  This is a separate location for application runtime assets which are not user-accessible, such as UI resources. Not being intended for access external to the application is what differentiates this from the data location, this is more of a qrc like location for when qrc is not being used.  As such a path is located differently on certain mobile platforms, such as Android and BlackBerry, having an entry in StandardPaths will make it easier to write cross-platform code.  Change-Id: I4533c90ed7157725a8604591595b350c7f616723"
84304,qt%2Fqtbase~5.6~Ia35faee735c4e684267daa1f6bd689512b670cd2,https://codereview.qt-project.org/155209,13,97,38,0,8590,51,17,4,529.075833333333,343,,,,,QWindowsPipeWriter: ensure validity of the write buffer,"QLocalSocket/Win: stabilize buffered data writing  Frequently, QLocalSocket could hang flushing or retransmit the data that was already sended. This patch changes interaction between QLocalSocket and QWindowsPipeWriter by eliminating intermediate undefined states.  Task-number: QTBUG-52401 Change-Id: Ia35faee735c4e684267daa1f6bd689512b670cd2"
237889,qt%2Fqt5~5.14~I85b462d5ac666754ccd789ad4c8b7be4ee3e1e4e,https://codereview.qt-project.org/289952,3,97,0,0,344806,8,14,4,299.363333333333,91,,,,,Update submodules on '5.14' in qt/qt5,Update submodules on '5.14' in qt/qt5  Change-Id: I85b462d5ac666754ccd789ad4c8b7be4ee3e1e4e
199251,qt%2Fqtbase~master~I14c8f4e7ee12bbf81a6e5849290d4c8ff37fa110,https://codereview.qt-project.org/10408,9,97,93,0,14583,687,20,11,1558.35777777778,239,,,,,Add the event loop quitlock feature to QtCore.,"Add the ref counted quit feature to QCoreApplication.  Implement quitOnLastWindowClosed in terms of that.  Tests are there, but docs are missing. I'm looking for feedback at this point.  Change-Id: I14c8f4e7ee12bbf81a6e5849290d4c8ff37fa110"
92363,qt%2Fqtbase~5.6~Ic6168d82e51a0ef1862c3a63bee6722e8f138414,https://codereview.qt-project.org/145313,14,97,3,0,185866,80,9,9,331.684722222222,473,,,,,Merge remote-tracking branch 'origin/5.5' into 5.6,Merge remote-tracking branch 'origin/5.5' into 5.6  Conflicts: 	config.tests/common/atomic64/atomic64.cpp 	src/3rdparty/forkfd/forkfd.c 	src/corelib/io/forkfd_qt.cpp 	src/widgets/kernel/qwidgetwindow.cpp 	tests/auto/corelib/statemachine/qstatemachine/tst_qstatemachine.cpp 	tests/auto/network/socket/qtcpsocket/tst_qtcpsocket.cpp 	tests/auto/widgets/widgets/qcombobox/tst_qcombobox.cpp 	tools/configure/configureapp.cpp  Change-Id: Ic6168d82e51a0ef1862c3a63bee6722e8f138414
70034,qt%2Fqtbase~dev~Ifea6e497f11a461db432ffff144921f7fbc1d1d3,https://codereview.qt-project.org/159932,10,98,78,0,36623,1405,16,11,4236.96138888889,144,,,,,Long live QDeadlineTimer,"Long live QDeadlineTimer  It's like QElapsedTimer, but marks a time in the future instead.  Change-Id: Ifea6e497f11a461db432ffff144921f7fbc1d1d3"
255454,qt%2Fqt5~wip%2Fqt6~Ic12a106d1b491f77277419a27b61396ba07f1737,https://codereview.qt-project.org/268940,4,98,0,0,412439,2,36,1,262.379722222222,98,,,,,Update qt5 wip/qt6,Update qt5 wip/qt6  Point qtbase to wip/qt6.  Change-Id: Ic12a106d1b491f77277419a27b61396ba07f1737
226238,qt%2Fqtbase~dev~Ia6bcf16bef0469ea568063e7c32f532da610d1cd,https://codereview.qt-project.org/292041,8,98,16,3,194883,56,15,2,2876.93722222222,647,,,,,"Allow qMin, qMax and qBound for types that can be losslessly converted","Allow qMin, qMax and qBound for types that can be losslessly converted  Add overloads for qMin and friends where the arguments are of different type, but one can be easily promoted to the other. Return the promoted type. Promotions are only allowed if both types are either signed or unsigned.  This is similar to how std::fmin/fmax handle handles mixed types.  This should simplify writing code in many case (as for example qMin(myFloat, 1)) and also help reduce source incompatibilities between Qt 5 and Qt 6, where the return types for sizes of our containers changes from int to qsizetype.  Change-Id: Ia6bcf16bef0469ea568063e7c32f532da610d1cd"
114662,qt%2Fqtspeech~dev~I877e65f959dc481f25c86f006537b6eb4ef2638e,https://codereview.qt-project.org/105873,4,98,0,0,140168,36,2,1,58.6652777777778,212,,,,,Fix compiler errors on windows.,Fix compiler errors on windows.  Since we added a voice method need to rename voice to m_voice. Fix usage of GetVolume and GetRate according to SAPI 5.3 docs.  Change-Id: I877e65f959dc481f25c86f006537b6eb4ef2638e
105200,qt%2Fqtbase~5.5~Iaafd2519b63ede66ecc1f8aa4c7118081312b8f5,https://codereview.qt-project.org/110685,13,99,92,0,5531,176,20,8,1993.61361111111,174,,,,,Optionally apply orientation on QImage read,WIP: QImage Orientation API  Move orientation to being a QImage metadata and applied based on the QImageConversion flag.  Change-Id: Iaafd2519b63ede66ecc1f8aa4c7118081312b8f5
255925,qt%2Fqt5~dev~I83e4cfe7c9598e4454b2007c993413d85f7a3785,https://codereview.qt-project.org/263572,3,99,1,0,251468,18,34,9,1453.505,87,,,,,Update submodules on 'dev' in qt5,Update submodules on 'dev' in qt5  Change-Id: I83e4cfe7c9598e4454b2007c993413d85f7a3785
225031,qt%2Fqt5compat~dev~Ibe2c1ea7606e04996c5098977304bf1a633e25d9,https://codereview.qt-project.org/304986,11,99,3,1,166048,63688,19,93,450.962777777778,113,,,,,Move QTextCodec support into Qt5Compat,WIP: Move QTextCode into Qt5Compat  Task-number: QTBUG-75665 Change-Id: Ibe2c1ea7606e04996c5098977304bf1a633e25d9
207902,qt%2Fqtwebengine~dev~Ia867a49bc3deab1967bdedcf525ad4afe3967c2a,https://codereview.qt-project.org/333874,3,99,4,2,6416,169,47,4,2420.28083333333,83,,,,,Add examples to the cmake build,WIP: Add examples camke build  Change-Id: Ia867a49bc3deab1967bdedcf525ad4afe3967c2a
75334,qt%2Fqt5~5.6~I45ed20f8f12335ac2d7aa315329a25c8fbac94fa,https://codereview.qt-project.org/168797,8,100,0,0,145209,8,9,4,179.664166666667,87,,,,,Update submodules on '5.6' in qt5,Update submodules on '5.6' in qt5  Change-Id: I45ed20f8f12335ac2d7aa315329a25c8fbac94fa
288675,qt%2Fqtdeclarative~dev~I1298c76e919169c8f02f1e5d067f128a9f2a7542,https://codereview.qt-project.org/219812,6,100,5,0,252047,3680,19,7,1772.06944444444,194,,,,,Get rid of qlalr generated files,"Get rid of qlalr generated files  Let's not check in the files generated by qlalr. This is ok, as qlalr is part of qtbase since a long time.  Change-Id: I1298c76e919169c8f02f1e5d067f128a9f2a7542"
254609,qt%2Fqtwebengine~wip%2Fqtpdf~Iac3d9927d51f3ac316db0148d275eda843dcc19b,https://codereview.qt-project.org/270652,9,100,114,3,70777,1121,33,36,169.9175,1078,,,,,Add QtPdf and QtPdfWidgets modules,"WIP: Add QtPdfCore and QtPdfWidgets modules  This change adds two new modules to qtwebengine repository.  New modules do not depend on webengine module, however webengine chromium source code and Chromium ""gn"" configuration is required to build QtPdfCore.  Adding two not related modules to webengine might look crazy, however sharing gn build configuration and Chromium code base with necessary qt adaptations simplifies code maintenance and minimises required code checkouts. Also back porting of security patches for Chromium also affects Pdfium.Moreover, Pdfium is no longer a separate project and it is integrated into Chromium, therefore moving it out of Chromium source tree would require extra effort.  At the moment two new modules have integrated build, with possible shortcuts:      qmake -- --no-webengine-core     qmake -- --no-pdf-core  -------------------------------------------------------- WIP: Plese note webengine build is disabled by default now. --------------------------------------------------------  Change-Id: Iac3d9927d51f3ac316db0148d275eda843dcc19b"
146750,qt%2Fqt5~dev~I875cf12afafae5389f8c974cd40789c5183d4cb2,https://codereview.qt-project.org/308524,9,100,60,1,19865,20,35,5,3840.92166666667,94,,,,,Use Parallels for macOS 10.15 builds and tests,Use Parallels for MacOS builds and tests  Change-Id: I875cf12afafae5389f8c974cd40789c5183d4cb2
90317,qt%2Fqt5~dev~I91007c210e58aa9985844a8234781356391bfbad,https://codereview.qt-project.org/147375,7,101,2,0,134454,2,5,1,413.684722222222,241,,,,,Fix datavis3d dependencies,Fix virtualkeyboard and datavis3d builds from qt.pro  For those two modules the .pro file name is not identical with the directory name and therefore we need a project key in .gitmodules.  Change-Id: I91007c210e58aa9985844a8234781356391bfbad
223656,qt%2Fqtbase~dev~I05f92e654cf65c95f2bb31b9c9018746ac110426,https://codereview.qt-project.org/303768,9,101,284,18,16795,625,26,8,985.272777777778,83,,,,,Introduce QByteArrayView,WIP: Introduce QByteArrayView  Change-Id: I05f92e654cf65c95f2bb31b9c9018746ac110426
184019,qt%2Fqtdeclarative~master~I0db5c91d848b86bcc1536c30d7a5804b66a817f1,https://codereview.qt-project.org/19056,5,101,11,0,11902,81,38,2,3507.92166666667,238,refactoring/,refactor|,,,Refactor context2d thread logic,Rewrite canvas context2d thread renderer  1) One render thread per qml engine 2) Automatically deleted when qml engine dies 3) Align same style with other threads in qtdeclarative code  Change-Id: I0db5c91d848b86bcc1536c30d7a5804b66a817f1
90318,qt%2Fqt5~dev~I6901259b7a01e57d0c8ca2a9f40d9501635f5cc0,https://codereview.qt-project.org/147141,7,101,0,0,216417,8,8,4,440.161666666667,73,,,,,Updated submodules.,Updated submodules.  Change-Id: I6901259b7a01e57d0c8ca2a9f40d9501635f5cc0
167088,qt%2Fqtbase~dev~I873e591927080dea2b079b0e2a1eb9fed15c0372,https://codereview.qt-project.org/44788,10,102,97,0,13012,821,27,3,1368.195,95,,,,,Add QOpenGLTimerQuery and QOpenGLTimeMonitor classes,WIP: Add support for OpenGL timer queries  Change-Id: I873e591927080dea2b079b0e2a1eb9fed15c0372
92172,qt%2Fqttranslations~5.6~Ic766732a1516adb4b0ff8987d3e64664200f0f03,https://codereview.qt-project.org/123682,7,102,48,0,5372,252,27,6,3754.37722222222,111,,,,,Update German translations for 5.6.,WIP: Update German translations for 5.6.  Very early WIP.  Change-Id: Ic766732a1516adb4b0ff8987d3e64664200f0f03
261991,qt3dstudio%2Fogl-runtime~master~Iaeb80237399f0e5656a19ebec9d1ab3a681d8832,https://codereview.qt-project.org/264274,13,102,2,2,11899,351461,28,1481,22.7627777777778,222,,,,,Long live the slayer!,# ==[ Subject: One line only short meaningful description for logs ]===| Long live the slayer!  Initital commit of OpenGL Runtime to repository.  Task-number: QT3DS-3600 Change-Id: Iaeb80237399f0e5656a19ebec9d1ab3a681d8832
178150,qt-creator%2Fqt-creator~master~I54aea31755dd5702e6998c8343114d34a8752f7b,https://codereview.qt-project.org/10596,8,102,74,0,12007,2098,18,6,7766.85916666667,90,,,,,CMake: add auto completion for cmake editor,add auto completion for cmake editor  Change-Id: I54aea31755dd5702e6998c8343114d34a8752f7b
117633,qt%2Fqtbase~dev~Ia9fa95fcca3d901b91dadb8c98a695fea0ae3b1e,https://codereview.qt-project.org/94427,6,103,34,0,7958,1530,22,36,2416.44888888889,104,,,,,Make GLX and EGL dynamic dependencies for xcb,WIP: make GLX and EGL dynamic dependencies for xcb  Change-Id: Ia9fa95fcca3d901b91dadb8c98a695fea0ae3b1e
271226,qt%2Fqt5~dev~Ibf9a438d1825d01d707c2fc8fbcf2bc70a8b4902,https://codereview.qt-project.org/249993,9,103,32,0,119641,120,17,2,436.541666666667,114,,,,,Move and merge the provisioning scripts of docker to a shared folder,Combine and reuse the provisioning scripts of docker servers  Change-Id: Ibf9a438d1825d01d707c2fc8fbcf2bc70a8b4902
234344,qt%2Fqtbase~dev~I3bd8d4d32c64f8dee548f62159a1df2126da89d8,https://codereview.qt-project.org/293500,7,103,12,5,53541,2331,32,9,481.316944444444,507,,,,,Move undo framework out of Qt Widgets,"WIP: Move undo framework out of Qt Widgets  What this change does (TODO: may need to be updated):  - Moves QUndo* classes (except QUndoView) from src/widgets/utils to src/gui/utils - Changes the base class of QUndoAction from QAction to QGuiAction - Deprecates (TODO: removes? now that it's too late for 5.15?) createUndoAction() and createRedoAction() - Add setupUndoAction(QGuiAction *action, QObject *parent, const QString &prefix)  Fixes: QTBUG-40040 Change-Id: I3bd8d4d32c64f8dee548f62159a1df2126da89d8"
204831,qt-creator%2Fqt-creator~2.4~Ic1ae2a8341d01e179f9d52b7c7ad3cbe24995bd1,https://codereview.qt-project.org/8510,4,103,164,0,6675,399,28,7,335.085555555556,100,,,,,Squish: Implements hooking into the subprocess,Squish: Implements hooking into the subprocess  Change-Id: Ic1ae2a8341d01e179f9d52b7c7ad3cbe24995bd1
130076,qt-creator%2Fqt-creator~master~I87e25682f066d167eebfd7b78c46c166e5062e11,https://codereview.qt-project.org/323112,10,104,75,53,9630,331,26,16,1345.19555555556,117,,,,,Add Crashpad to Qt Creator and Qt Design Studio,Add Crashpad to Qt Creator and Qt Design Studio  Fixes: QDS-2748 Change-Id: I87e25682f066d167eebfd7b78c46c166e5062e11
242176,qt%2Fqtwayland~dev~Ibd911372386f9f5fddb13afa05b84af6fe422fdd,https://codereview.qt-project.org/281925,5,104,0,0,485091,0,17,0,1441.13944444444,105,,,,,Merge remote-tracking branch 'origin/5.15' into dev,Merge remote-tracking branch 'origin/5.15' into dev  Change-Id: Ibd911372386f9f5fddb13afa05b84af6fe422fdd
219623,qt%2Fqtbase~dev~Iea4c3dbc8f9982268bcf81da5ef17fe2ebf5c462,https://codereview.qt-project.org/309028,3,104,8,0,572877,93,11,15,1102.41583333333,343,,,,,"Purge Q_{STDLIB,COMPILER}_UNICODE_STRINGS","Purge Q_{STDLIB,COMPILER}_UNICODE_STRINGS  These were now always defined, hence redundant.  [ChangeLog][QtCore][Potentially Source-Incompatible Changes] The macros Q_STDLIB_UNICODE_STRINGS and Q_COMPILER_UNICODE_STRINGS are no longer defined; Qt now assumes the charNN_t types are defined.  Change-Id: Iea4c3dbc8f9982268bcf81da5ef17fe2ebf5c462"
202149,qt%2Fqtbase~dev~I6175f6ab9bcf1956f6f97ab0c9d9d5aaf777296d,https://codereview.qt-project.org/320486,14,104,37,8,104414,262,16,19,244.239444444444,1208,,,,,QChar: make construction from integral explicit,"QChar: make construction from integral explicit  QChar should not be convertible from any integral type except from char16_t, short and possibly char (since it's a direct superset, and we've established that for us 'char' == 'char8_t', aka it represents UTF-8 code units).  David provided the perfect example:    if (str == 123) { ~~~ }  compiles, with 123 implicitly converted to QChar (str == ""123"" was meant instead). But similarly one can construct other scenarios where QString(123) gets accidentally used (instead of QString::number(123)), like QString s; s += 123;.  Add a macro to revert to the implicit constructors, for backwards compatibility.  The breaks are mostly in tests that ""abuse"" of integers (arithmetic, etc.). Maybe it's time for user-defined literals for QChar/QString, but that is left for another commit.  [ChangeLog][Potentially Source-Incompatible Changes][QChar] QChar constructors from integral types are now by default explicit. It is recommended to use explicit conversions, QLatin1Char, QChar::fromUcs4 instead of implicit conversions. The old behavior can be restored by defining the QT_IMPLICIT_QCHAR_CONSTRUCTION macro.  Change-Id: I6175f6ab9bcf1956f6f97ab0c9d9d5aaf777296d"
106535,qt%2Fqtvirtualkeyboard~master~I1fcc0a0c0620dd7f9503a2a584cea0003e8a032e,https://codereview.qt-project.org/120227,9,105,48,0,12478,590,33,3,2181.65416666667,118,,,,,Add lipi-toolkit implementation of handwriting input method,WIP: Add lipi-toolkit implementation of handwriting input method  Change-Id: I1fcc0a0c0620dd7f9503a2a584cea0003e8a032e
260885,qt%2Fqtbase~dev~Ib233539a970681d30ae3907258730e491f8d3531,https://codereview.qt-project.org/216129,15,105,62,0,32245,241,16,9,12514.5402777778,209,,,,,Introduce QSslConfiguration::backendConfig,Introduce QSslConfiguration::(set)openSslExtras  With this change it is possible to use all supported configurations in OpenSSL without any new interfaces.  Change-Id: Ib233539a970681d30ae3907258730e491f8d3531
222982,qt%2Fqt5~5.12~I5f48414f38601de8b2f081df94a64c78a88d18b6,https://codereview.qt-project.org/307934,2,105,17,0,21222,4,18,2,409.170555555556,91,,,,,Update submodules on '5.12' in qt/qt5,Update submodules on '5.12' in qt/qt5  Change-Id: I5f48414f38601de8b2f081df94a64c78a88d18b6
140352,qt%2Fqtbase~dev~I3e565b33466c1c183a249a33c3e82c6786debd55,https://codereview.qt-project.org/77174,9,105,31,0,9465,562,26,8,184.619444444444,197,,,,,QOpenGLTextureBlitter,"WIP: QOpenGLTextureBlitter  private api, but usefull for 2d gui code that suddenfly finds itself needing to get a set of textures onto some fbo  Change-Id: I3e565b33466c1c183a249a33c3e82c6786debd55"
174737,qt%2Fqtdeclarative~dev~I77fb4b78e15ba3674d74937106d40dba4076cedc,https://codereview.qt-project.org/296483,8,106,55,16,90015,2490,29,12,5735.69861111111,1675,,,,,qmldom: Add Path and ErrorMessage to Dom,"Adding Path and ErrorMessage to Dom  Adds more groundwork for the Dom library.  QQml::Dom::Path represents a path in the Dom model. It goes from an element of the Dom model (DomItem) to another.  It can be created either from a string, with the path static functions or by modifying an existing path  Path qmlFilePath =     Path::fromString(u""$env.qmlFilesByPath[\""/path/to/file\""]""); Path imports = qmlFilePath.subField(u""imports"") Path currentComponentImports = Path::current(u""component"")         .subField(u""imports"");  This is a way to refer to elements in the Dom models that is not dependent from the source location, and thus can be used also be used in visual tools. A Path is quite stable toward reallocations or changes in the Dom model, and accessing it is safe even when ""dangling"", thus it is a good long term reference to an element in the Dom model.  In this commit the element of the Dom Model (DomItem) is represented just by a stub object, it will be added in a subsequent commit.  This commit also introduces the ErrorMessage object. ErrorMessage is an object used to represent error, warning and other messages in the Dom model. Errors are grouped by tags (ErrorGroups). ErrorMessages might have a unique identifying string (using a number in a base library that cannot have a list of all possible errors does not work well. ErrorMessages should be localized and *can* be pre-registred, but do not have to be. ErrorMessages can be associated with a QQml::Dom::Path, a file and a Sourcelocation. The path (if present) might allows one to show errors also in more visual tools.  Task-number: QTBUG-74840 Change-Id: I77fb4b78e15ba3674d74937106d40dba4076cedc"
73210,qt%2Fqtbase~dev~Ieddee1c0b3b1506bf19aa865bdab87fc81d58cfd,https://codereview.qt-project.org/169245,6,106,78,0,7527,29,29,1,803.078888888889,374,,,,,QSettings: Add proper support for XDG_CONFIG_DIRS,QSettings: Add proper support for XDG_CONFIG_DIRS  Update falback mechanism for Q_XDG_PLATFORM based systems to follow the Xdg specification.  [ChangeLog][QtCore][QSettings] Added proper support for system-wide configuration files lookup based on Xdg spec (XDG_CONFIG_DIRS) on Unix based systems  Task-number: QTBUG-34919 Change-Id: Ieddee1c0b3b1506bf19aa865bdab87fc81d58cfd
267082,qt%2Fqtdeclarative~dev~I11c4cc3f64fedba6dd4275b35bbea85d30d76f7d,https://codereview.qt-project.org/246428,5,106,85,0,6934,1313,47,6,3004.02027777778,793,,,,,V4 tracing: Add a scheduler for the tracing JIT IR,"WIP: V4: Add a simple scheduler  This is a simple (and quite inefficient) scheduler, which first reconstructs the control-flow graph, and then places all remaining nodes in some way.  This simple version needs to be replaced by a more advanced one, but that needs extra calculations: the dominator tree, and a 2 pass scheduling strategy. However, that's an optimization, and this is a version that can be used without adding more complexity.  The output of this pass is an MIFunction (MI = Machine Interface), which uses a representation suitable for feeding to an assembler. Note however that it still uses ""virtual registers"" at this point, so the next pass will have to place those virtual registers in physical registers or on a stack.  Change-Id: I11c4cc3f64fedba6dd4275b35bbea85d30d76f7d"
252627,qt%2Fqtbase~5.14~I29c2e06aa251b564b5d622dc9380ec994e15aab0,https://codereview.qt-project.org/262636,4,106,43,0,129664,10,36,2,2834.74305555556,213,,,,,wasm: recreate backing store texture with valid gl context,"wasm: recreate backing store texture with valid gl context  The compositor context is not current during the resize() call, but will be during updateTexture().  Change-Id: I29c2e06aa251b564b5d622dc9380ec994e15aab0"
168461,qt%2Fqtbase~stable~I4f5e37480eef5d105e45ffd60362a57f13ec55f5,https://codereview.qt-project.org/44080,6,107,16,0,22071,168,19,8,1159.71944444444,901,,,,,Transient QWindows centered; default-constructed geometry,"Transient QWindows centered; default-constructed geometry  Default-constructed geometry does not mean put the window at 0,0, and it does not mean center the window on the screen: it means let the window manager position the window.  If the window is explicitly positioned at 0,0 though, that is a higher priority than the transient hint; without this change, the transientFor property had no effect.  On X11, transient means use center ""gravity"" to make the transient window exactly centered.  But the user can still override the geometry of a transient window, as with any window. On OSX and Windows, neither transient window functionality nor smart initial positioning are provided, so a window with no position set will be centered on the screen, and a transient window will be put at the center of its transientParent.  Change-Id: I4f5e37480eef5d105e45ffd60362a57f13ec55f5 Task-number: QTBUG-26903"
78577,qt%2Fqtbase~dev~Ie02d3329c5182277a3c7c84f1bae8d02308e945d,https://codereview.qt-project.org/150558,7,107,75,0,5050,404,44,7,3336.70583333333,243,,,,,HTTP2 - autotest,"HTTP2 - add autotest  Add autotest for QHttp2ProtocolHandler - a very simplistic in-process ""HTTP2 server"" testing the protocol's logic/flow control/error handling.  Task-number: QTBUG-50956 Change-Id: Ie02d3329c5182277a3c7c84f1bae8d02308e945d"
269171,qt%2Fqtdeclarative~dev~I589bdadf731c36542331abe64e1b39e305b6723e,https://codereview.qt-project.org/242629,5,107,32,0,5049,4098,46,9,3435.49583333333,104,,,,,V4: Add IR that can use traced information to JIT,V4: Add IR generation that uses traced information  Change-Id: I589bdadf731c36542331abe64e1b39e305b6723e
233772,qt%2Fqtcharts~dev~I96b7bb67c0403e3aa72debe16fd9965c70f5c806,https://codereview.qt-project.org/293415,8,107,1,1,243482,16,14,4,654.341666666667,218,,,,,Update dependencies,WIP: Update dependencies  qtbase: Adapt to OpenGL split (a64f4b405222527a72fb087226801c52ddf54ef0)  todo  MOC-generated code does not compile (fwd-declared classes)  Change-Id: I96b7bb67c0403e3aa72debe16fd9965c70f5c806
220166,qt%2Fqtbase~dev~Id4b3907e329b9ecfd936fe9a5f8a70cb66b76bb7,https://codereview.qt-project.org/277640,10,108,17,4,91050,107,13,17,7876.53972222222,1232,,,,,Deliver Quit event when calling QCoreApplication::quit(),"Add QGuiApplication::quit() for platform-plumbed application termination  In contrast with QCoreApplication::quit(), which just calls exit(0), this method will ask the platform plugin to terminate the application. This allows the platform to involve the rest of the system in the process, triggering behaviors such as session saving, as well as preventing quit if there are unsaved documents.  The new slot will not be called unless the application is recompiled, in which case it will adopt the new behavior. Clients who explicitly want to terminate the application without any user interaction can call QCoreApplication::quit() explicitly.  [ChangeLog][QtGui] Application termination via qApp->quit() will now go though the platform plugin, if the application is recompiled. This will result in application windows being closed as part of the application termination, with an option to abort the application quit by ignoring the close event. Clients who explicitly want to terminate the application without any user interaction should call QCoreApplication::quit() explicitly.  Task-number: QTBUG-45262 Task-number: QTBUG-33235 Task-number: QTBUG-72013 Task-number: QTBUG-59782 Change-Id: Id4b3907e329b9ecfd936fe9a5f8a70cb66b76bb7"
119349,qt%2Fqtbase~dev~I06b4f54e300541033a9a18339c97338717a06da0,https://codereview.qt-project.org/323089,8,108,90,1,140534,329,16,3,1539.42305555556,425,,,,,QRegularExpression: add move constructor,"WIP: QRegularExpression: add move constructor  - Add move constructors to QRegularExpression, QRegularExpressionMatch and QRegularExpressionMatchIterator. - Add checks for null d-ptr to verify that calls to the moved-from object do not cause application crash. - Implement moved-from object state to be the same, as for default-constructed object  Task-number: QTBUG-86634 Change-Id: I06b4f54e300541033a9a18339c97338717a06da0"
282915,qt%2Fqtbase~5.11~I4f02cf67828ad93e562857118f8442037f18bab7,https://codereview.qt-project.org/230057,6,108,46,0,147302,8,18,2,1489.52527777778,277,,,,,Let QDir::absoluteFilePath() use isAbsolutePath() for resource paths,Restore QDir::absoluteFilePath()'s trust in isAbsolutePath()  Using QFileSystemEntry::isAbsolute() broke handling of resource paths. Add QDir::absoluteFilePath() tests for an absolute resource path.  Task-number: QTBUG-68337 Change-Id: I4f02cf67828ad93e562857118f8442037f18bab7
232279,qt%2Fqtquick3d~dev~I9fd34479c107a2dceceaba39ce09c3ddfb848378,https://codereview.qt-project.org/282389,11,108,26,6,16885,2669,33,67,3704.68611111111,67,,,,,CMake: Port qtquick3d to CMake,Port to cmake  Change-Id: I9fd34479c107a2dceceaba39ce09c3ddfb848378
97613,qt%2Fqtquickcontrols2~5.6~I93662a53b42858a5b65154c5ede334182e738dde,https://codereview.qt-project.org/126539,4,109,13,0,14990,646,51,8,1145.55833333333,78,,,,,Add Material style,[WIP] Add Material style  Change-Id: I93662a53b42858a5b65154c5ede334182e738dde
254951,qt%2Fqtopcua~dev~Ibb9295bfc4230dc5fb9f515a810c0b3dbbac2527,https://codereview.qt-project.org/226111,7,109,21,2,223655,8,33,2,11790.5686111111,335,,,,,Fix build and tests with the current open62541 v1.0,Fix build with the current open62541 master  This patch allows building the open62541 plugin with the current open62541 master (74b7578cd7e9569beb5bb64098a0dd8ead5cf846).  This is required to evaluate the new client side secure connections feature from the open62541 master branch.  Change-Id: Ibb9295bfc4230dc5fb9f515a810c0b3dbbac2527
159423,qt-creator%2Fqt-creator~2.8~Ie0710166a35035d5c110ddc22a5805168194b2dc,https://codereview.qt-project.org/56246,4,109,346,0,5170,3727,25,1,679.116111111111,93,,,,,Update German translations for 2.8.,WIP: Update German translations for 2.8  Change-Id: Ie0710166a35035d5c110ddc22a5805168194b2dc
99842,qt%2Fqt5~5.6~I871b519649bb6130db128d7ae4c0916ee2e48146,https://codereview.qt-project.org/126602,6,109,0,0,171407,4,9,2,220.149166666667,73,,,,,Updated submodules.,Updated submodules.  Change-Id: I871b519649bb6130db128d7ae4c0916ee2e48146
139969,qt%2Fqtbase~dev~I8f984a4d7db285069ce3d6564707942c823d890d,https://codereview.qt-project.org/76603,12,110,129,0,11647,565,25,22,432.418611111111,237,,,,,Enabling QQuickWidget and QOpenGLWidget,WIP Enabling QQuickWidget and QOpenGLWidget  Enable child widgets (without a native window) that render to an FBO and are composed with the raster backingstore by the platform plugin.  Change-Id: I8f984a4d7db285069ce3d6564707942c823d890d
237670,qt%2Fqtbase~dev~I35ecea0d832f66c1943c82e618de4a51440971a5,https://codereview.qt-project.org/290641,8,110,7,2,26948,145,43,7,281.817777777778,137,,,,,CMake: Allow building bundled 3rd party libraries in qtbase,WIP: Figure out how to build Qt provided 3rdparty packages  Task-number: QTBUG-82167 Change-Id: I35ecea0d832f66c1943c82e618de4a51440971a5
213806,qt%2Fqtquickcontrols2~dev~Iab9bc68d38a01a800828da397af0d3bac10327db,https://codereview.qt-project.org/319008,6,110,0,0,555230,2,9,1,202.988333333333,105,,,,,Update dependencies on 'dev' in qt/qtquickcontrols2,Update dependencies on 'dev' in qt/qtquickcontrols2  Change-Id: Iab9bc68d38a01a800828da397af0d3bac10327db
196473,qt%2Fqtbase~dev~I2733d847139a1b1bea33c00275459dcd2a145ffc,https://codereview.qt-project.org/308607,7,110,87,41,78973,178,33,8,2855.81583333333,1120,,,,,Track grab state in QPointingDevicePrivate::activePoints,"WIP Track grab state by keeping active point instances in QPointingDevice  QQuickEventPoint instances were very long-lived and got reused from one event to the next.  That was initially done because they were ""heavy"" QObjects; but it also became useful to store state in them between events.  So to continue using the same principle for the benefit of delivery code in QQuickWindow, it's useful for QEventPoint instances to live at least as long as the gesture from press to release. For example, setExclusiveGrabber() has been there since 4e400369c08db251cd489fec1229398c224d02b4, but the grabber would need to be ""remembered"" elsewhere between events if we did not keep the QEventPoint instance itself.  QGuiApplication now uses the instances stored in QPointingDevice, and we ensure that they are always passed by reference, never copied, so that when the eventual event handler changes grabbers, that will be remembered between events.  The grabChanged() signal is useful to keep QQuickWindow informed when items or handlers change exclusive or passive grabbers.  Change-Id: I2733d847139a1b1bea33c00275459dcd2a145ffc"
129949,qt%2Fqtsvg~6.0~I58974773ecd19978751090c26e8235b186370f6d,https://codereview.qt-project.org/330576,2,111,8,0,39174,2,9,1,42.5769444444444,94,,,,,Update dependencies on '6.0' in qt/qtsvg,Update dependencies on '6.0' in qt/qtsvg  Change-Id: I58974773ecd19978751090c26e8235b186370f6d
115562,qt%2Fqtwebengine~dev~Idf9e968edca18751cbdab744880480750d0c1bd4,https://codereview.qt-project.org/96825,7,111,79,0,6595,259,31,7,2755.34444444444,277,,,,,Add Qt WebEngine Quick API for allowing certificate errors,Add Qt WebEngine Quick API for allowing certificate errors  This adds API for overriding some certificate errors. Once overridden     any identical error for the same hostname and certificate will use     the same override.  Change-Id: Idf9e968edca18751cbdab744880480750d0c1bd4
257178,qt%2Fqtbase~dev~I663a77017fac7ae1b3f9a400f5cd357bb40750af,https://codereview.qt-project.org/214975,11,111,49,0,60485,82,25,7,13653.5038888889,81,,,,,"Add QTextMarkdownWriter, QTextEdit::markdown property etc.",WIP add QTextMarkdownWriter  Change-Id: I663a77017fac7ae1b3f9a400f5cd357bb40750af
261655,qt%2Fqtbase~wip%2Fcmake~Ice3cff89e3a59b2a57e675b7892fde0d04433ba8,https://codereview.qt-project.org/263639,3,111,24,1,29505,133,41,1,215.450277777778,866,,,,,Implement command prefix,"WIP: Implement command prefix  The current CI magically add prefix to every executed command if target compiler is MSVC. The prefix just calls vcvarsall.bat. The script has to be called for every command, because of the CI agent runs every command as a subprocess. It means that script sourced environment is not passed to subsequent commands, therefore all changes are lost.  The prefix, as a concept, has known performance issues (COIN-253), so in long term it would be nice to move to another solution.  CustomModule doesn't support prefix. Therefore the proposed approach moves the ugliness from CI code to the yaml configuration file. It has two advantages; nothing needs to be implemented on the CI level and hopefully someone in future will clean it up as the problem is more visible and publicly fixable.  Change-Id: Ice3cff89e3a59b2a57e675b7892fde0d04433ba8"
127508,qt%2Fqtwebchannel~dev~If430703f8c2267df758df9d5978509675c8aea9d,https://codereview.qt-project.org/89607,11,112,16,0,13409,92,28,3,673.1975,264,,,,,Added a nodeJS example,Added a nodeJS example/test  This is a small sample of how to use QWebChannel with NodeJS. The example is implemented using NodeJS Mocha testframework. See included readme for instructions on how to execute it.  Change-Id: If430703f8c2267df758df9d5978509675c8aea9d
87460,qt%2Fqt5~5.7~Ie0c625f6a48fe8d05150bd12f4d92beb2a359ec7,https://codereview.qt-project.org/152333,5,112,0,0,379500,62,7,31,337.150833333333,73,,,,,Updated submodules.,Updated submodules.  Change-Id: Ie0c625f6a48fe8d05150bd12f4d92beb2a359ec7
260790,qt%2Fqtbase~dev~I9741f017961b410c910dfffd150133cbf6fbe678,https://codereview.qt-project.org/217413,13,112,354,0,112216,13854,15,53,12253.6977777778,120,,,,,Import TinyCBOR,WIP Import TinyCBOR  Missing: qt-attribution.json Upstream version  Change-Id: I9741f017961b410c910dfffd150133cbf6fbe678
180402,qt%2Fqtquickcontrols2~dev~I0096e605f31d44be2bae2357601caeeb75a378d4,https://codereview.qt-project.org/323105,4,112,0,0,145228,2,7,1,157.393888888889,105,,,,,Update dependencies on 'dev' in qt/qtquickcontrols2,Update dependencies on 'dev' in qt/qtquickcontrols2  Change-Id: I0096e605f31d44be2bae2357601caeeb75a378d4
121049,qt%2Fqtbase~dev~I830343a26714c51abb68ce1269163c145d1e2aac,https://codereview.qt-project.org/48660,11,113,72,0,17557,799,24,3,14894.535,328,,,,,Long live QOpenGLDebug!,"WIP: Long live QOpenGLDebug!  Qt convenience classes for the GL_KHR_debug extension, which allows to 1) ask the GL for a log of the last generated messages; 2) emit Qt signals whenever the GL wants to tell us something.  API is currently incomplete. Also missing tests/docs.  Change-Id: I830343a26714c51abb68ce1269163c145d1e2aac"
43373,qt-creator%2Fqt-creator~master~I2be7d88d554c5aa8b7db8edf5b93278e1ae0112a,https://codereview.qt-project.org/212357,10,113,116,0,8006,5357,38,158,429.188611111111,689,,,,,"ProjectExplorer/all: Re-organize BuildSteps/{Deploy,Build}Config setup","WIP: ProjectExplorer/all: Re-organize BuildSteps/{Deploy,Build}Config setup  ProjectExplorer: Register createes' base id in RunConfigurationFactory  This shifts the resposibility of creation/splitting of RunConfiguration ids into what are essentially ""type ids"" and ""build targets"" to the base implementation, possibly opening the path of abandoning the mangled ids in favor of explicitly storing their constituent parts.  Take advantage of base id split in RunConfigurations for availableIds /displayNameForId and for canCreate/canRestore/canClone.  Follow the rough pattern of recent *RunConfigurationFactory changes everywhere else.  Change-Id: I2be7d88d554c5aa8b7db8edf5b93278e1ae0112a"
255646,pyside%2Fpyside-setup~5.14~Ia59fe4986919525a70ea7cc453c64cdf46e7fba0,https://codereview.qt-project.org/253625,6,113,24,4,17274,596,35,7,4079.35444444444,1201,,,,,Support Pointer Primitive Types by Arrays or Result Tuples,"WIP: Support Pointer Primitive Types by Result Tuples  Most primitive types are handled in XML, but this is not reflected by the signatures, error messages, doc strings and hinting stubs.  In order to enhance the information shown to be more correct, the C++ parser was completely rewritten for Python. It is closely written to Python syntax, but keeps the existing information about primitive types intact.  In the C implementation, pointer variables are turned into result tuples that can hold multiple values. To create a correct Python display of those variables, the signatures must be re-written, accordingly. We apply the transformations automatically:  A constant expression like      const thing*  is clearly not a variable and is handled as bytes or List[thing] .  In case of      thing*  it is not always clear if a variable or an array is meant. We resolve that by a table which uses the variable name as an indicator. A small number (5) of variables are still unnamed, and they are explicitly resolved.  When this approach is tested for correctness, we can eventually use it to generate the incomplete C implementations automatically.  Change-Id: Ia59fe4986919525a70ea7cc453c64cdf46e7fba0"
295189,qt%2Fqtdeclarative~dev~I5b0696e2cddc6ae3e217ce149c5f44980fdb69aa,https://codereview.qt-project.org/211550,8,113,110,0,263377,201,18,10,1707.75138888889,546,,,,,Support masking of QQuickItems,"Support masking of QQuickItems  Add QQuickMask as an abstract type that can be used to implement masks for QQuickItems. QQuickItem themselves, however, can also be used as mask, in which case their contains() method would be used. QQuickMask is currently kept as a private class, meaning that to use it depending on quick-private would be, at the present, necessary.  [ChangeLog][QtQuick][QQuickItem] Add mask property, and QQuickMask as a way to define custom masks.  Task-number: QTBUG-20524 Change-Id: I5b0696e2cddc6ae3e217ce149c5f44980fdb69aa"
167201,qt%2Fqtdeclarative~dev~I8b58be9c20d113661fe85d27bdb1af84340d9de5,https://codereview.qt-project.org/48674,14,114,44,0,25491,265,16,4,440.786111111111,306,,,,,Support activeFocusOnTab in QQuickItem,WIP: Keyboard focus chain  Algorithm in cooperation with Gabriel De Ditrich. Based on a patch by Liang Qi.  Add activeFocusOnTab as property to QQuickItem. Setting the property allows automatic keyboard navigation between all elements that have it set.  Change-Id: I8b58be9c20d113661fe85d27bdb1af84340d9de5
105101,qt%2Fqt5~dev~Idc11a328839163ffae5e72f2e43860b12f19c668,https://codereview.qt-project.org/115299,7,114,0,0,173328,2,32,1,358.84,73,,,,,Updated submodules.,Updated submodules.  Change-Id: Idc11a328839163ffae5e72f2e43860b12f19c668
259690,qt%2Fqtbase~dev~I343f2beed55440a7ac0bfffd15636f8ba995a2bd,https://codereview.qt-project.org/244538,4,114,23,0,241441,73,15,3,5369.47833333333,151,,,,,Add SSE2 qt_memfill64,Add SSE2 qt_memfill64  Implemented by merging with the qt_memfill32 implementation in a template.  Change-Id: I343f2beed55440a7ac0bfffd15636f8ba995a2bd
233861,qt%2Fqtwinextras~dev~I23708710d36138da8b3eb67619cb456015639050,https://codereview.qt-project.org/287073,2,114,0,0,487152,0,22,0,1847.20777777778,105,,,,,Merge remote-tracking branch 'origin/5.15' into dev,Merge remote-tracking branch 'origin/5.15' into dev  Change-Id: I23708710d36138da8b3eb67619cb456015639050
224892,qt%2Fqtbase~dev~I7725c751bf23946cde577b1406e86a336c0a3dcf,https://codereview.qt-project.org/290720,8,115,14,5,353527,476,18,12,3469.76277777778,993,,,,,Long live std::pair!,"WIP: Long live std::pair!  Make QPair an alias for std::pair, and qMakePair just a forwarder towards std::make_pair.  Why? Fundamentally to ditch a bunch of NIH code; gain for free structured bindings, std::tuple and std::reference_wrapper compatibility, and so on.  Breakages:  * Some that code manually forward declares QPair. We don't care about it (<QContainerFwd> is the proper way).  * Some code that overloads on std::pair and QPair. Luckily it's mostly centralized: debug, metatypes, testing macros.  * One usage of qMakePair forcing the template type parameters. There are a handful of these in qtbase, but only one was actually broken.  * std::pair is NOT (and will never likely be) trivially copiable. This is agreed to be a mistake done by practically all implementations in C++11, can can't be fixed without breaking ABI. S ome code using QPair assuming it's trivially copiable may break; exactly one occurrence was in qtbase.  Change-Id: I7725c751bf23946cde577b1406e86a336c0a3dcf"
187322,qt-creator%2Fqt-creator~2.5~I20aae999dec164a29e40c2926e36c015526c17cd,https://codereview.qt-project.org/20803,7,115,263,0,5539,288,17,10,1995.19138888889,119,,,,,Squish: Added new test cases/suite for help functionality,Added new test cases/suite for help functionality  initial commit  Change-Id: I20aae999dec164a29e40c2926e36c015526c17cd
199107,%7Bgraveyard%7D%2Fqtjsondb~master~Icf190f378df476c33c40142503518ca043001d17,https://codereview.qt-project.org/14154,10,115,87,0,4952,6236,42,53,354.423055555556,74,,,,,Implemented new c++ api for qtjsondb.,WIP: New jsondb api.  Change-Id: Icf190f378df476c33c40142503518ca043001d17
224892,qt%2Fqtbase~dev~I7725c751bf23946cde577b1406e86a336c0a3dcf,https://codereview.qt-project.org/290720,8,115,14,5,353527,476,18,12,3469.76277777778,993,,,,,Long live std::pair!,"WIP: Long live std::pair!  Make QPair an alias for std::pair, and qMakePair just a forwarder towards std::make_pair.  Why? Fundamentally to ditch a bunch of NIH code; gain for free structured bindings, std::tuple and std::reference_wrapper compatibility, and so on.  Breakages:  * Some that code manually forward declares QPair. We don't care about it (<QContainerFwd> is the proper way).  * Some code that overloads on std::pair and QPair. Luckily it's mostly centralized: debug, metatypes, testing macros.  * One usage of qMakePair forcing the template type parameters. There are a handful of these in qtbase, but only one was actually broken.  * std::pair is NOT (and will never likely be) trivially copiable. This is agreed to be a mistake done by practically all implementations in C++11, can can't be fixed without breaking ABI. S ome code using QPair assuming it's trivially copiable may break; exactly one occurrence was in qtbase.  Change-Id: I7725c751bf23946cde577b1406e86a336c0a3dcf"
259830,qt%2Fqtbase~dev~Ibbc9e480fb25eb3d05547c8a1b99e762b2a68b68,https://codereview.qt-project.org/240042,3,116,73,0,118827,89,14,2,6560.30861111111,673,,,,,Fully support operator[] on QCborValue and QCborValueRef,"Add QCborVAlueRef::operator[] and shed QCborValue's spurious const  The QCborValue::operator[]() variants returned const QCborValue, which makes no sense as QCborValue is a value type; and it's inconsistent with QCborMap and QCborArray, whose operator[] return plain QCborValue, when the operator is const; they return a QCborValueRef otherwise.  Added operator[] to QCborValueRef - only in the const case returning values, since the non-const case would need a ""no such"" reference value to return when the QCborValueRef isn't a collection at all.  [ChangeLog][QtCore][QCborValueRef] Added operator[] as it was missing.  Change-Id: Ibbc9e480fb25eb3d05547c8a1b99e762b2a68b68"
221582,qt%2Fqtdeclarative~dev~Ia3e429a2c132c116a8bc0f779392c316c39bde27,https://codereview.qt-project.org/310510,4,116,0,0,615814,4,11,1,152.060833333333,102,,,,,Update dependencies on 'dev' in qt/qtdeclarative,Update dependencies on 'dev' in qt/qtdeclarative  Change-Id: Ia3e429a2c132c116a8bc0f779392c316c39bde27
271738,qt%2Fqtdeclarative~dev~I63985c334c3fdc55fca7fb4addfe3e535989aac5,https://codereview.qt-project.org/221161,5,116,47,0,9964,165,45,15,8085.11,66,,,,,V4: Collect trace information in the interpreter,WIP: tracing  Change-Id: I63985c334c3fdc55fca7fb4addfe3e535989aac5
232217,qt%2Fqtivi~dev~Ibf7057ffe0b3eb4050cebe184bd8d2b2998d1603,https://codereview.qt-project.org/289077,3,116,0,0,509388,0,24,0,1997.77611111111,105,,,,,Merge remote-tracking branch 'origin/5.15' into dev,Merge remote-tracking branch 'origin/5.15' into dev  Change-Id: Ibf7057ffe0b3eb4050cebe184bd8d2b2998d1603
235842,qt%2Fqtbase~dev~I16b98fd318122c722b85ce61e39975284e0c2404,https://codereview.qt-project.org/280819,7,117,71,6,17238,79,41,3,3147.37222222222,226,,,,,Add support for exposing public QProperty members in the meta-object system,Add support for exposing public QProperty members in the meta-object system  At the moment this makes the type as well as the setter/getter available through the meta-call.  Change-Id: I16b98fd318122c722b85ce61e39975284e0c2404
74967,qbs%2Fqbs~master~I191efa274729060c8e2f392abac2e9f7cd027e39,https://codereview.qt-project.org/91353,8,117,389,0,9325,926,26,8,18361.0138888889,260,,,,,Implement Visual Studio generator,WIP: More properly realization of MSVS generator.  -Now it correctly generates subprojects; -Using new generator API; -After switch to native compiler it still compile and link simple Qt profeect (w/o moc).  Change-Id: I191efa274729060c8e2f392abac2e9f7cd027e39
261229,qt%2Fqtbase~dev~I20b4f8f5e938fef791c6e9c577fcd919140999bd,https://codereview.qt-project.org/207005,7,117,178,0,144013,3687,22,32,15001.4325,552,,,,,Add support for Windows UI Automation,"Add support to Windows UI Automation  Replaces the Qt Accessibility Windows back end, currently based on legacy MSAA, with a new implementation based on UI Automation. Fixes issues with accessibility tools like screen readers and with the automatic showing and hiding of the virtual keyboard in touchscreen-based Windows computers.  UI Automation support currently requires building with MS Visual Studio as MinGW is lacking the necessary files. Building with MinGW will use legacy MSAA-based code.  Change-Id: I20b4f8f5e938fef791c6e9c577fcd919140999bd"
236920,qt%2Fqtbase~dev~Iad66bfdf49b9ee65558a451108c086fc40dc3884,https://codereview.qt-project.org/289032,7,117,13,5,352865,1334,18,40,737.336666666667,97,,,,,Get rid of QMatrix,Get rid of QMatrix  Task-number: QTBUG-81628 Change-Id: Iad66bfdf49b9ee65558a451108c086fc40dc3884
207901,qt%2Fqtwebengine~dev~Ibc1f904ac9acd375d1ff70ff80f0c533497e3f20,https://codereview.qt-project.org/333984,4,118,2,0,7326,59,55,5,2403.31111111111,83,,,,,Add tests to the cmake build,WIP: Add tests to cmake build  Change-Id: Ibc1f904ac9acd375d1ff70ff80f0c533497e3f20
80793,qt%2Fqtquickcontrols2~dev~Ifbca41ef384ca8fe8afefc61869f85c17db0f8c7,https://codereview.qt-project.org/142572,8,118,81,0,29792,1223,35,11,4762.06083333333,101,,,,,Platform menus,"WIP: Qt.labs.platform: MenuBar, Menu & MenuItem  Change-Id: Ifbca41ef384ca8fe8afefc61869f85c17db0f8c7"
264441,qt%2Fqt5~dev~Ib9aec0681b9ca1660f47216e0057600ba4736ce8,https://codereview.qt-project.org/258978,9,118,0,0,167295,4,23,2,587.055,87,,,,,Update submodules on 'dev' in qt5,Update submodules on 'dev' in qt5  Change-Id: Ib9aec0681b9ca1660f47216e0057600ba4736ce8
254224,qt%2Fqtbase~dev~I3a64caf9621c2a195863976a62a57cdf47e6e3b5,https://codereview.qt-project.org/265836,6,118,22,5,25555,441,26,14,1644.15083333333,106,,,,,Say hello to Android multi arch build in one go,WIP: Say hello to Android multi arch build in one go  Change-Id: I3a64caf9621c2a195863976a62a57cdf47e6e3b5
221579,qt%2Fqtbase~dev~I4a0732651b20319af4a8397ff90b848ca4580d99,https://codereview.qt-project.org/306977,10,119,10,3,332179,41,31,1,1161.08916666667,123,,,,,Automatically register data/debug stream operations in QMetaType,WIP: automatically register data/debug stream operations in QMetaType  Change-Id: I4a0732651b20319af4a8397ff90b848ca4580d99
94029,qt%2Fqt5~5.5~I3812f549d47db6651ddd1ef73cbaea557f261a12,https://codereview.qt-project.org/141795,5,119,0,0,58354,2,28,1,602.768055555556,73,,,,,Updated submodules.,Updated submodules.  Change-Id: I3812f549d47db6651ddd1ef73cbaea557f261a12
232469,qt%2Fqt5~5.12~I252908e9eae3a254f32a286608734b5728cd60b8,https://codereview.qt-project.org/260758,14,119,23,1,13909,604,40,20,8469.74194444444,97,,,,,Change configuration files into yaml format,Change configuration files into yaml format  Change-Id: I252908e9eae3a254f32a286608734b5728cd60b8
156094,qt%2Fqtwinextras~dev~I55d8f2e01c3647b49d117b2e7e8f7757fa843cba,https://codereview.qt-project.org/60347,10,119,212,0,10833,1165,21,11,733.6525,184,,,,,Introduce QWinThumbnailToolBar and QWinThumbnailToolButton,Thumbnail toolbar aka thumbbar.  Introduce classes QWinThumbbar and QWinThumbButton. Introduce QML items Thumbbar and ThumbButton.  Change-Id: I55d8f2e01c3647b49d117b2e7e8f7757fa843cba
140759,qt%2Fqtwebkit~release~Ib1ba3e073b5984ead3a0badb935e7b89c01b962b,https://codereview.qt-project.org/75368,7,120,2,0,12811,29,4,1,515.811388888889,424,,,,,Reduce memory footprint when linking,Reduce memory footprint when linking  Linking QtWebKit on Linux x64 with debug symbols can use up to 11Gbyte of memory. This can make it impossible to link on many systems.  This patch forces GCC 4.8+ to fully use DWARF-4 debug-types sections to eleminate duplicate symbols and makes earlier GCC versions STABS which also uses much less memory.  Task-number: QTBUG-36131  Change-Id: Ib1ba3e073b5984ead3a0badb935e7b89c01b962b
83915,qt%2Fqt5~5.6~I6230a59c886114184d74ad34651f04f0d296ade0,https://codereview.qt-project.org/157109,12,120,0,0,165995,10,12,5,213.235555555556,73,,,,,Updated submodules.,Updated submodules.  Change-Id: I6230a59c886114184d74ad34651f04f0d296ade0
253283,qt%2Fqtdeclarative~5.15~I8e38227fc8f173b053b689c1597dc7fd40e835e7,https://codereview.qt-project.org/269145,10,120,53,18,240946,327,39,23,963.626388888889,214,,,,,Introduce required properties to QML,"WIP: introduce imported (required?, expected?) properties to QML  Additinoally, add a new API to QQmlComponent to initialize toplevel properites on construction  Change-Id: I8e38227fc8f173b053b689c1597dc7fd40e835e7"
225400,qt%2Fqtbase~dev~Iac612403383991c4b24064332542a6e4bcbb3293,https://codereview.qt-project.org/303549,10,120,59,6,31174,279,30,10,572.988611111111,88,,,,,Introduce platform API abstraction for QOpenGLContext,WIP: Proof of concept platform API  Change-Id: Iac612403383991c4b24064332542a6e4bcbb3293
107564,qt%2Fqtmultimedia~5.5~I33a63546783279c545f0433b5051287269825d3f,https://codereview.qt-project.org/109116,3,121,45,0,4911,307,48,3,1680.70472222222,522,,,,,Video asset writer for iOS,"WIP: Video asset writer for iOS  AVFoundation on iOS lacks the ability to use AVCaptureVideoDataOutput and AVCaptureMovieFileOutput simultaneously. Write now viewfinder stops working as soon as we add movie file output. Unfortunately, the only workaround we have now - is to write video/audio 'maually' - creating asset writer and feeding him audio/video samples. This will require some tricks with several dispatch queues and synchronization.  Change-Id: I33a63546783279c545f0433b5051287269825d3f Task-number: QTBUG-37655"
60226,qt%2Fqtbase~dev~I6cdc9ff1390ac6258e278377233fd369a0bfeddc,https://codereview.qt-project.org/185007,9,121,98,0,20434,221,51,3,1011.59722222222,148,,,,,Introduce QVulkanWindow,WIP: QVulkanWindow  Just a skeleton for now. Nothing to see here yet.  Task-number: QTBUG-55981 Change-Id: I6cdc9ff1390ac6258e278377233fd369a0bfeddc
295681,qt%2Fqtbase~5.9~I2bfc13c1bfbe1ae09997274622ea55cb3de31b43,https://codereview.qt-project.org/148309,4,121,100,0,51042,16,23,1,17144.4819444444,237,,,,,qmake: require a drive in a DOS path for it to be absolute,"Make IoUtils view MS-paths without drive letter as relative.  A path without a drive letter needs one to be truly an absolute path, even if it is ""absolute"" with respect to its drive.  Change-Id: I2bfc13c1bfbe1ae09997274622ea55cb3de31b43"
225544,qt%2Fqt3d~dev~I20bc8ae5798fdbf3aeae5ee18d40574cbd3e1cbb,https://codereview.qt-project.org/306128,5,121,0,0,278756,6,26,1,49.5477777777778,93,,,,,Update dependencies on 'dev' in qt/qt3d,Update dependencies on 'dev' in qt/qt3d  Change-Id: I20bc8ae5798fdbf3aeae5ee18d40574cbd3e1cbb
246465,qt%2Fqtopcua~5.14~I6e69d38ff9285a3b7f84b7470fdd7a80505c4f2b,https://codereview.qt-project.org/263819,8,122,46,3,168058,4557,32,34,3861.66444444444,119,,,,,Add support for generating X509 Certificate Signing Requests,WIP: Add support for generating X509 Certificate Signing Requests  Change-Id: I6e69d38ff9285a3b7f84b7470fdd7a80505c4f2b
127495,qt%2Fqtquickcontrols~dev~Id7a4577a4d78c9474c9ccd7ae754e16fcac8f0e5,https://codereview.qt-project.org/88561,13,122,18,0,16077,4017,42,46,995.365,72,,,,,Android style,WIP: Android style  Change-Id: Id7a4577a4d78c9474c9ccd7ae754e16fcac8f0e5
217447,qt%2Fqtbase~dev~I84562f53439197141343831c0b9f88983689e6bf,https://codereview.qt-project.org/308189,7,122,7,2,559945,7,18,1,1799.10277777778,91,,,,,QFlags: remove deprecated constructor,QFlags: remove deprecated constructor  Change-Id: I84562f53439197141343831c0b9f88983689e6bf
246465,qt%2Fqtopcua~5.14~I6e69d38ff9285a3b7f84b7470fdd7a80505c4f2b,https://codereview.qt-project.org/263819,8,122,46,3,168058,4557,32,34,3861.66444444444,119,,,,,Add support for generating X509 Certificate Signing Requests,WIP: Add support for generating X509 Certificate Signing Requests  Change-Id: I6e69d38ff9285a3b7f84b7470fdd7a80505c4f2b
225075,qt%2Fqtbase~dev~Ib553f4e7ce7cc24c31da15a55a86d18bdf1cc5c3,https://codereview.qt-project.org/283513,3,123,4,1,191418,103,46,5,5195.22722222222,177,,,,,Get rid of QArrayData::sharedNull(),Get rid of QArrayData::sharedNull()  Remove the last places where those got used and avoid allocations when we resize to 0.  Change-Id: Ib553f4e7ce7cc24c31da15a55a86d18bdf1cc5c3
215517,qt%2Fqtbase~dev~Ib89175aa27c9e38bca68ae254d182b2cd21cf7e9,https://codereview.qt-project.org/142309,11,123,98,0,58639,8,24,1,43080.79,565,,,,,Fix for deferredDelete() bug when calling the glib loop directly,"WIP: Fix for deferredDelete() bug  This patches make sure that all the events posted have an even loopLevel. In cases when the loopLevel of an event is odd, since the QEventLoop runs always at an even loopLevel (possibly on top of another event loop, like the GLib event loop), in order to get the events processed when the event loop is still running (and not after it gets destroyed), the loopLevel of these posted event must be lifted to the next even value.  Task-number: QTBUG-32859 Task-number: QTBUG-36434 Change-Id: Ib89175aa27c9e38bca68ae254d182b2cd21cf7e9"
260747,qt%2Fqtbase~dev~I1667812a51d4dfe44ae80fe337cb1f4bc9699d92,https://codereview.qt-project.org/218785,5,123,440,0,218906,652,15,33,11954.4388888889,414,,,,,Clean up our Objective-C usage,"Clean up our Objective-C usage  - Move ivars into @implementation - Use instancetype where applicable - Use dot notation for property access - Use subscript operator for dictionaries and arrays - Format selectors consistently - Use proper style for init methods - Use generics instead of void pointers where possible - Use ""range for"" loops instead of indexing  Change-Id: I1667812a51d4dfe44ae80fe337cb1f4bc9699d92"
243914,qt%2Fqtbase~5.15~If5c3d704430df76ce8faf55ee75ebd4639ba09c4,https://codereview.qt-project.org/264550,16,123,42,13,105779,2812,21,15,4486.88472222222,1328,,,,,WebGradients: redo implementation,"WebGradients: redo implementation  The previous implementation was *extremely* expensive. It relied on loading a binary JSON file from resources, then extracting information out of it to build a gradient. Already-loaded gradients were kept in a local cache, which had to be mutex protected.  Instead, this patch extends the gradient generator to build an array of QGradients with the web gradient data. This array is used when building QGradient objects with a web gradient. No explicit mutex protection is necessary, since accesses will just read from the array; Q_GLOBAL_STATIC gives us what we need (lazy loading of it, in a thread safe way).  As benefits, this patch removes:  * a *WHOPPING* 50KB from QtGui's .rodata (the binary json is dropped) * the overhead of parsing the JSON for each used web gradient; * the startup costs of registering the webgradients in the resources; * all the overhead of mutex locking when building such gradients; * all the runtime memory allocations to load, parse and cache the web gradients.  The cost of keeping the entire array allocated is completely negligible since we were keeping the entire binary JSON in memory anyhow (11K of statically allocated data vs 50K of heap allocated data), plus the cache that we don't need anymore.  Change-Id: If5c3d704430df76ce8faf55ee75ebd4639ba09c4"
225837,qt%2Fqtdeclarative~5.15~I81fdb99082dc41c0455085e6b6d3952402bf8742,https://codereview.qt-project.org/123122,4,124,24,7,106302,189,47,6,42839.9655555556,158,,,,,Deliver QTabletEvents to pointer handlers,WIP: tablet support in pointer handlers  - still need a specific TabletHandler - hover isn't working yet  Change-Id: I81fdb99082dc41c0455085e6b6d3952402bf8742
65019,qt%2Fqtwebengine~dev~Ifd3d8d0835b47c323a8d39c320eb55e5e1024dee,https://codereview.qt-project.org/177662,10,124,23,0,42918,27,43,1,1506.16305555556,71,,,,,Add gn build of qtwebengine for linux,WIP: Add gn build  Change-Id: Ifd3d8d0835b47c323a8d39c320eb55e5e1024dee
246813,qt%2Fqttools~dev~I2180226c9ace21e647ec48e335d0c5af1676b108,https://codereview.qt-project.org/342108,7,124,36,4,149136,4,21,2,628.612222222222,88,,,,,Assistant: Add qlitehtml submodule,Assistant: Add qlitehtml submodule  Change-Id: I2180226c9ace21e647ec48e335d0c5af1676b108
114031,qt%2Fqtbase~dev~I3b1f744d621eefc7e9c61d1469460ebfcc77fc54,https://codereview.qt-project.org/102386,9,124,45,0,12854,1351,31,15,1534.38638888889,115,,,,,QSystemTrayIcon uses D-Bus StatusNotifier on Linux when possible,WIP: use dbusmenu protocol to send the tray icon context menu  Change-Id: I3b1f744d621eefc7e9c61d1469460ebfcc77fc54
261370,qt%2Fqtbase~dev~I095959443ac7362f7534e35454eff038061fca82,https://codereview.qt-project.org/183323,10,125,48,0,122099,19,17,2,20904.9116666667,264,,,,,Migrate QDir to use QRegularExpression,Migrate QDir to use QRegularExpression  The match method still uses QRegExp. This patch updates the code to use QRegularExpression and translates the wildcard patterns to a suitable form for QRegularExpression.  Change-Id: I095959443ac7362f7534e35454eff038061fca82
256429,qt-creator%2Fqt-creator~master~I1a16fbe52382d45c37e9bc624a943a6ca475fa09,https://codereview.qt-project.org/262777,4,125,61,4,8173,159,55,8,1492.35638888889,77,,,,,WebAssembly: Initial commit,WIP: WebAssembly plugin  Change-Id: I1a16fbe52382d45c37e9bc624a943a6ca475fa09
259762,qt%2Fqtbase~dev~I6f8d3abd3247dc980dc7834801a017a89c8f4286,https://codereview.qt-project.org/242817,14,125,18,0,390601,0,20,0,5806.41111111111,105,,,,,Merge remote-tracking branch 'origin/5.12' into dev,Merge remote-tracking branch 'origin/5.12' into dev  Change-Id: I6f8d3abd3247dc980dc7834801a017a89c8f4286
261370,qt%2Fqtbase~dev~I095959443ac7362f7534e35454eff038061fca82,https://codereview.qt-project.org/183323,10,125,48,0,122099,19,17,2,20904.9116666667,264,,,,,Migrate QDir to use QRegularExpression,Migrate QDir to use QRegularExpression  The match method still uses QRegExp. This patch updates the code to use QRegularExpression and translates the wildcard patterns to a suitable form for QRegularExpression.  Change-Id: I095959443ac7362f7534e35454eff038061fca82
193316,qt%2Fqtbase~master~I0c784a945fe87d7ba52a44f5c7246de1709ae888,https://codereview.qt-project.org/13226,11,126,490,0,10848,601,29,8,1874.99833333333,85,,,,,Prepare category logging for Qt integration,Prepare qLog for Qt integration  Change-Id: I0c784a945fe87d7ba52a44f5c7246de1709ae888
101509,qt%2Fqtbase~5.6~I9870200806f2ca378b0977dee0674d89e2c6836c,https://codereview.qt-project.org/123653,12,126,28,0,65091,111,15,1,435.531111111111,94,,,,,Fix QSysInfo::windowsVersion() for good.,Fix QSysInfo::windowsVersion() for good.  Change-Id: I9870200806f2ca378b0977dee0674d89e2c6836c
218923,qt%2Fqtwebengine~dev~I516c26206baa1cf6b966629a694dadce7f79dbec,https://codereview.qt-project.org/333267,3,126,15,7,131658,64,45,2,2410.40027777778,89,,,,,Add QtWebEngineCore module cmake build,WIP: POC Add QtWebEngineCore module  Change-Id: I516c26206baa1cf6b966629a694dadce7f79dbec
140127,qt%2Fqtconnectivity~dev~I878df1702ce4164384096d00e53dcd354d1bfafc,https://codereview.qt-project.org/64768,7,126,106,0,21112,454,28,3,3855.38916666667,199,,,,,Add support for NFC file and data sharing,Add support for NFC file and data sharing  Provide ability to allow NFC enabled devices to exchange file and data content using a high-level API.  Change-Id: I878df1702ce4164384096d00e53dcd354d1bfafc
155802,qt%2Fqtserialport~dev~Ie740e478b5825fa2e699ead079d78c514a0caef4,https://codereview.qt-project.org/51862,8,127,9,0,47959,34,7,5,3301.68694444444,489,,,,,Add function to get serial port handle,"Add function to get serial port handle  Sometimes the Qt functions are just not enough, and for this reason Qt provides functions like QFileDevice::handle(), QAbstractSocket:: socketDescriptor(), QWidget::winId(), and QProcess::pid(). QSerialPort should do the same. In my case, I find that QSerialPort is easy to use and works nicely with the rest of Qt, but my application needs to set TIOCNXCL right after the serial port is opened.  Change-Id: Ie740e478b5825fa2e699ead079d78c514a0caef4"
159268,qt%2Fqt5~dev~I3a55bb51ac59f7e66b8a75f574e494a8da0a2754,https://codereview.qt-project.org/57195,5,127,0,0,162960,2,37,1,477.176111111111,73,,,,,Updated submodules.,Updated submodules.  Change-Id: I3a55bb51ac59f7e66b8a75f574e494a8da0a2754
49489,qt%2Fqtbase~5.9~Ic3a088f9f08a4fd7ae91fffd14ce8a262021cca0,https://codereview.qt-project.org/199408,11,127,128,0,85155,3001,20,113,1493.92972222222,418,,,,,configure: Add a feature to write tests in the .json file,"configure: Add a feature to write tests in the .json file  We're adding a lot of unnecessary files that end up later as cargo-cult, for at most a handful of lines. So instead move the simple testcases directly into the .json file.  This contains a couple of simplifications from really old libraries or platforms we no longer support (such as HP-UX or libpng 1.0).  Change-Id: Ic3a088f9f08a4fd7ae91fffd14ce8a262021cca0"
159268,qt%2Fqt5~dev~I3a55bb51ac59f7e66b8a75f574e494a8da0a2754,https://codereview.qt-project.org/57195,5,127,0,0,162960,2,37,1,477.176111111111,73,,,,,Updated submodules.,Updated submodules.  Change-Id: I3a55bb51ac59f7e66b8a75f574e494a8da0a2754
259657,qt%2Fqtbase~dev~I4c6cacd4a1b949dd0ef5e6b59322fb0967d02120,https://codereview.qt-project.org/245422,5,128,65,0,41800,132,50,5,5118.97083333333,82,,,,,Add tst_QOcsp auto-test,WIP: add tst_QOcsp auto-test  Change-Id: I4c6cacd4a1b949dd0ef5e6b59322fb0967d02120
134654,qt%2Fqtbase~dev~I5dd959f102df178f646b2df5989203b5dc6de376,https://codereview.qt-project.org/82392,16,128,22,0,23713,327,24,13,550.3325,435,,,,,Add public and QPA APIs for adapting existing OpenGL contexts,Add public and QPA APIs for adapting existing OpenGL contexts  For now only xcb on GLX is supported. Other platforms will follow later.  Add also some missing documentation for the platform OpenGL context factory functions.  [ChangeLog] Added an overload for QOpenGLContext::create() taking a native handle. This allows adapting an existing native context.  Task-number: QTBUG-37552 Change-Id: I5dd959f102df178f646b2df5989203b5dc6de376
259829,qt%2Fqtbase~dev~Iee9f715e47544a7a705c7f36401aba216a7d42b0,https://codereview.qt-project.org/240070,8,128,40,0,102619,55,18,3,6551.18111111111,390,,,,,Handle fonts that have commas/quotes in the family name,"Handle fonts that have a comma in the family name correctly  Since the comma is used as a separator character then we need to account for when a family name may already have a comma in it. In this case, the family should be enclosed with single quotes, so that it can be recognized as a single family name then.  Task-number: QTBUG-46322 Change-Id: Iee9f715e47544a7a705c7f36401aba216a7d42b0"
237110,pyside%2Fpyside-setup~5.14~I0fe36edc5610b2d51bbb05f1b7507beee5088c83,https://codereview.qt-project.org/287746,5,128,47,15,22984,52,32,4,940.434166666667,612,,,,,Avoid the GIL in non-overridden Methods,"WIP: Avoid the GIL in non-overridden Methods  In order to get better performance, we try to avoid allocating the GIL when methods have no override with a Python function.  Every class becomes a byte cache that records functions where no override was found. On second try, the GIL is avoided by this flag byte.  The duck_punching test is the only one not passed. It temporarily serves as a proof that the cache really works.  The result is unfortunately not as expected. Positively, this means that the problem is _not_ in the caching.  Task-number: PYSIDE-803 Change-Id: I0fe36edc5610b2d51bbb05f1b7507beee5088c83"
131894,qt-creator%2Fqt-creator~master~I93e0bfd71a8a650afbe2ca9e0f1f3dbfc9d57db0,https://codereview.qt-project.org/82753,7,129,53,0,16849,800,41,10,1507.33194444444,88,,,,,Implement unified diff editor,WIP: Implement unified diff editor  Change-Id: I93e0bfd71a8a650afbe2ca9e0f1f3dbfc9d57db0
66004,qt%2Fqtwebengine~dev~I85ac8cdd3d1557905b35e3172b922aba356d1c41,https://codereview.qt-project.org/167422,10,129,147,0,45247,92,23,7,3730.02166666667,269,,,,,Add methods to issue various types of HTTP requests,"Added method postWithParams  Added the method postWithParams, which can be used to do HTTP-POST request (e.g. to simulate form-submissions) with custom HTTP-headers.  Task-number: QTBUG-53314 Task-number: QTBUG-53372 Change-Id: I85ac8cdd3d1557905b35e3172b922aba356d1c41"
283239,qt-extensions%2Fqthttpserver~master~I0d8b83e50992b9a95c88f4735539329279cf5425,https://codereview.qt-project.org/222668,8,129,149,0,4664,11710,41,66,3116.75944444444,83,,,,,Introduce Qt HttpServer framework,WIP: Introducing QtHttpServer  Change-Id: I0d8b83e50992b9a95c88f4735539329279cf5425
289900,qt%2Fqt5~5.9~Ia7bcad46e3214d6d8b688354c9abdc83a513573c,https://codereview.qt-project.org/192517,13,129,154,0,20525,34,26,2,8442.165,77,,,,,Provision libclang,WIP: Provision libclang  Change-Id: Ia7bcad46e3214d6d8b688354c9abdc83a513573c
261397,qt%2Fqtbase~dev~I05abab0ad78e22e4815a196037dfc6eff85325d1,https://codereview.qt-project.org/164839,9,130,107,0,18071,34,21,1,25642.0780555556,236,,,,,QRingBuffer: avoid reallocations of the data,QRingBuffer: avoid reallocations of the data in reserve()  Ensure that the pointers returned by readPointer() and readPointerAtPosition() are remain valid while the data is appended.  Change-Id: I05abab0ad78e22e4815a196037dfc6eff85325d1
231154,qt%2Fqtbase~dev~I1769d42e7958d56d1ad5da958db0e8fe3a2a3c23,https://codereview.qt-project.org/289041,10,130,2215,3,107739,17832,29,11,2352.91361111111,106,,,,,Rewrite Qt Testlib selftest to not rely on Qt Testlib itself,WIP: Bundle catch2 with testlib for internal testing  Change-Id: I1769d42e7958d56d1ad5da958db0e8fe3a2a3c23
264157,qt%2Fqtbase~wip%2Fqt6~Ie26afb12a2aac36521472715934a7e34639ea4d0,https://codereview.qt-project.org/260183,5,130,5,0,79835,13,27,4,338.479444444444,196,,,,,Bump version to Qt 6,"Bump version to Qt 6  Needed to disable QT_NO_UNSHARABLE_CONTAINERS, as this triggers asserts. QMetaType also needs some separate cleaning up.  Change-Id: Ie26afb12a2aac36521472715934a7e34639ea4d0"
250935,pyside%2Fpyside-setup~5.12~Iaa15d20b279a04c5e16ce2795d03f912bc44a389,https://codereview.qt-project.org/243151,6,130,58,0,21179,113,45,45,8362.71222222222,914,,,,,Modernize cmake build,"WIP: Modernize cmake build  Add CMake super project that includes both shiboken2 and PySide2 subprojects, so that it's possible to build both from Qt Creator with minimal set up effort.  Start using CMake targets throughout the build code to correctly propagate link flags and include dirs for libshiboken and shiboken2-generator targets.  Install shiboken2 build-time target files using export(EXPORT) to allow find_package(Shiboken2) to work during a super project build.  Install shiboken2 target files using install(EXPORT) to allow building PySide2 with an installed Shiboken2 package (as opposed to one that is built as part of the super project).  FIXME: Finish the cleanup of variables instead of target usage. FIXME: Add pyside2-tools subproject. Depends on proper export        for PySide2 subproject.  FIXME: Make sure setup.py build works properly.  Change-Id: Iaa15d20b279a04c5e16ce2795d03f912bc44a389"
205363,qt%2Fqtqa~master~I8d5863b17418b4fe28f28e8a84e11ab5b32ed2bd,https://codereview.qt-project.org/3473,3,131,217,0,8016,122,39,1,2014.975,492,,,,,Support measuring test coverage with testcocoon.,"WIP: integrate testcocoon support into Qt build system (qtqa)  Add testrunner plugin testcocoon.pm. After a test is run, it will check for the source coverage database csmes and  the execution report csexe. If found the csexe is imported into the test csmes and a global csmes is created or updated. This global coverage database with execution report gathers all tests results. The ""local"" test csmes and csexe are deleted to save space.  Change-Id: I8d5863b17418b4fe28f28e8a84e11ab5b32ed2bd"
88773,qt%2Fqtbase~dev~Ie2019dd94fe04253d1ef6874811d7e749a5aad93,https://codereview.qt-project.org/149384,5,131,121,0,14178,408,29,10,508.4625,134,,,,,Async open file support in QNetworkAccessManager,local file request are now asynchronous to avoid problems in high latency drives  Change-Id: Ie2019dd94fe04253d1ef6874811d7e749a5aad93
289360,qt%2Fqtlocation~wip%2Fnavigation~I830ebb3813f219e42c085f450952a2b4327361cd,https://codereview.qt-project.org/217509,8,131,1,0,5550,558,65,9,2043.32277777778,245,,,,,Introduce map objects reference implementation,WIP: Introduce objectsoverlay plugin  This geoservice plugin has the dual purpose of both being a testbed for the geomapobjects API and for acting as the itemsoverlay plugin for geomapobjects  Change-Id: I830ebb3813f219e42c085f450952a2b4327361cd
221261,qt%2Fqt5~dev~Ic4899f188c92502c6f6808dcc05922d4980cadfd,https://codereview.qt-project.org/300610,9,131,0,0,235359,63,8,4,2464.08777777778,82,,,,,Update QDoc libclang to 10.0,Update QDoc libclang to 10.0  Change-Id: Ic4899f188c92502c6f6808dcc05922d4980cadfd
186286,qt%2Fqt5~master~I78b8403e415e7e8d9405daebc9619c4a7cb85910,https://codereview.qt-project.org/28915,5,132,0,0,469829,22,30,11,233.217222222222,73,,,,,Updated submodules.,Updated submodules.  Change-Id: I78b8403e415e7e8d9405daebc9619c4a7cb85910
226561,qt%2Fqtbase~dev~I5d1e9298b4040a2d4f867f5b1a3567a2253927b8,https://codereview.qt-project.org/279576,7,132,141,17,44412,152,29,6,5664.81555555556,181,,,,,QSslSocket (OpenSSL) improve alert messages handling,WIP: implement a new verification callback  plus notification callback to trace alert messages. Note: very highly experimental.  Change-Id: I5d1e9298b4040a2d4f867f5b1a3567a2253927b8
155897,qt%2Fqtbase~dev~Id298f18c2f47cc998170357e65cc6098df851aab,https://codereview.qt-project.org/56389,12,132,82,0,30997,834,22,10,1940.34638888889,480,,,,,Add side widgets to QLineEdit via QAction.,"WIP: Add side widgets to QLineEdit via QAction.  Add QLineEdit::addAction() overloads, allowing for a variable number of icons or user-defined widgets. In addition, add a designeable property clearButton for a ready-made clear button.  TODO: Get the geometry handling right by using the stuff from https://codereview.qt-project.org/#change,55330, this currently slams all widgets to icon size.  Change-Id: Id298f18c2f47cc998170357e65cc6098df851aab Done-with: Kevin.Ottens@kdab.com"
226561,qt%2Fqtbase~dev~I5d1e9298b4040a2d4f867f5b1a3567a2253927b8,https://codereview.qt-project.org/279576,7,132,141,17,44412,152,29,6,5664.81555555556,181,,,,,QSslSocket (OpenSSL) improve alert messages handling,WIP: implement a new verification callback  plus notification callback to trace alert messages. Note: very highly experimental.  Change-Id: I5d1e9298b4040a2d4f867f5b1a3567a2253927b8
225079,qt%2Fqtbase~dev~I285b6862dc67b7130af66d3e08f652b1a56b990e,https://codereview.qt-project.org/282032,5,133,8,1,192663,93,47,5,5529.43916666667,84,,,,,Simplify Q_ARRAY_LITERAL,Cleanup some unused code paths  Change-Id: I285b6862dc67b7130af66d3e08f652b1a56b990e
109659,qt%2Fqt5~5.5~I976ffd988e7ec7b595ed610d86bf58307c5e5434,https://codereview.qt-project.org/110380,3,133,0,0,349836,6,33,3,334.757222222222,73,,,,,Updated submodules.,Updated submodules.  Change-Id: I976ffd988e7ec7b595ed610d86bf58307c5e5434
276638,qt%2Fqt5~dev~Ic5a588e5cc5e753ec4c4e2e1bc79917bbd03f95d,https://codereview.qt-project.org/240554,9,133,54,0,100452,67,25,11,957.305277777778,189,,,,,Docker Provisioning: Install Docker-based test servers on macOS,WIP: Provisioning: Install Docker-based test servers on MacOS  Build and cache docker images based on the configurations in testserver.  Change-Id: Ic5a588e5cc5e753ec4c4e2e1bc79917bbd03f95d
235670,qt%2Fqtbase~5.15~Id6206e9179c2e8157c99e777a3de35bd83d49e34,https://codereview.qt-project.org/288171,7,133,68,15,66214,12,40,2,1245.29666666667,115,,,,,Doc: make Qt Sql snippets compilable,Doc: make Qt Sql snippets compilable  Task-number: QTBUG-81496 Change-Id: Id6206e9179c2e8157c99e777a3de35bd83d49e34
261413,qt%2Fqtbase~dev~I27eaacb532114dd188c4ffff13d32f2e3c1d74bb,https://codereview.qt-project.org/110039,11,134,41,0,173981,57,16,4,36669.1230555555,302,,,,,QSysInfo: add a function that returns a somewhat permanent unique ID,"QSysInfo: add a function that returns a somewhat permanent unique ID  We can use the D-Bus / systemd machine-id file (which is a UUID without the dashes) on systems with D-Bus. For BSD systems, the kernel has a UUID we can use too, so extract that.  Change-Id: I27eaacb532114dd188c4ffff13d32f2e3c1d74bb"
283146,qt%2Fqt5~dev~I93cf04ca1ecec20b61cac9275b719ebd3e76c227,https://codereview.qt-project.org/233675,4,134,0,0,307723,16,24,8,450.142222222222,87,,,,,Update submodules on 'dev' in qt5,Update submodules on 'dev' in qt5  Change-Id: I93cf04ca1ecec20b61cac9275b719ebd3e76c227
261395,qt%2Fqtbase~dev~Iaf4f325473adef106f423677fdc5ee0e35e87d35,https://codereview.qt-project.org/166323,14,134,245,0,61784,1208,24,6,25232.1933333333,202,,,,,New proxy model: QConcatenateTablesProxyModel,New proxymodel: QConcatenateRowsProxyModel.  It takes multiple source models and concatenates their rows into a single model.  With full unit tests.  Change-Id: Iaf4f325473adef106f423677fdc5ee0e35e87d35
283146,qt%2Fqt5~dev~I93cf04ca1ecec20b61cac9275b719ebd3e76c227,https://codereview.qt-project.org/233675,4,134,0,0,307723,16,24,8,450.142222222222,87,,,,,Update submodules on 'dev' in qt5,Update submodules on 'dev' in qt5  Change-Id: I93cf04ca1ecec20b61cac9275b719ebd3e76c227
260198,qt%2Fqtbase~dev~I0582cdc9e66e43efe79038b9c43d4f9572ac88fc,https://codereview.qt-project.org/233803,13,135,19,0,247280,0,22,0,8317.50805555556,105,,,,,Merge remote-tracking branch 'origin/5.11' into dev,Merge remote-tracking branch 'origin/5.11' into dev  Change-Id: I0582cdc9e66e43efe79038b9c43d4f9572ac88fc
226075,qt%2Fqtwayland~dev~I461155f4bc2d26a6fe2db0fd79ceff47f4508439,https://codereview.qt-project.org/305423,5,135,0,0,574952,4,51,1,65.4088888888889,98,,,,,Update dependencies on 'dev' in qt/qtwayland,Update dependencies on 'dev' in qt/qtwayland  Change-Id: I461155f4bc2d26a6fe2db0fd79ceff47f4508439
242761,qt%2Fqtdeclarative~5.15~Icc8cb338aa03ef1e3085e29356a5db7b73ba0a01,https://codereview.qt-project.org/271876,11,135,2,2,362701,7,23,2,3272.1925,106,,,,,Generate registrations for all imports,WIP: generate registrations for QtQuick and settings  Change-Id: Icc8cb338aa03ef1e3085e29356a5db7b73ba0a01
260198,qt%2Fqtbase~dev~I0582cdc9e66e43efe79038b9c43d4f9572ac88fc,https://codereview.qt-project.org/233803,13,135,19,0,247280,0,22,0,8317.50805555556,105,,,,,Merge remote-tracking branch 'origin/5.11' into dev,Merge remote-tracking branch 'origin/5.11' into dev  Change-Id: I0582cdc9e66e43efe79038b9c43d4f9572ac88fc
243321,qt%2Fqtbase~dev~I929ba7c036d570382d0454c2c75f6f0d96ddbc01,https://codereview.qt-project.org/284536,24,136,33,2,318008,152,28,1,545.009444444444,170,,,,,Merge remote-tracking branch 'origin/5.15' into dev,WIP: Merge remote-tracking branch 'origin/5.15' into dev   Conflicts: 	tests/auto/tools/moc/allmocs_baseline_in.json  Change-Id: I929ba7c036d570382d0454c2c75f6f0d96ddbc01
250908,qt-creator%2Fperfparser~master~I0acbf57d191f09383c60bdab9e6664f9a74db42f,https://codereview.qt-project.org/275337,5,136,11,1,15767,96,9,1,140.218611111111,443,,,,,Build fully qualified identifiers for inlined C++ subroutines,"WIP: Build fully qualified identifiers for inlined C++ subroutines  Feels hacky, but seems to work and we finally get proper symbols for Qt signal/slot functors and other inlined lambdas or std::algorithms  TODO: - add a test for this - talk to elfutils maintainer if this is the correct approach, maybe   we should upstream this somehow?  Fixes: https://github.com/KDAB/hotspot/issues/210  Change-Id: I0acbf57d191f09383c60bdab9e6664f9a74db42f"
204232,qt%2Fqtbase~master~I54326b808795535490a0489659b351a8da72cdbb,https://codereview.qt-project.org/8518,8,136,97,0,23957,255,48,12,528.921111111111,89,,,,,Install CMake config files from Qt.,Install CMake config files from Qt.  Change-Id: I54326b808795535490a0489659b351a8da72cdbb
250908,qt-creator%2Fperfparser~master~I0acbf57d191f09383c60bdab9e6664f9a74db42f,https://codereview.qt-project.org/275337,5,136,11,1,15767,96,9,1,140.218611111111,443,,,,,Build fully qualified identifiers for inlined C++ subroutines,"WIP: Build fully qualified identifiers for inlined C++ subroutines  Feels hacky, but seems to work and we finally get proper symbols for Qt signal/slot functors and other inlined lambdas or std::algorithms  TODO: - add a test for this - talk to elfutils maintainer if this is the correct approach, maybe   we should upstream this somehow?  Fixes: https://github.com/KDAB/hotspot/issues/210  Change-Id: I0acbf57d191f09383c60bdab9e6664f9a74db42f"
144811,qt%2Fqtconnectivity~wip%2Fandroid~I577f53b693b0bbf2f42aecd4db47756e80b8a9ed,https://codereview.qt-project.org/72976,2,137,0,0,14674,44,2,15,24.32,126,,,,,Use private header extension to indicate private Android headers,Use private header extension tindicate private nature of android headers  Change-Id: I577f53b693b0bbf2f42aecd4db47756e80b8a9ed
250678,qt%2Fqt5~5.13~I24ea9cbc4f7cc95e6952765099d5e46247470011,https://codereview.qt-project.org/256157,10,137,27,1,49504,166,47,5,4801.01666666667,250,,,,,Add webAssembly build for windows and macos,WIP: Provisioning: Install Emscripten for Windows and macOS  Emsdk is needed by WebAssembly. Script will also update the version for emscripten  Task-number: QTBUG-63917 Task-number: QTQAINFRA-2835 Change-Id: I24ea9cbc4f7cc95e6952765099d5e46247470011
144810,qt%2Fqtconnectivity~wip%2Fandroid~I97eef96de8d24a235d4cea26b7522ae3345aace1,https://codereview.qt-project.org/72977,2,137,0,0,14629,28,2,7,24.32,90,,,,,Fix all compiler warnings on Android,Fix all compiler warnings on Android  Change-Id: I97eef96de8d24a235d4cea26b7522ae3345aace1
250678,qt%2Fqt5~5.13~I24ea9cbc4f7cc95e6952765099d5e46247470011,https://codereview.qt-project.org/256157,10,137,27,1,49504,166,47,5,4801.01666666667,250,,,,,Add webAssembly build for windows and macos,WIP: Provisioning: Install Emscripten for Windows and macOS  Emsdk is needed by WebAssembly. Script will also update the version for emscripten  Task-number: QTBUG-63917 Task-number: QTQAINFRA-2835 Change-Id: I24ea9cbc4f7cc95e6952765099d5e46247470011
63481,qt%2Fqtbase~5.15~I7e47a0b2cff182af71d3d479d6e3746f08ea30aa,https://codereview.qt-project.org/219277,13,138,79,4,120322,14,20,2,27210.1141666667,174,,,,,Add QWindow::startSystemMove and startSystemResize,WIP: Add QWindow::startSystemMove  Expose the QPlatformWindow::startSystemMove to enable custom client side decorations.  Change-Id: I7e47a0b2cff182af71d3d479d6e3746f08ea30aa
261394,qt%2Fqtbase~dev~I7de033f80b0e4431b7f1ffff13f9a5592b5776e1,https://codereview.qt-project.org/167772,11,138,79,0,167439,144,15,5,24893.0547222222,87,,,,,QNetworkInterface: Add type(),WIP Add QNetworkInterface::type()  Change-Id: I7de033f80b0e4431b7f1ffff13f9a5592b5776e1
12072,qt%2Fqtdeclarative~dev~I0fc6617349144f72d933a3d6289be6fb5b129d1a,https://codereview.qt-project.org/63308,8,138,11,0,14487,236,50,5,21747.52,184,,,,,MouseArea: Handle touch events directly if multiPointTouchEnabled,Handle touch events inside QQuickMouseArea  Now you can press and drag multiple MouseAreas at the same time with multiple fingers.  Change-Id: I0fc6617349144f72d933a3d6289be6fb5b129d1a
63481,qt%2Fqtbase~5.15~I7e47a0b2cff182af71d3d479d6e3746f08ea30aa,https://codereview.qt-project.org/219277,13,138,79,4,120322,14,20,2,27210.1141666667,174,,,,,Add QWindow::startSystemMove and startSystemResize,WIP: Add QWindow::startSystemMove  Expose the QPlatformWindow::startSystemMove to enable custom client side decorations.  Change-Id: I7e47a0b2cff182af71d3d479d6e3746f08ea30aa
243313,qt%2Fqtmultimedia~5.15~I49641750537160832e29c297279e72b8288e974c,https://codereview.qt-project.org/278610,8,139,83,8,90185,127,40,8,1802.78833333333,1297,,,,,Expose video surfaces in rendering components,"Introduce QVideoWidget::surface()  Currently QVideoWidget is supposed to be used strongly with QMediaPlayer via QMediaPlayer::setVideoOutput(QVideoWidget *), but both QMediaPlayer and QVideoWidget are based on QMediaService and QMediaControl.  E.g. QVideoWidget::setMediaObject() is called to provide the media service of QMediaPlayer and its controls, such as QVideoRendererControl, which provides a possibility to get video frames from a backend.  Introducing QVideoWidget::surface() that creates if necessary and returns underlaying video surface which provides a possibility to render video frames without knowledge of any services and controls.  Could be tried like:   QMediaPlayer->setVideoOutput(QVideoWidget->surface());  which allows QMediaPlayer to get video frames from a backend, without using QVideoWidget, and presents these frames to widget's surface.  More over, now it is possible to render video frames to QVideoWidget without QMediaPlayer:   QVideoSurfaceFormat format(img.size(), QVideoFrame::Format_ARGB32);   videoWidget->surface()->start(format);   videoWidget->surface()->present(img);  This removes dependency to QMediaService and QMediaControl.  [ChangeLog] Introduced QVideoWidget::surface()  Task-number: QTBUG-74422 Change-Id: I49641750537160832e29c297279e72b8288e974c"
125659,qt%2Fqt5~dev~Ie073b25926d4c538cb9f41d4c59d171857a60ede,https://codereview.qt-project.org/91816,7,139,0,0,299298,18,44,9,605.366388888889,73,,,,,Updated submodules.,Updated submodules.  Change-Id: Ie073b25926d4c538cb9f41d4c59d171857a60ede
141118,qt%2Fqt5~dev~I8f1fc88175b91848b47ab8e794ac252c88221aa5,https://codereview.qt-project.org/301965,15,139,0,0,282028,6,28,1,5403.0175,142,,,,,Add MinGW developer build with testing and build of examples,Add MinGW developer build with testing and build of examples  Task-number: QTQAINFRA-3758 Change-Id: I8f1fc88175b91848b47ab8e794ac252c88221aa5
243313,qt%2Fqtmultimedia~5.15~I49641750537160832e29c297279e72b8288e974c,https://codereview.qt-project.org/278610,8,139,83,8,90185,127,40,8,1802.78833333333,1297,,,,,Expose video surfaces in rendering components,"Introduce QVideoWidget::surface()  Currently QVideoWidget is supposed to be used strongly with QMediaPlayer via QMediaPlayer::setVideoOutput(QVideoWidget *), but both QMediaPlayer and QVideoWidget are based on QMediaService and QMediaControl.  E.g. QVideoWidget::setMediaObject() is called to provide the media service of QMediaPlayer and its controls, such as QVideoRendererControl, which provides a possibility to get video frames from a backend.  Introducing QVideoWidget::surface() that creates if necessary and returns underlaying video surface which provides a possibility to render video frames without knowledge of any services and controls.  Could be tried like:   QMediaPlayer->setVideoOutput(QVideoWidget->surface());  which allows QMediaPlayer to get video frames from a backend, without using QVideoWidget, and presents these frames to widget's surface.  More over, now it is possible to render video frames to QVideoWidget without QMediaPlayer:   QVideoSurfaceFormat format(img.size(), QVideoFrame::Format_ARGB32);   videoWidget->surface()->start(format);   videoWidget->surface()->present(img);  This removes dependency to QMediaService and QMediaControl.  [ChangeLog] Introduced QVideoWidget::surface()  Task-number: QTBUG-74422 Change-Id: I49641750537160832e29c297279e72b8288e974c"
199804,qt%2Fqtbase~master~I46c1741ec23615863eeca3a1231d5e3f8942495e,https://codereview.qt-project.org/7475,11,140,180,0,11868,1165,29,10,2347.885,303,,,,,Add support for DNS lookups using native APIs,"Add support for DNS SRV lookups using native APIs  The QSrvInfo class is modeled after QHostInfo, providing both blocking and asynchronous APIs for SRV lookups. The records resulting from a lookup are ordered as per RFC2782.  Task-number: QTBUG-10481 Change-Id: I46c1741ec23615863eeca3a1231d5e3f8942495e"
289381,qt%2Fqtlocation~wip%2Fnavigation~Ic93bed0bfaaf32453e759b12a348fa6ef1ae2c93,https://codereview.qt-project.org/217404,9,140,19,0,73746,344,46,3,2107.04222222222,82,,,,,Introduce Navigator QML type,Introduce Navigator QML type  Change-Id: Ic93bed0bfaaf32453e759b12a348fa6ef1ae2c93
115548,qt%2Fqtbase~dev~I7466db471be2a8a2170f9af9d6ad4c7b6425738b,https://codereview.qt-project.org/101485,8,140,27,0,5316,1422,57,9,1446.47666666667,184,,,,,Add SecureTransport based SSL backend for iOS and OS X,Add SecureTransport based SSL backend for iOS and OS X  Add support for SSL on iOS/OS X by adding a SecureTransport based backend.  Change-Id: I7466db471be2a8a2170f9af9d6ad4c7b6425738b
289381,qt%2Fqtlocation~wip%2Fnavigation~Ic93bed0bfaaf32453e759b12a348fa6ef1ae2c93,https://codereview.qt-project.org/217404,9,140,19,0,73746,344,46,3,2107.04222222222,82,,,,,Introduce Navigator QML type,Introduce Navigator QML type  Change-Id: Ic93bed0bfaaf32453e759b12a348fa6ef1ae2c93
219503,qt%2Fqtdeclarative~dev~I30db4cba9be91f802fcb093192665ee0a7078aa1,https://codereview.qt-project.org/313547,4,141,1,0,675423,4,11,1,102.975,102,,,,,Update dependencies on 'dev' in qt/qtdeclarative,Update dependencies on 'dev' in qt/qtdeclarative  Change-Id: I30db4cba9be91f802fcb093192665ee0a7078aa1
225428,qt%2Fqtbase~dev~If8c03c08b7bfc162908510cac278ce9267b61cdf,https://codereview.qt-project.org/281905,5,141,0,0,359957,2,43,1,5445.03916666667,110,,,,,Remove method declaration that's not used or implemented,Remove method declaration that's not used or implemented  Change-Id: If8c03c08b7bfc162908510cac278ce9267b61cdf
216337,qt%2Fqt5~dev~If124600309644e6a066805cd728bf12862006a21,https://codereview.qt-project.org/297318,7,141,71,2,13740,810,53,21,4399.65194444445,79,,,,,Add CentOS 8.1 to CI,WIP: Add CentOS 8.1 to CI  Change-Id: If124600309644e6a066805cd728bf12862006a21
225428,qt%2Fqtbase~dev~If8c03c08b7bfc162908510cac278ce9267b61cdf,https://codereview.qt-project.org/281905,5,141,0,0,359957,2,43,1,5445.03916666667,110,,,,,Remove method declaration that's not used or implemented,Remove method declaration that's not used or implemented  Change-Id: If8c03c08b7bfc162908510cac278ce9267b61cdf
151447,qt%2Fqtbase~dev~I3845704c59eb8fc401e9a650c54a9c934ed28c2e,https://codereview.qt-project.org/43718,11,142,105,0,13099,115,20,4,6359.09,419,,,,,QCompleter::setFilterMode() add property filterMode.,"QCompleter::setFilterMode() new functionality.  QCompleter::setFilterMode(QCompleter::Contains) will enable filtering out entries that contain typed characters in any place, instead of the default behavior when only those entries that start with typed characters are displayed. QCompleter::setFilterMode(QCompleter::StartsWith) will bring the default behavior back.  Change-Id: I3845704c59eb8fc401e9a650c54a9c934ed28c2e"
59568,qt%2Fqtbase~dev~I8c99bcaa3fb07c16e935a0c3705af467bc3da584,https://codereview.qt-project.org/105225,14,142,157,0,42560,271,20,7,18886.9447222222,308,,,,,OSX: Add initial FreeType support,"OSX: Add initial FreeType support  This permits text rendering consistent with other FreeType enabled platforms, like Windows and Linux.  Task-number: QTBUG-42839 Change-Id: I8c99bcaa3fb07c16e935a0c3705af467bc3da584 Reviewed-on: https://codereview.kdab.com/15343 Reviewed-by: Sergio Martins <sergio@kdab.com>"
151447,qt%2Fqtbase~dev~I3845704c59eb8fc401e9a650c54a9c934ed28c2e,https://codereview.qt-project.org/43718,11,142,105,0,13099,115,20,4,6359.09,419,,,,,QCompleter::setFilterMode() add property filterMode.,"QCompleter::setFilterMode() new functionality.  QCompleter::setFilterMode(QCompleter::Contains) will enable filtering out entries that contain typed characters in any place, instead of the default behavior when only those entries that start with typed characters are displayed. QCompleter::setFilterMode(QCompleter::StartsWith) will bring the default behavior back.  Change-Id: I3845704c59eb8fc401e9a650c54a9c934ed28c2e"
151447,qt%2Fqtbase~dev~I3845704c59eb8fc401e9a650c54a9c934ed28c2e,https://codereview.qt-project.org/43718,11,142,105,0,13099,115,20,4,6359.09,419,,,,,QCompleter::setFilterMode() add property filterMode.,"QCompleter::setFilterMode() new functionality.  QCompleter::setFilterMode(QCompleter::Contains) will enable filtering out entries that contain typed characters in any place, instead of the default behavior when only those entries that start with typed characters are displayed. QCompleter::setFilterMode(QCompleter::StartsWith) will bring the default behavior back.  Change-Id: I3845704c59eb8fc401e9a650c54a9c934ed28c2e"
237646,qt%2Fqtshadertools~dev~I662918029bf0218c4d0f5ac623fdc70ded114299,https://codereview.qt-project.org/290965,2,143,0,0,375430,2,12,1,197.673333333333,102,,,,,Update dependencies on 'dev' in qt/qtshadertools,Update dependencies on 'dev' in qt/qtshadertools  Change-Id: I662918029bf0218c4d0f5ac623fdc70ded114299
183232,qt%2Fqtbase~master~I7af22621ee6a3cefc723b137b7f227a611cf6641,https://codereview.qt-project.org/25925,10,143,194,0,36377,6577,39,57,2290.02722222222,164,,,,,Add Linux Accessibility Bridge,WIP: Add Linux Accessibility Bridge  This is a plugin that bridges the QAccessible world to AT-SPI 2 on Linux.  Change-Id: I7af22621ee6a3cefc723b137b7f227a611cf6641
200430,qt%2Fqtbase~master~Id74c40088b8c0b466fcd7c55abd616f69acc82c8,https://codereview.qt-project.org/10409,8,143,87,0,26028,469,29,7,1234.8625,148,,,,,Store the is-a QObject fact with the metatype declaration.,Add special QObject handling to QVariant.  This is work in progress. I'm looking for feedback.  Change-Id: Id74c40088b8c0b466fcd7c55abd616f69acc82c8
237646,qt%2Fqtshadertools~dev~I662918029bf0218c4d0f5ac623fdc70ded114299,https://codereview.qt-project.org/290965,2,143,0,0,375430,2,12,1,197.673333333333,102,,,,,Update dependencies on 'dev' in qt/qtshadertools,Update dependencies on 'dev' in qt/qtshadertools  Change-Id: I662918029bf0218c4d0f5ac623fdc70ded114299
251645,qt%2Fqtvirtualkeyboard~dev~Ifa54969ab4f61e1d48f11ca11058c836f2a403b8,https://codereview.qt-project.org/265600,6,144,26,0,91275,2683,34,30,2322.79444444444,628,,,,,Qt virtual keyboard wrapper for X11,"Qt virtual keyboard wrapper for X11  This application is a Qt virtual keyboard wrapper that uses Qt virtual keyboard for any X11 input. Application uses At-Spi2 library for listening focus-in events on text widgets and pops up the Qt virtual keyboard when an accepted focus-in event is received. There's also support for listening focus-in events from Chromium browser. For mapping and sending the key events to focused text widget the application uses libXtst, libX11, libxdo and libxcb-xtest0, which are also external dependencies to the application among At-Spi2 library.  Change-Id: Ifa54969ab4f61e1d48f11ca11058c836f2a403b8"
263846,qt%2Fqtbase~dev~Iac5f44c4063c4092b93b8cf2bde3fb2c524855b3,https://codereview.qt-project.org/255898,6,144,63,0,15209,409,38,3,1587.51027777778,380,,,,,Introduce QNetworkConnection/Status/Monitor,"WIP: Introduce QNetConManager and QNetworkStatus  Private classes to replace broken/not working at all 'session management' and 'bearer manager' (on at least two major platforms we support). This implementation is macOS/iOS specific and uses SystemConfiguration framework, or more precisely SCNetworkReachability's part of it.  Change-Id: Iac5f44c4063c4092b93b8cf2bde3fb2c524855b3"
61770,qt%2Fqtwebengine~5.9~I923fa188690a04902492317807f72f006bcab9c6,https://codereview.qt-project.org/181565,8,144,40,0,195550,384,32,34,1296.915,158,,,,,Simple adaptations to Chromium 55,WIP: Simple adaptations to Chromium 55  The simplest adaptations to API and build changes in Chromium 55  Change-Id: I923fa188690a04902492317807f72f006bcab9c6
263846,qt%2Fqtbase~dev~Iac5f44c4063c4092b93b8cf2bde3fb2c524855b3,https://codereview.qt-project.org/255898,6,144,63,0,15209,409,38,3,1587.51027777778,380,,,,,Introduce QNetworkConnection/Status/Monitor,"WIP: Introduce QNetConManager and QNetworkStatus  Private classes to replace broken/not working at all 'session management' and 'bearer manager' (on at least two major platforms we support). This implementation is macOS/iOS specific and uses SystemConfiguration framework, or more precisely SCNetworkReachability's part of it.  Change-Id: Iac5f44c4063c4092b93b8cf2bde3fb2c524855b3"
250712,qt%2Fqtdeclarative~5.15~I841c65c9c131354788b4f3fcfe3d7ed27be316d5,https://codereview.qt-project.org/273716,11,145,14,0,600857,0,27,0,541.23,106,,,,,Merge remote-tracking branch 'origin/5.14' into 5.15,Merge remote-tracking branch 'origin/5.14' into 5.15  Change-Id: I841c65c9c131354788b4f3fcfe3d7ed27be316d5
74433,qt%2Fqt5~dev~I4e7a32798c5b37f63776f8c8ee5e21e9d198895f,https://codereview.qt-project.org/168257,8,145,0,0,437833,6,23,3,492.292777777778,87,,,,,Update submodules on 'dev' in qt5,Update submodules on 'dev' in qt5  Change-Id: I4e7a32798c5b37f63776f8c8ee5e21e9d198895f
250712,qt%2Fqtdeclarative~5.15~I841c65c9c131354788b4f3fcfe3d7ed27be316d5,https://codereview.qt-project.org/273716,11,145,14,0,600857,0,27,0,541.23,106,,,,,Merge remote-tracking branch 'origin/5.14' into 5.15,Merge remote-tracking branch 'origin/5.14' into 5.15  Change-Id: I841c65c9c131354788b4f3fcfe3d7ed27be316d5
250712,qt%2Fqtdeclarative~5.15~I841c65c9c131354788b4f3fcfe3d7ed27be316d5,https://codereview.qt-project.org/273716,11,145,14,0,600857,0,27,0,541.23,106,,,,,Merge remote-tracking branch 'origin/5.14' into 5.15,Merge remote-tracking branch 'origin/5.14' into 5.15  Change-Id: I841c65c9c131354788b4f3fcfe3d7ed27be316d5
150660,qt-creator%2Fqt-creator~master~I549b1ed64e4c9f6955f60d00efb12950a3259f81,https://codereview.qt-project.org/62944,9,146,95,0,19809,356,32,6,1166.15277777778,191,,,,,CppEditor: introduce include hierarchy,WIP: CppEditor: introduce include hierarchy  Based on type hierarchy.  First version fill only 'Includes'. TODO: implements 'Included by'  Change-Id: I549b1ed64e4c9f6955f60d00efb12950a3259f81
75232,qt%2Fqtwebengine~5.8~I559ca59264750feb36ba7d3dba0bf0647509306d,https://codereview.qt-project.org/162263,12,146,449,0,117687,1145,38,18,1904.50111111111,80,,,,,Add dialog requests to qml api,WIP: Add webevents qml api  Change-Id: I559ca59264750feb36ba7d3dba0bf0647509306d
248629,qt%2Fqtquickcontrols2~dev~I6b20b3b8d80fd11344253d2f5f20c17a62baedab,https://codereview.qt-project.org/277279,2,146,0,0,979693,4,12,1,269.356388888889,105,,,,,Update dependencies on 'dev' in qt/qtquickcontrols2,Update dependencies on 'dev' in qt/qtquickcontrols2  Change-Id: I6b20b3b8d80fd11344253d2f5f20c17a62baedab
89138,qt%2Fqtlocation~5.7~I3c8160d0295e8dda2f7001e8fec68a5200ea2172,https://codereview.qt-project.org/147918,8,146,93,0,54162,79,41,6,728.398888888889,532,,,,,Adjustment for the minimum zoom level to prevent gray bands,"Fix for QtLocation map element minimum zoom level to prevent gray bands  This patch introduces a bound for the minimum zoom level of a map element so that it becomes canvas size dependent, and it will also prevent the map from being smaller than the canvas size in either dimension, avoiding gray bands.  It also bounds the center of the map so that the map cannot be panned or flicked out of bounds.  Finally, it contains a few unrelated refactorings, mostly improving clarity.  Change-Id: I3c8160d0295e8dda2f7001e8fec68a5200ea2172"
221049,qt%2Fqtbase~dev~Icdb301b27d6699c2b842c4563fbef9df73c23cbc,https://codereview.qt-project.org/309535,6,147,82,31,491829,221,22,24,522.543888888889,104,,,,,Use OpenType font weights,Use OpenType font weights  Task-number: QTBUG-42248 Change-Id: Icdb301b27d6699c2b842c4563fbef9df73c23cbc
92483,qt%2Fqtdeclarative~dev~I6bac813ce188be54842a78d7b532fcf2d54dc443,https://codereview.qt-project.org/43540,9,147,153,0,63569,170,26,3,26985.4169444444,331,,,,,Add qml tool,"Add qml tool  This tool simply runs QML files using a QQmlApplicationEngine. Unlike qmlscene it does not require a QtQuick 2 root item. It is also intended to be used for deployment, not debugging, which is why it has such a different set of command line arguments to qmlscene.  Change-Id: I6bac813ce188be54842a78d7b532fcf2d54dc443"
221233,qt%2Fqtquickcontrols2~dev~I0b92cdd44c42c19b1c82e7b9a7959b86ac26c6e2,https://codereview.qt-project.org/295294,4,147,66,1,44418,12,66,6,3667.67555555556,334,,,,,"Remove "".2"" from TARGETPATH, resource prefixes, etc.","WIP: Remove "".2"" from TARGETPATH, resource prefixes, etc.  Qt Quick Controls 1 will be removed in Qt 6, so now we can have the simplified path for ourselves.  Having the .2 in the path causes issues for importing now that the version is being bumped to 6.  Task-number: QTBUG-82922 Change-Id: I0b92cdd44c42c19b1c82e7b9a7959b86ac26c6e2"
126559,qt%2Fqtbase~5.4~I4d9454fc37e9050873df3857e52369dfc7f191b2,https://codereview.qt-project.org/78022,12,147,22,0,10203,22,18,2,4526.10472222222,355,,,,,Make HarfBuzz-NG the default shaper on all platforms,"Make HarBuzz-NG the default shaper on all platforms  [ChangeLog][Important Behavior Changes][Text Shaping] HarBuzz-NG is now the default shaper on all platforms. This introduces a better shaping results for various languages, better performance, and lower memory consumption.  Task-number: QTBUG-18980  Change-Id: I4d9454fc37e9050873df3857e52369dfc7f191b2"
261402,qt%2Fqtbase~dev~Id97df15863e8499d879079b0df705c78c04ca521,https://codereview.qt-project.org/153214,4,148,5,0,4651,4,66,1,28425.5625,84,,,,,Pass the include paths to qdoc,Pass the include paths to qdoc  Change-Id: Id97df15863e8499d879079b0df705c78c04ca521
232015,qt%2Fqtwayland~dev~Ib364b851a1fa828c153efbf8653c9e4ef5e618cd,https://codereview.qt-project.org/289786,11,148,19,1,248793,0,28,0,1954.32777777778,105,,,,,Merge remote-tracking branch 'origin/5.15' into dev,Merge remote-tracking branch 'origin/5.15' into dev  Change-Id: Ib364b851a1fa828c153efbf8653c9e4ef5e618cd
273420,qt%2Fqtcoap~dev~I31e0e20a4f19bdc6d6489281fde73a4ff848eda4,https://codereview.qt-project.org/201311,17,148,1138,0,13142,5935,29,53,12021.2047222222,507,,,,,"Add the CoAP module, providing a client for Qt",QtCoap module  This is a new module allowing the use of the CoAP protocol with Qt. Implemented features : - Send GET/POST/PUT/DELETE requests - Discover resources - Observe resources and cancel the observation - Blockwise requests and replies Requests (and replies) can be confirmable or non-confirmable. Some options can be added to the request. Replies can be received in a separate or piggybacked message. Lost confirmable messages are retransmitted.  Change-Id: I31e0e20a4f19bdc6d6489281fde73a4ff848eda4
235961,qt%2Fqtbase~dev~Idf9b93e714e15129f302e16425dbeda94bcd207b,https://codereview.qt-project.org/193286,8,148,72,4,136691,699,40,6,25193.9952777778,73,,,,,Introduce helper class QTaggedPointer,WIP: QTaggedPointer  Change-Id: Idf9b93e714e15129f302e16425dbeda94bcd207b
221228,qt%2Fqtquickcontrols2~dev~If51c8232d7a8b12f6d1f988cc7ce2d8edca1e467,https://codereview.qt-project.org/297024,4,149,0,0,39862,345,72,5,3213.78555555556,187,,,,,List publicly registered QML files in the qmldir for each style,List publicly registered QML files in the qmldir for each style  This is required in order to move away from imperative registration.  Change-Id: If51c8232d7a8b12f6d1f988cc7ce2d8edca1e467
97066,qt%2Fqtbase~5.15~Ic43d6bc4c5bcb4040867b2ffad8d36fb01eed8af,https://codereview.qt-project.org/294902,7,149,94,14,76776,90,23,18,7898.80972222222,629,,,,,"Introduce QSocketNotifier::activate(QSocketDescriptor, QSN::Type)","Make QSocketNotifier::activate pass a qintptr  The descriptor gets truncated on 64-bit OSes otherwise.  The old overload with int is visible when querying the metaobject system so string-based connects still work as before, and it will produce a warning in the output. At the same time the PMF-based connect will, on recompile, pick the qintptr overload.  In this same patch I also update the existing string-based connects in this module, which then includes updating the parameters for some slots as well.  Thanks to Giuseppe D'Angelo for the idea!  Task-number: QTBUG-70441 Change-Id: Ic43d6bc4c5bcb4040867b2ffad8d36fb01eed8af"
225429,qt%2Fqtbase~dev~If48f3e4b142c322d3451309d6d1cf68aee569ea2,https://codereview.qt-project.org/281778,8,149,5,1,391486,20,44,4,5486.15666666667,216,,,,,Move the reallocate() method from QArrayDataPointer to the Ops class,"Move the reallocate() method from QArrayDataPointer to the Ops class  And only implement it for QPodArrayOps, as that's the only case where we should be using it.  Change-Id: If48f3e4b142c322d3451309d6d1cf68aee569ea2"
144997,qt%2Fqtserialport~stable~I478905e8ae4b79b7d967e0727d2e1620ad667177,https://codereview.qt-project.org/69663,4,149,82,0,8612,65,22,1,747.372222222222,122,,,,,Add the additional enumeration through Device Interface Class GUID,Move the vendor/product identifier parsers to the separate functions  Change-Id: I478905e8ae4b79b7d967e0727d2e1620ad667177
228098,qt%2Fqtbase~dev~Ice09c11436ad151c17bdccd2c7defadd08c13925,https://codereview.qt-project.org/301971,12,150,95,5,450679,1587,24,55,254.441944444444,71,,,,,Remove winrt,WIP: Remove winrt  Change-Id: Ice09c11436ad151c17bdccd2c7defadd08c13925
235998,installer-framework%2Finstaller-framework~master~Ifd6ef236400cf449278e48ccc14ffd8fc4d8b2a8,https://codereview.qt-project.org/267387,6,150,190,0,44375,28,67,1,6072.34472222222,96,,,,,Initial version of module_config.yaml,wip: initial version of module_config.yaml  Change-Id: Ifd6ef236400cf449278e48ccc14ffd8fc4d8b2a8
78926,qt%2Fqtdeclarative~wip%2Fpointerhandler~Iacb42d41889a9a8634d57331ec6cc65c6b36f71f,https://codereview.qt-project.org/113671,9,150,40,0,6180,53,64,1,9600.2725,81,,,,,add QQuickPointerEvent and QQuickPointerDevice,WIP: add QQuickPointerEvent  Change-Id: Iacb42d41889a9a8634d57331ec6cc65c6b36f71f
235998,installer-framework%2Finstaller-framework~master~Ifd6ef236400cf449278e48ccc14ffd8fc4d8b2a8,https://codereview.qt-project.org/267387,6,150,190,0,44375,28,67,1,6072.34472222222,96,,,,,Initial version of module_config.yaml,wip: initial version of module_config.yaml  Change-Id: Ifd6ef236400cf449278e48ccc14ffd8fc4d8b2a8
14989,qt%2Fqtbase~5.5~I8e7432fe99a44d0ae3d75c3cc8226e3de006d125,https://codereview.qt-project.org/109489,10,151,56,0,12138,396,26,5,1461.86861111111,511,,,,,xcb: Use XIGrabDevice instead of xcb_grab_pointer with XI 2.2,WIP: xcb: Use XIGrabDevice instead of xcb_grab_pointer with XI 2.2  Switch to using the pointer events from XI2 when touch is available (i.e. version is >= 2.2). This allows us to select and grab the button and motion events together with the Touch ones. This prevents the issue of not getting touch events when grabbing via the plain xcb functions.  Done-with: Michal Klocek <michal.klocek@theqtcompany.com Task-number: QTBUG-45054 Task-number: QTBUG-30417  Change-Id: I8e7432fe99a44d0ae3d75c3cc8226e3de006d125
266375,qt%2Fqtbase~dev~I0d6211554b6198cb3e527be9ec3adc572b1b54ee,https://codereview.qt-project.org/216497,15,151,117,0,196456,18,16,1,10807.2075,1869,,,,,"Optimize QTimer::singleShot(0, ...) when taking PMF or Functor callable","Optimize QTimer::singleShot(0, ...) when taking PMF or Functor callable  QTimer::singleShot is optimized for zero timeouts when using the API taking a string method name. This optimization was not used for the API taking a PMF or functor. This patch adds it, making the various API calls behave similarly from a performance point of view:  ********* Start testing of qtimer_vs_qmetaobject ********* Config: Using QtTest library 5.11.0, Qt 5.11.0 (x86_64-little_endian-lp64 shared (dynamic) release build; by GCC 7.2.1 20171224) PASS   : qtimer_vs_qmetaobject::initTestCase() PASS   : qtimer_vs_qmetaobject::bench(singleShot_slot) RESULT : qtimer_vs_qmetaobject::bench():""singleShot_slot"":      5.30 msecs per iteration (total: 531, iterations: 100) PASS   : qtimer_vs_qmetaobject::bench(singleShot_pmf) RESULT : qtimer_vs_qmetaobject::bench():""singleShot_pmf"":      5.33 msecs per iteration (total: 533, iterations: 100) PASS   : qtimer_vs_qmetaobject::bench(singleShot_functor) RESULT : qtimer_vs_qmetaobject::bench():""singleShot_functor"":      4.84 msecs per iteration (total: 485, iterations: 100) PASS   : qtimer_vs_qmetaobject::bench(invokeMethod_string) RESULT : qtimer_vs_qmetaobject::bench():""invokeMethod_string"":      5.19 msecs per iteration (total: 519, iterations: 100) PASS   : qtimer_vs_qmetaobject::bench(invokeMethod_pmf) RESULT : qtimer_vs_qmetaobject::bench():""invokeMethod_pmf"":      5.48 msecs per iteration (total: 548, iterations: 100) PASS   : qtimer_vs_qmetaobject::bench(invokeMethod_functor) RESULT : qtimer_vs_qmetaobject::bench():""invokeMethod_functor"":      4.70 msecs per iteration (total: 470, iterations: 100) PASS   : qtimer_vs_qmetaobject::cleanupTestCase() Totals: 8 passed, 0 failed, 0 skipped, 0 blacklisted, 6219ms ********* Finished testing of qtimer_vs_qmetaobject *********  Change-Id: I0d6211554b6198cb3e527be9ec3adc572b1b54ee"
14989,qt%2Fqtbase~5.5~I8e7432fe99a44d0ae3d75c3cc8226e3de006d125,https://codereview.qt-project.org/109489,10,151,56,0,12138,396,26,5,1461.86861111111,511,,,,,xcb: Use XIGrabDevice instead of xcb_grab_pointer with XI 2.2,WIP: xcb: Use XIGrabDevice instead of xcb_grab_pointer with XI 2.2  Switch to using the pointer events from XI2 when touch is available (i.e. version is >= 2.2). This allows us to select and grab the button and motion events together with the Touch ones. This prevents the issue of not getting touch events when grabbing via the plain xcb functions.  Done-with: Michal Klocek <michal.klocek@theqtcompany.com Task-number: QTBUG-45054 Task-number: QTBUG-30417  Change-Id: I8e7432fe99a44d0ae3d75c3cc8226e3de006d125
14989,qt%2Fqtbase~5.5~I8e7432fe99a44d0ae3d75c3cc8226e3de006d125,https://codereview.qt-project.org/109489,10,151,56,0,12138,396,26,5,1461.86861111111,511,,,,,xcb: Use XIGrabDevice instead of xcb_grab_pointer with XI 2.2,WIP: xcb: Use XIGrabDevice instead of xcb_grab_pointer with XI 2.2  Switch to using the pointer events from XI2 when touch is available (i.e. version is >= 2.2). This allows us to select and grab the button and motion events together with the Touch ones. This prevents the issue of not getting touch events when grabbing via the plain xcb functions.  Done-with: Michal Klocek <michal.klocek@theqtcompany.com Task-number: QTBUG-45054 Task-number: QTBUG-30417  Change-Id: I8e7432fe99a44d0ae3d75c3cc8226e3de006d125
127771,qt%2Fqtbase~dev~Ibf7f82fea99b39edfffd2fc088e7e0eadbca25cf,https://codereview.qt-project.org/87957,12,152,32,0,25256,255,42,6,1016.60944444444,109,,,,,Make QOpenGLWidget public,WIP: Make QOpenGLWidget public  Absolutely WIP for now.  Change-Id: Ibf7f82fea99b39edfffd2fc088e7e0eadbca25cf
264068,qt%2Fqtbase~dev~Ic09935f84640a716467fa3a9ed1e73c02daf3675,https://codereview.qt-project.org/234095,14,152,112,0,45465,3233,28,29,7512.70027777778,87,,,,,Long live QColorSpace and friends,Long live QColorSpace and friends  Change-Id: Ic09935f84640a716467fa3a9ed1e73c02daf3675
41037,qt%2Fqtdeclarative~dev~I5e1553611cb92b033247ada715cea48c962395bc,https://codereview.qt-project.org/315114,11,152,39,7,57267,24,55,3,6100.50611111111,109,,,,,QQuickItem: Make x/y/width/height bindable,WIP: Make QQuickItem::x/y bindable (using compat class)  Change-Id: I5e1553611cb92b033247ada715cea48c962395bc
264068,qt%2Fqtbase~dev~Ic09935f84640a716467fa3a9ed1e73c02daf3675,https://codereview.qt-project.org/234095,14,152,112,0,45465,3233,28,29,7512.70027777778,87,,,,,Long live QColorSpace and friends,Long live QColorSpace and friends  Change-Id: Ic09935f84640a716467fa3a9ed1e73c02daf3675
233465,qt%2Fqtbase~dev~Iecf742c5e5bd4716e2d17394770e992024c5bdbb,https://codereview.qt-project.org/288576,7,153,12,0,400276,1053,31,1,1686.51055555556,100,,,,,Fix the documentation for QHash and QMultiHash,Fix the documentation for QHash and QMultiHash  Change-Id: Iecf742c5e5bd4716e2d17394770e992024c5bdbb
269388,qt-extensions%2Fqthttpserver~master~I71728a6e89841640e77c50a05cf59f34d697f897,https://codereview.qt-project.org/251471,7,153,70,0,101009,1,43,1,690.388333333333,503,,,,,Fix several build issues and fix the unit tests,"Fix compilation error  Fixes: qhttpserverrouter.cpp:50:1: error: C++ requires a type specifier for all declarations Q_LOGGING_CATEGORY(lcRouter, ""qt.httpserver.router"") ^ qhttpserverrouter.cpp:50:20: error: use of undeclared identifier 'lcRouter' Q_LOGGING_CATEGORY(lcRouter, ""qt.httpserver.router"")                    ^ qhttpserverrouter.cpp:50:53: error: expected ';' after top level declarator Q_LOGGING_CATEGORY(lcRouter, ""qt.httpserver.router"")  Change-Id: I71728a6e89841640e77c50a05cf59f34d697f897"
60117,qt%2Fqtquickcontrols2~dev~I3b5e4eaac390543deef60883e13539646a6bb060,https://codereview.qt-project.org/179411,3,153,63,0,167435,57,56,4,2518.36166666667,117,,,,,AbstractButton: add support for icons,WIP: AbstractButton: add icon property  Task-number: QTBUG-49820 Change-Id: I3b5e4eaac390543deef60883e13539646a6bb060
269388,qt-extensions%2Fqthttpserver~master~I71728a6e89841640e77c50a05cf59f34d697f897,https://codereview.qt-project.org/251471,7,153,70,0,101009,1,43,1,690.388333333333,503,,,,,Fix several build issues and fix the unit tests,"Fix compilation error  Fixes: qhttpserverrouter.cpp:50:1: error: C++ requires a type specifier for all declarations Q_LOGGING_CATEGORY(lcRouter, ""qt.httpserver.router"") ^ qhttpserverrouter.cpp:50:20: error: use of undeclared identifier 'lcRouter' Q_LOGGING_CATEGORY(lcRouter, ""qt.httpserver.router"")                    ^ qhttpserverrouter.cpp:50:53: error: expected ';' after top level declarator Q_LOGGING_CATEGORY(lcRouter, ""qt.httpserver.router"")  Change-Id: I71728a6e89841640e77c50a05cf59f34d697f897"
44580,pyside%2Fpyside-setup~5.6~I4f406cf72d25fdd2336814f6f20129079b8be54f,https://codereview.qt-project.org/209638,8,154,55,0,28435,16061,31,5,542.971388888889,242,,,,,Create a function existence registry,"WIP: Create a function registry  With the signature module, it is now a straight forward task to generate a registry of all known function signatures. We check that these signatures exist.  Change-Id: I4f406cf72d25fdd2336814f6f20129079b8be54f"
252006,qt%2Fqttools~dev~I7297f5894ba7aee669865b0e89aaa298b311e07e,https://codereview.qt-project.org/267398,6,154,156,7,11963,512,55,5,1754.79111111111,813,,,,,lupdate: check for clang in environment,"Add retrieve of clang environment  Preliminary version, needed to be able to add clang related code  At the configuration level, a configure.json and a configure.pri are read Those files are adapted from their qdoc version They locate the clang libraries, check for the version For the moment it works for linux (ubuntu 16.04 and clang 9.0.0) TODOs: 	Adapt functionaly for Windows and Mac 	Add function to check the libraries 	Adapt the requested minimum clang version (probably) 	Clean up (probably)  At the .pro level clang libraries are added to the lib path and if the clang environment has been judged satisfactory QT_WITH_CLANG_AROUND is defined  The -pclang option, to trigger the parsing with clang, is only possible if QT_WITH_CLANG_AROUND is defined  Change-Id: I7297f5894ba7aee669865b0e89aaa298b311e07e"
44580,pyside%2Fpyside-setup~5.6~I4f406cf72d25fdd2336814f6f20129079b8be54f,https://codereview.qt-project.org/209638,8,154,55,0,28435,16061,31,5,542.971388888889,242,,,,,Create a function existence registry,"WIP: Create a function registry  With the signature module, it is now a straight forward task to generate a registry of all known function signatures. We check that these signatures exist.  Change-Id: I4f406cf72d25fdd2336814f6f20129079b8be54f"
44580,pyside%2Fpyside-setup~5.6~I4f406cf72d25fdd2336814f6f20129079b8be54f,https://codereview.qt-project.org/209638,8,154,55,0,28435,16061,31,5,542.971388888889,242,,,,,Create a function existence registry,"WIP: Create a function registry  With the signature module, it is now a straight forward task to generate a registry of all known function signatures. We check that these signatures exist.  Change-Id: I4f406cf72d25fdd2336814f6f20129079b8be54f"
115423,qt%2Fqtmultimedia~dev~Ice1483f8c2daec5a43536978627a7bbb64549480,https://codereview.qt-project.org/103180,9,155,115,0,8255,1849,52,40,625.711111111111,561,,,,,Add video filtering support to VideoOutput,WIP: Introduce the video filtering elements  Add the VideoFilter element and related backend interfaces that can be used to create plugins that perform arbitrary filtering or image processing on the frames of a video stream received by a VideoOutput element regardless of the source.  This opens up the possibility to integrate computer vision frameworks or accelerated image processing with applications using Qt Quick 2 and Qt Multimedia.  Change-Id: Ice1483f8c2daec5a43536978627a7bbb64549480 TODO: tests TODO: maybe add an accelerated video example for ANGLE
276156,qt%2Fqt5~dev~I9b3e3a378451e0bdfc7dc5c7b75ee035faf8994c,https://codereview.qt-project.org/202904,12,155,16,0,100067,198,27,6,10690.3425,203,,,,,Provisioning: Move Android toolchain and config to win10,Provisioning: Install Android SDK and NDK to win10  Installing Android toolchains and ssl headers to win10 template also.  Task-number: QTQAINFRA-1266 Change-Id: I9b3e3a378451e0bdfc7dc5c7b75ee035faf8994c
115423,qt%2Fqtmultimedia~dev~Ice1483f8c2daec5a43536978627a7bbb64549480,https://codereview.qt-project.org/103180,9,155,115,0,8255,1849,52,40,625.711111111111,561,,,,,Add video filtering support to VideoOutput,WIP: Introduce the video filtering elements  Add the VideoFilter element and related backend interfaces that can be used to create plugins that perform arbitrary filtering or image processing on the frames of a video stream received by a VideoOutput element regardless of the source.  This opens up the possibility to integrate computer vision frameworks or accelerated image processing with applications using Qt Quick 2 and Qt Multimedia.  Change-Id: Ice1483f8c2daec5a43536978627a7bbb64549480 TODO: tests TODO: maybe add an accelerated video example for ANGLE
115423,qt%2Fqtmultimedia~dev~Ice1483f8c2daec5a43536978627a7bbb64549480,https://codereview.qt-project.org/103180,9,155,115,0,8255,1849,52,40,625.711111111111,561,,,,,Add video filtering support to VideoOutput,WIP: Introduce the video filtering elements  Add the VideoFilter element and related backend interfaces that can be used to create plugins that perform arbitrary filtering or image processing on the frames of a video stream received by a VideoOutput element regardless of the source.  This opens up the possibility to integrate computer vision frameworks or accelerated image processing with applications using Qt Quick 2 and Qt Multimedia.  Change-Id: Ice1483f8c2daec5a43536978627a7bbb64549480 TODO: tests TODO: maybe add an accelerated video example for ANGLE
165088,qt-creator%2Fqt-creator~master~Ic47a5a1833650e31b4e27d0a01259d6b398a6415,https://codereview.qt-project.org/37157,7,156,128,0,11975,41,33,1,4198.22666666667,163,,,,,Editor: Added Dialog for read only files.,Editor: Added Dialog for read only files  when trying to replace text in them.  Task-number: QTCREATORBUG-2851 Change-Id: Ic47a5a1833650e31b4e27d0a01259d6b398a6415
277598,pyside%2Fpyside-setup~dev~I0336043955624c1d12ed254802c442608cced5fb,https://codereview.qt-project.org/235002,7,156,262,0,17812,913,65,15,2010.69083333333,138,,,,,Allow building shiboken2 and PySide2 as separate wheels,WIP: Allow building shiboken2 and PySide2 as separate wheels  Task-nubmer: PYSIDE-749 Change-Id: I0336043955624c1d12ed254802c442608cced5fb
6434,qt%2Fqt5~5.12~Ied3823caed5dc69a8ed8e87c6e836e35a61b1c2b,https://codereview.qt-project.org/286341,2,156,20,2,8139,15,75,1,7733.51277777778,70,,,,,wip: ifw configs,wip: ifw configs  Change-Id: Ied3823caed5dc69a8ed8e87c6e836e35a61b1c2b
165088,qt-creator%2Fqt-creator~master~Ic47a5a1833650e31b4e27d0a01259d6b398a6415,https://codereview.qt-project.org/37157,7,156,128,0,11975,41,33,1,4198.22666666667,163,,,,,Editor: Added Dialog for read only files.,Editor: Added Dialog for read only files  when trying to replace text in them.  Task-number: QTCREATORBUG-2851 Change-Id: Ic47a5a1833650e31b4e27d0a01259d6b398a6415
233463,qt%2Fqtbase~dev~I4372125252486075ff3a0b45ecfa818359fe103b,https://codereview.qt-project.org/288769,7,157,4,4,367202,618,33,128,1663.70388888889,197,,,,,Change qHash() to work with size_t instead of uint,"Change qHash() to work with size_t instead of uint  This is required, so that QHash and QSet can hold more than 2^32 items on 64 bit platforms.  Change-Id: I4372125252486075ff3a0b45ecfa818359fe103b"
258122,qt%2Fqtdeclarative~dev~I7822e99ad79e342e4166275da6e9e66498d76521,https://codereview.qt-project.org/259447,9,157,688,1,89007,14771,65,235,1730.64666666667,176,,,,,Add the graphics api independent scenegraph port,Import the graphics api independent scenegraph port  ...from the dev_merge branch of git@git.qt.io:laagocs/qtgreyhound.git  Change-Id: I7822e99ad79e342e4166275da6e9e66498d76521
43461,qt%2Fqtbase~5.10~I0a103569c81b4711a649fffd14ec8cd3469425df,https://codereview.qt-project.org/208442,11,157,200,0,53032,1084,21,4,1317.75444444444,106,,,,,Change QRandomGenerator to have a deterministic mode,Change QRandomGenerator to have a deterministic mode  Change-Id: I0a103569c81b4711a649fffd14ec8cd3469425df
233463,qt%2Fqtbase~dev~I4372125252486075ff3a0b45ecfa818359fe103b,https://codereview.qt-project.org/288769,7,157,4,4,367202,618,33,128,1663.70388888889,197,,,,,Change qHash() to work with size_t instead of uint,"Change qHash() to work with size_t instead of uint  This is required, so that QHash and QSet can hold more than 2^32 items on 64 bit platforms.  Change-Id: I4372125252486075ff3a0b45ecfa818359fe103b"
278441,qt-extensions%2Fqthttpserver~master~Ic95db2c50224a650a02b206faca9a0ff8d1cc62b,https://codereview.qt-project.org/223055,8,158,204,0,5087,592,40,4,4725.72222222222,161,,,,,Introduce QHttpServerResponder,Introduce QHttpServerResponse  It encapsulates the socket and gives an API to answer the received requests.  Change-Id: Ic95db2c50224a650a02b206faca9a0ff8d1cc62b
283695,qt%2Fqtopcua~dev~Ic2ff78077a3834d5f94a19585e13feaa706cf8ea,https://codereview.qt-project.org/219368,8,158,210,0,6415,109,52,9,3528.70555555556,550,,,,,Add event support,"WIP: Add event support for open62541  This patch adds basic support for events to Qt OpcUa. Event fields are selected by passing a QStringList of event field names as filter in QOpcUaMonitoringParameters, e. g. ""Message"", ""SourceNode"".  Freeopcua does not support deserialization of the EventFilterResult structure, the support for events is open62541 only for now.  The test server does not support events, so there is no test case. This patch has been tested using the Prosys simulation server.  Change-Id: Ic2ff78077a3834d5f94a19585e13feaa706cf8ea"
228538,qt%2Fqtbase~dev~I7a7a02e9175cdd3887778f29f2f91933329be759,https://codereview.qt-project.org/262583,8,158,257,50,75308,919,29,7,9075.25805555556,837,,,,,Long live QStringTokenizer!,"WIP: Long live QStringTokenizer!  This class is designed as the return value of QStringView::split(). It is a container whose sole purpose is to provide begin()/end() members in order to allow a C++11 ranged for loop to iterate it.  Unlike QString::split(), QStringTokenizer acts as a generator of parts, and thus is more similar to a hand-coded loop around indexOf() than split(), which returns a container (the filling of which allocates memory).  TODO: - documentation - QLatin1String haystack support - Optimize QLatin1String needles (avoid repeated L1->UTF16 conversion) - inline next() (when we have qIndexOf) and try to tune it to produce   the same assembly as a loop around indexOf() - Keep per-instantiation state:   * UTF-16 decoding for QL1S needles   * Boyer-Moore table  Change-Id: I7a7a02e9175cdd3887778f29f2f91933329be759"
283695,qt%2Fqtopcua~dev~Ic2ff78077a3834d5f94a19585e13feaa706cf8ea,https://codereview.qt-project.org/219368,8,158,210,0,6415,109,52,9,3528.70555555556,550,,,,,Add event support,"WIP: Add event support for open62541  This patch adds basic support for events to Qt OpcUa. Event fields are selected by passing a QStringList of event field names as filter in QOpcUaMonitoringParameters, e. g. ""Message"", ""SourceNode"".  Freeopcua does not support deserialization of the EventFilterResult structure, the support for events is open62541 only for now.  The test server does not support events, so there is no test case. This patch has been tested using the Prosys simulation server.  Change-Id: Ic2ff78077a3834d5f94a19585e13feaa706cf8ea"
95231,qt%2Fqt5~5.6~Id124a31338548d9a76baa908b281b3bb6ede168a,https://codereview.qt-project.org/141477,9,159,0,0,460303,34,8,17,276.313055555556,73,,,,,Updated submodules.,Updated submodules.  Change-Id: Id124a31338548d9a76baa908b281b3bb6ede168a
226420,qt%2Fqtdeclarative~dev~I769ad245ae463f761bd417cfdb272950ac944c7c,https://codereview.qt-project.org/304686,5,159,0,0,395948,4,12,1,158.206666666667,102,,,,,Update dependencies on 'dev' in qt/qtdeclarative,Update dependencies on 'dev' in qt/qtdeclarative  Change-Id: I769ad245ae463f761bd417cfdb272950ac944c7c
95231,qt%2Fqt5~5.6~Id124a31338548d9a76baa908b281b3bb6ede168a,https://codereview.qt-project.org/141477,9,159,0,0,460303,34,8,17,276.313055555556,73,,,,,Updated submodules.,Updated submodules.  Change-Id: Id124a31338548d9a76baa908b281b3bb6ede168a
95231,qt%2Fqt5~5.6~Id124a31338548d9a76baa908b281b3bb6ede168a,https://codereview.qt-project.org/141477,9,159,0,0,460303,34,8,17,276.313055555556,73,,,,,Updated submodules.,Updated submodules.  Change-Id: Id124a31338548d9a76baa908b281b3bb6ede168a
247697,qt%2Fqt5~5.15~I0afddd8ede21a9693d9630f8d4ac848dc4d8b091,https://codereview.qt-project.org/277080,10,160,0,0,604854,6,24,3,564.469166666667,91,,,,,Update submodules on '5.15' in qt/qt5,Update submodules on '5.15' in qt/qt5  Change-Id: I0afddd8ede21a9693d9630f8d4ac848dc4d8b091
247697,qt%2Fqt5~5.15~I0afddd8ede21a9693d9630f8d4ac848dc4d8b091,https://codereview.qt-project.org/277080,10,160,0,0,604854,6,24,3,564.469166666667,91,,,,,Update submodules on '5.15' in qt/qt5,Update submodules on '5.15' in qt/qt5  Change-Id: I0afddd8ede21a9693d9630f8d4ac848dc4d8b091
247697,qt%2Fqt5~5.15~I0afddd8ede21a9693d9630f8d4ac848dc4d8b091,https://codereview.qt-project.org/277080,10,160,0,0,604854,6,24,3,564.469166666667,91,,,,,Update submodules on '5.15' in qt/qt5,Update submodules on '5.15' in qt/qt5  Change-Id: I0afddd8ede21a9693d9630f8d4ac848dc4d8b091
247697,qt%2Fqt5~5.15~I0afddd8ede21a9693d9630f8d4ac848dc4d8b091,https://codereview.qt-project.org/277080,10,160,0,0,604854,6,24,3,564.469166666667,91,,,,,Update submodules on '5.15' in qt/qt5,Update submodules on '5.15' in qt/qt5  Change-Id: I0afddd8ede21a9693d9630f8d4ac848dc4d8b091
263305,qbs%2Fqbs~1.19~I320cd1a1f3d8a1eed11d1c70007214f19a109b6e,https://codereview.qt-project.org/341232,6,161,85,4,93958,463,28,12,599.664166666667,128,,,,,codesign: Long live `signtool` signing on Windows,WIP codesign: Long live `signtool` signing on Windows using MSVC toolchain  Change-Id: I320cd1a1f3d8a1eed11d1c70007214f19a109b6e
272240,qt%2Fqtbase~5.12~I9738d7d0187c36d4a5ddfcd3fd075b0bd84583c4,https://codereview.qt-project.org/238902,10,161,2,0,763570,16,17,2,3192.25583333333,827,,,,,qWaitFor: Prevent being stuck in QCoreApplication::processEvents,"qWaitFor: Prevent being stuck in QCoreApplication::processEvents  When using the overload of QCoreApplication::processEvents that takes a maxtime argument, the function will keep processing events until there are no more events, or until it times out.  The problem is that the function doesn't distinguish between events that were on the event queue when the function was called, and events generated by processing events as part of its own execution. If for example a widget calls update() in its paintEvent, the function will spin for the entire duration of maxtime.  That doesn't work for qWaitFor, where we need to check the predicate between each pass, so we use the overload of processEvents that doesn't take a maxtime. That's fine, as we have our own timeout logic.  Change-Id: I9738d7d0187c36d4a5ddfcd3fd075b0bd84583c4"
241771,qt%2Fqtdeclarative~5.15~I6a5ffc43f093a76323f435cfee9bab217781b8f5,https://codereview.qt-project.org/273807,5,161,145,16,92718,154,55,11,3196.63583333333,75,,,,,Long live QML inline components,WIP: inline component  Change-Id: I6a5ffc43f093a76323f435cfee9bab217781b8f5
272240,qt%2Fqtbase~5.12~I9738d7d0187c36d4a5ddfcd3fd075b0bd84583c4,https://codereview.qt-project.org/238902,10,161,2,0,763570,16,17,2,3192.25583333333,827,,,,,qWaitFor: Prevent being stuck in QCoreApplication::processEvents,"qWaitFor: Prevent being stuck in QCoreApplication::processEvents  When using the overload of QCoreApplication::processEvents that takes a maxtime argument, the function will keep processing events until there are no more events, or until it times out.  The problem is that the function doesn't distinguish between events that were on the event queue when the function was called, and events generated by processing events as part of its own execution. If for example a widget calls update() in its paintEvent, the function will spin for the entire duration of maxtime.  That doesn't work for qWaitFor, where we need to check the predicate between each pass, so we use the overload of processEvents that doesn't take a maxtime. That's fine, as we have our own timeout logic.  Change-Id: I9738d7d0187c36d4a5ddfcd3fd075b0bd84583c4"
28270,qt%2Fqtxmlpatterns~dev~I99d8194b6813d7e816b2cef78e446bd27579764d,https://codereview.qt-project.org/290955,5,162,0,0,668558,0,24,0,2410.91333333333,105,,,,,Merge remote-tracking branch 'origin/5.15' into dev,Merge remote-tracking branch 'origin/5.15' into dev  Change-Id: I99d8194b6813d7e816b2cef78e446bd27579764d
233466,qt%2Fqtbase~dev~Ic7eba53d1c0398399ed5b25fef589ad62567445f,https://codereview.qt-project.org/288291,6,162,0,0,451650,31,33,1,1729.14944444444,230,,,,,Optimize QHash when using QHashDummyValue,Optimize QHash when using QHashDummyValue  This is used by QSet to avoid storing extra data for the value in the Hash. Re-implement the optimization after the changes to QHash.  Change-Id: Ic7eba53d1c0398399ed5b25fef589ad62567445f
28270,qt%2Fqtxmlpatterns~dev~I99d8194b6813d7e816b2cef78e446bd27579764d,https://codereview.qt-project.org/290955,5,162,0,0,668558,0,24,0,2410.91333333333,105,,,,,Merge remote-tracking branch 'origin/5.15' into dev,Merge remote-tracking branch 'origin/5.15' into dev  Change-Id: I99d8194b6813d7e816b2cef78e446bd27579764d
28270,qt%2Fqtxmlpatterns~dev~I99d8194b6813d7e816b2cef78e446bd27579764d,https://codereview.qt-project.org/290955,5,162,0,0,668558,0,24,0,2410.91333333333,105,,,,,Merge remote-tracking branch 'origin/5.15' into dev,Merge remote-tracking branch 'origin/5.15' into dev  Change-Id: I99d8194b6813d7e816b2cef78e446bd27579764d
241312,qt%2Fqtbase~dev~I3bc98c6ab2dceeea3ee8edec20a332ed8f56ad4f,https://codereview.qt-project.org/337212,11,163,404,0,93564,394,26,3,1526.47444444444,229,,,,,Add new app permissions API under QCoreApplication,WIP: Add permission API - Android side  Add a new API for requesting/checking permissions under QGuiApplication. This adds the Android implementation.  Task-number: QTBUG-90498 Change-Id: I3bc98c6ab2dceeea3ee8edec20a332ed8f56ad4f
248417,qt%2Fqtbase~5.15~Ic8b92ea36de87815b12307a9d8b1095f07166db8,https://codereview.qt-project.org/265312,4,163,179,49,43069,736,37,13,3137.32638888889,108,,,,,Reimplement JSON support on top of Cbor,WIP: stuff with json and cbor  Task-number: QTBUG-47629 Change-Id: Ic8b92ea36de87815b12307a9d8b1095f07166db8
113761,qt%2Fqtbase~dev~Ia4e3913fe83fc27d17d8e7f1a52f03ad445c1fed,https://codereview.qt-project.org/206611,11,163,73,1,28234,36,31,3,29420.2869444444,411,,,,,"Add qHypot() to qmath.h, exposing and extending std::hypot()","Add qHypot(), porting std::hypot() to qreal  We have plenty of places where we add some squares and take a square root; this may be done more accurately and faster by hypot().  Note the C++17 extension to three arguments, don't use it yet, but implement a qHypot() version of it (using the two-argument form). Deploy the two-argument form in an example use.  Change-Id: Ia4e3913fe83fc27d17d8e7f1a52f03ad445c1fed"
241312,qt%2Fqtbase~dev~I3bc98c6ab2dceeea3ee8edec20a332ed8f56ad4f,https://codereview.qt-project.org/337212,11,163,404,0,93564,394,26,3,1526.47444444444,229,,,,,Add new app permissions API under QCoreApplication,WIP: Add permission API - Android side  Add a new API for requesting/checking permissions under QGuiApplication. This adds the Android implementation.  Task-number: QTBUG-90498 Change-Id: I3bc98c6ab2dceeea3ee8edec20a332ed8f56ad4f
260290,qt%2Fqtbase~dev~Id970486c5315a1718c540f00deb2633533e8fc7b,https://codereview.qt-project.org/231959,22,164,104,0,411544,0,27,0,8902.41944444444,105,,,,,Merge remote-tracking branch 'origin/5.11' into dev,Merge remote-tracking branch 'origin/5.11' into dev  Change-Id: Id970486c5315a1718c540f00deb2633533e8fc7b
278456,qt%2Fqtdoc~5.12~Ib14e4eb4c20583af2be9198539077f1be5ae471a,https://codereview.qt-project.org/236010,8,164,191,0,10257,371,49,5,1294.12583333333,124,,,,,Doc: tutorial Get Started with Qt Quick,WIP - Doc: tutorial Get Started with Qt Quick  Task-number: QTBUG-68739 Change-Id: Ib14e4eb4c20583af2be9198539077f1be5ae471a
53244,qt%2Fqtbase~dev~Ie5340a42040a829f311c01332e05d4bbaf60462c,https://codereview.qt-project.org/176557,15,164,99,0,55586,4,40,2,5629.53472222222,96,,,,,Make calling QCoreApplication::translate() thread-safe,Lock translate() mutex in QCoreApplication  Change-Id: Ie5340a42040a829f311c01332e05d4bbaf60462c
260290,qt%2Fqtbase~dev~Id970486c5315a1718c540f00deb2633533e8fc7b,https://codereview.qt-project.org/231959,22,164,104,0,411544,0,27,0,8902.41944444444,105,,,,,Merge remote-tracking branch 'origin/5.11' into dev,Merge remote-tracking branch 'origin/5.11' into dev  Change-Id: Id970486c5315a1718c540f00deb2633533e8fc7b
260308,qt%2Fqtbase~dev~Ifd08ecb7c2c1a6dc352952a10ad56259bd1ecf10,https://codereview.qt-project.org/231395,6,165,254,0,86851,157,50,1,9006.68944444444,107,,,,,Document the DTLS API,WIP document new Qt DTLS API  Task-number: QTBUG-68070 Change-Id: Ifd08ecb7c2c1a6dc352952a10ad56259bd1ecf10
56525,qt%2Fqtbase~5.9~I36d114107187db22841ebfeff8fa8175daff6d03,https://codereview.qt-project.org/182945,5,165,56,0,11534,5,76,2,2614.69444444444,104,,,,,Skip failing autotests with b2qt toolchain,WIP: Fix autotest build issues with b2qt toolchain  Change-Id: I36d114107187db22841ebfeff8fa8175daff6d03
260308,qt%2Fqtbase~dev~Ifd08ecb7c2c1a6dc352952a10ad56259bd1ecf10,https://codereview.qt-project.org/231395,6,165,254,0,86851,157,50,1,9006.68944444444,107,,,,,Document the DTLS API,WIP document new Qt DTLS API  Task-number: QTBUG-68070 Change-Id: Ifd08ecb7c2c1a6dc352952a10ad56259bd1ecf10
260308,qt%2Fqtbase~dev~Ifd08ecb7c2c1a6dc352952a10ad56259bd1ecf10,https://codereview.qt-project.org/231395,6,165,254,0,86851,157,50,1,9006.68944444444,107,,,,,Document the DTLS API,WIP document new Qt DTLS API  Task-number: QTBUG-68070 Change-Id: Ifd08ecb7c2c1a6dc352952a10ad56259bd1ecf10
277167,qt%2Fqtbase~5.12~I6562433c0a38d6ec49ab675e0f104f2665f3392d,https://codereview.qt-project.org/236512,11,166,802,0,51526,6740,31,118,1686.36333333333,193,,,,,WebAssembly for QtBase,WIP: WebAssembly for QtBase diff  This is for review purposes only - do not commit!  This is the squashed diff from wip/webassembly to dev.  Change-Id: I6562433c0a38d6ec49ab675e0f104f2665f3392d
151374,qt%2Fqtserialport~dev~Ia242bb2ed81d17b6f826a187454bb9d2a12d40a9,https://codereview.qt-project.org/63874,5,166,129,0,22994,180,22,1,630.3775,1306,,,,,Use sysfs on Linux when available,"WIP: Linux: Refuse the filter of names of serial ports at enumeration  For listing of devices (if OS has no libudev) the search on a mask in directory ""/dev"" was used. For this purpose we had some database - the filters list of masks of names of devices that guaranteed the matchings.  But this decision had shortcomings:  For different Linux versions of kernels (for example for embedded customizations of different ARM, MIPS and so forth MCU's) the devices have different names, therefore we were stimulated to add names of these devices into the list.  The solution of this problem is remove the list of filters, and for listing of devices to use directory ""/sys/class/tty"". To take of appropriate devices are used the predetermined names of subsystems (pnp, usb, etc.), as before.  I.e. this method works by the principle similar in libudev and doesn't require the rights of the superuser.  This patch - extension of ideas based on previous patch:  sha1: 4bdbbe4c87676ca94daae947ac5908d77966319b  Note:  Are possible some regressions relating to determination of rfcomm, ircomm devices. It needs to be checked and submitted the set of next patches to fix it.  Checked on Fedora 19 x64, Ubuntu 12 x32 with on-board (PnP) and pluggable (USB) devices.  Change-Id: Ia242bb2ed81d17b6f826a187454bb9d2a12d40a9"
172423,qt%2Fqt5~stable~I8cb6c9373f70ee9c52a32bdfb03a9e012db67030,https://codereview.qt-project.org/43215,4,166,0,0,769654,32,44,16,605.013888888889,73,,,,,Updated submodules.,Updated submodules.  Change-Id: I8cb6c9373f70ee9c52a32bdfb03a9e012db67030
277167,qt%2Fqtbase~5.12~I6562433c0a38d6ec49ab675e0f104f2665f3392d,https://codereview.qt-project.org/236512,11,166,802,0,51526,6740,31,118,1686.36333333333,193,,,,,WebAssembly for QtBase,WIP: WebAssembly for QtBase diff  This is for review purposes only - do not commit!  This is the squashed diff from wip/webassembly to dev.  Change-Id: I6562433c0a38d6ec49ab675e0f104f2665f3392d
78182,qt%2Fqtbase~dev~I7de033f80b0e4431b7f1ffff13fca02dbb60a0a6,https://codereview.qt-project.org/126102,11,167,59,0,207084,35,21,4,7296.73722222222,687,,,,,moc: get the system #defines from the compiler itself,"moc: get the system #defines from the compiler itself  In order for moc to properly parse #ifdefs and family, we've had QMAKE_COMPILER_DEFINES as a list of pre-defined macros from the compiler. That list is woefully incomplete.  Instead, let's simply ask the compiler for the list. With GCC and family, we use the -dM flag while preprocessing. With ICC on Windows, the flag gains an extra ""Q"" but is otherwise the same. I cannot find a way to do the same for MSVC. This post[1] has the best workaround but would probably be too intrusive for Qt.  [1] http://stackoverflow.com/questions/3665537/how-to-find-out-cl-exes-built-in-macros  Change-Id: I7de033f80b0e4431b7f1ffff13fca02dbb60a0a6"
261401,qt%2Fqtbase~dev~I9f286479b821e240c8ea05c238932fc128c582bb,https://codereview.qt-project.org/154046,10,167,85,0,37046,35,30,4,28148.1705555556,81,,,,,Allow adaptive decimal stepping for QSpinBox and QDoubleSpinBox,Adaptive steps for QSpinBox  Change-Id: I9f286479b821e240c8ea05c238932fc128c582bb
78182,qt%2Fqtbase~dev~I7de033f80b0e4431b7f1ffff13fca02dbb60a0a6,https://codereview.qt-project.org/126102,11,167,59,0,207084,35,21,4,7296.73722222222,687,,,,,moc: get the system #defines from the compiler itself,"moc: get the system #defines from the compiler itself  In order for moc to properly parse #ifdefs and family, we've had QMAKE_COMPILER_DEFINES as a list of pre-defined macros from the compiler. That list is woefully incomplete.  Instead, let's simply ask the compiler for the list. With GCC and family, we use the -dM flag while preprocessing. With ICC on Windows, the flag gains an extra ""Q"" but is otherwise the same. I cannot find a way to do the same for MSVC. This post[1] has the best workaround but would probably be too intrusive for Qt.  [1] http://stackoverflow.com/questions/3665537/how-to-find-out-cl-exes-built-in-macros  Change-Id: I7de033f80b0e4431b7f1ffff13fca02dbb60a0a6"
78182,qt%2Fqtbase~dev~I7de033f80b0e4431b7f1ffff13fca02dbb60a0a6,https://codereview.qt-project.org/126102,11,167,59,0,207084,35,21,4,7296.73722222222,687,,,,,moc: get the system #defines from the compiler itself,"moc: get the system #defines from the compiler itself  In order for moc to properly parse #ifdefs and family, we've had QMAKE_COMPILER_DEFINES as a list of pre-defined macros from the compiler. That list is woefully incomplete.  Instead, let's simply ask the compiler for the list. With GCC and family, we use the -dM flag while preprocessing. With ICC on Windows, the flag gains an extra ""Q"" but is otherwise the same. I cannot find a way to do the same for MSVC. This post[1] has the best workaround but would probably be too intrusive for Qt.  [1] http://stackoverflow.com/questions/3665537/how-to-find-out-cl-exes-built-in-macros  Change-Id: I7de033f80b0e4431b7f1ffff13fca02dbb60a0a6"
276844,qt3dstudio%2Fqt3d-runtime~master~I3da3d34606a07178978eba83236ca6cb6360e893,https://codereview.qt-project.org/239815,11,168,8,0,30350,277,34,2,1010.00111111111,141,,,,,Support stereoscopic rendering,"WIP: Stereo rendering test  Just testing, a lot of duplication.  Task-number: QT3DS-1023 Change-Id: I3da3d34606a07178978eba83236ca6cb6360e893"
190941,qt%2Fqtbase~master~If0a0b1a3ce4e0dc4db319a315e227a9d31549399,https://codereview.qt-project.org/20299,9,168,78,0,47389,1806,25,23,974.474444444444,275,,,,,Added mkspecs for iOS.,"Added mkspecs and config for iOS.  Modified common MacOS gcc config for iOS compatibility. Added iOS mkspecs for iOS devices and simulator using G++, LLVM-G++ or CLANG compilers. Added qconfig-ios.h configuration for iOS.  Change-Id: If0a0b1a3ce4e0dc4db319a315e227a9d31549399"
276844,qt3dstudio%2Fqt3d-runtime~master~I3da3d34606a07178978eba83236ca6cb6360e893,https://codereview.qt-project.org/239815,11,168,8,0,30350,277,34,2,1010.00111111111,141,,,,,Support stereoscopic rendering,"WIP: Stereo rendering test  Just testing, a lot of duplication.  Task-number: QT3DS-1023 Change-Id: I3da3d34606a07178978eba83236ca6cb6360e893"
276844,qt3dstudio%2Fqt3d-runtime~master~I3da3d34606a07178978eba83236ca6cb6360e893,https://codereview.qt-project.org/239815,11,168,8,0,30350,277,34,2,1010.00111111111,141,,,,,Support stereoscopic rendering,"WIP: Stereo rendering test  Just testing, a lot of duplication.  Task-number: QT3DS-1023 Change-Id: I3da3d34606a07178978eba83236ca6cb6360e893"
261349,qt%2Fqtbase~dev~I4de33c2d11c033ec295de2b2ea81adf786324f4b,https://codereview.qt-project.org/192811,12,169,40,0,471456,89,24,3,18706.5347222222,647,,,,,QLineEdit: implement quick text selection by mouse,"QLineEdit: implement quick text selection by mouse  This is a standard feature in GtkEntry widgets or HTML <input type=""text""> elements. During a normal text selection by mouse (LeftButton press + mouse move event), it's now possible to quickly select all the text from the start of the selection to the end of the line edit by moving the mouse cursor down. By moving it up instead, all the text up to the start of the line edit gets selected.  This feature is only enabled if the y() of the mouse move event is bigger than a fixed threshold, to avoid unexpected selections in the normal case.  Change-Id: I4de33c2d11c033ec295de2b2ea81adf786324f4b"
276259,qt%2Fqtbase~dev~I27bca146c3eba90fa7a5d52ef6626ce85723e3f0,https://codereview.qt-project.org/191300,12,169,156,0,217725,75,18,4,13780.6625,345,,,,,Add QLocale::formattedDataSize and consolidate use cases,"Add static QFileInfo::formattedSize and use it in QFileDialog, etc.  It should be easier to translate sizes in bytes to human-readable strings rather than having to repeat this code (and the string translations) in various places.  The FileDialog in QtQuick.Controls has a use for this, too.  Change-Id: I27bca146c3eba90fa7a5d52ef6626ce85723e3f0"
261299,qt%2Fqtbase~dev~I3868166e5efc45538544fffd14d8e6f993e1eb91,https://codereview.qt-project.org/203606,6,169,67,0,187626,555,20,5,15785.6830555556,715,,,,,QNetworkInterface: add a Linux backend directly using AF_NETLINK,"QNetworkInterface: add a Linux backend directly using AF_NETLINK  This allows us a lot greater detail in getting information than relying on getifaddrs() function. It is also the only way of getting some extra information we'll need in the future, like address lifetimes.  The parser will also be helpful if we want to add a a network interface monitor n the future, though I currently have no clue how to do the equivalent on macOS and Windows.  This commit does not remove the support for getifaddrs() on Linux, but I will no longer add features to it. Note that Android has not supported getifaddrs(), so this may be an improvement if AF_NETLINK works there.  Change-Id: I3868166e5efc45538544fffd14d8e6f993e1eb91"
276259,qt%2Fqtbase~dev~I27bca146c3eba90fa7a5d52ef6626ce85723e3f0,https://codereview.qt-project.org/191300,12,169,156,0,217725,75,18,4,13780.6625,345,,,,,Add QLocale::formattedDataSize and consolidate use cases,"Add static QFileInfo::formattedSize and use it in QFileDialog, etc.  It should be easier to translate sizes in bytes to human-readable strings rather than having to repeat this code (and the string translations) in various places.  The FileDialog in QtQuick.Controls has a use for this, too.  Change-Id: I27bca146c3eba90fa7a5d52ef6626ce85723e3f0"
225430,qt%2Fqtbase~dev~Ic8ed50a05a9723ed252f0762d86e41fe719fc3ef,https://codereview.qt-project.org/281608,5,170,0,0,448507,11,48,1,5540.11833333333,67,,,,,Small cleanup,Small cleanup  Change-Id: Ic8ed50a05a9723ed252f0762d86e41fe719fc3ef
40974,qt%2Fqtdeclarative~dev~I25aae1b0e89890394dfe2ba2824008164b2ca8d9,https://codereview.qt-project.org/346273,16,170,118,1,80241,794,36,2,952.968055555556,79,refactoring/,refactor|,,,Refactor and update qml CMake API,WIP: Update qml CMake API  Change-Id: I25aae1b0e89890394dfe2ba2824008164b2ca8d9
225430,qt%2Fqtbase~dev~Ic8ed50a05a9723ed252f0762d86e41fe719fc3ef,https://codereview.qt-project.org/281608,5,170,0,0,448507,11,48,1,5540.11833333333,67,,,,,Small cleanup,Small cleanup  Change-Id: Ic8ed50a05a9723ed252f0762d86e41fe719fc3ef
225430,qt%2Fqtbase~dev~Ic8ed50a05a9723ed252f0762d86e41fe719fc3ef,https://codereview.qt-project.org/281608,5,170,0,0,448507,11,48,1,5540.11833333333,67,,,,,Small cleanup,Small cleanup  Change-Id: Ic8ed50a05a9723ed252f0762d86e41fe719fc3ef
263209,qt%2Fqtbase~dev~I0ee70561dc57b857f8b3b1cf42c9dfe0cf45bd49,https://codereview.qt-project.org/330162,13,171,88,3,85302,7,29,2,2374.08388888889,231,,,,,fix: The QtStartUpFunction function may be called repeatedly,fix: The QtStartUpFunction function maybe called repeatedly  Don't call pre routine function in qAddPreRoutine if the qt_call_pre_routines is not called  Task-Number: QTBUG-90341 Change-Id: I0ee70561dc57b857f8b3b1cf42c9dfe0cf45bd49
263209,qt%2Fqtbase~dev~I0ee70561dc57b857f8b3b1cf42c9dfe0cf45bd49,https://codereview.qt-project.org/330162,13,171,88,3,85302,7,29,2,2374.08388888889,231,,,,,fix: The QtStartUpFunction function may be called repeatedly,fix: The QtStartUpFunction function maybe called repeatedly  Don't call pre routine function in qAddPreRoutine if the qt_call_pre_routines is not called  Task-Number: QTBUG-90341 Change-Id: I0ee70561dc57b857f8b3b1cf42c9dfe0cf45bd49
263209,qt%2Fqtbase~dev~I0ee70561dc57b857f8b3b1cf42c9dfe0cf45bd49,https://codereview.qt-project.org/330162,13,171,88,3,85302,7,29,2,2374.08388888889,231,,,,,fix: The QtStartUpFunction function may be called repeatedly,fix: The QtStartUpFunction function maybe called repeatedly  Don't call pre routine function in qAddPreRoutine if the qt_call_pre_routines is not called  Task-Number: QTBUG-90341 Change-Id: I0ee70561dc57b857f8b3b1cf42c9dfe0cf45bd49
263209,qt%2Fqtbase~dev~I0ee70561dc57b857f8b3b1cf42c9dfe0cf45bd49,https://codereview.qt-project.org/330162,13,171,88,3,85302,7,29,2,2374.08388888889,231,,,,,fix: The QtStartUpFunction function may be called repeatedly,fix: The QtStartUpFunction function maybe called repeatedly  Don't call pre routine function in qAddPreRoutine if the qt_call_pre_routines is not called  Task-Number: QTBUG-90341 Change-Id: I0ee70561dc57b857f8b3b1cf42c9dfe0cf45bd49
233448,qt%2Fqtbase~dev~Ie74b3cdcc9871cd241aca205672093dc395d04a7,https://codereview.qt-project.org/288290,5,172,10,1,433003,330,33,3,1742.54333333333,186,,,,,new QCache implementation,new QCache implementation  Make use of the new features available in QHash and do a more performant implementation than the old one.  Change-Id: Ie74b3cdcc9871cd241aca205672093dc395d04a7
113628,qt%2Fqtbase~dev~I1f6bfefe76dfa9072b165903fec7aa4af1abd882,https://codereview.qt-project.org/309088,9,172,57,4,323508,154,30,7,4513.07555555556,434,,,,,Change QString::fromLatin1 and friends to use QByteArrayView,"Change QString::fromLatin1 and friends to use QByteArrayView  Also adjust the QString constructor from QByteArray to ignore \0 characters in the string (and not terminate conversion there).  [ChangeLog][QtCore][QString] Constructing a QString from a QByteArray will not stop at intermediate 0 characters in the string as in Qt 5, but will convert all characters in the byte array.  Change-Id: I1f6bfefe76dfa9072b165903fec7aa4af1abd882"
233448,qt%2Fqtbase~dev~Ie74b3cdcc9871cd241aca205672093dc395d04a7,https://codereview.qt-project.org/288290,5,172,10,1,433003,330,33,3,1742.54333333333,186,,,,,new QCache implementation,new QCache implementation  Make use of the new features available in QHash and do a more performant implementation than the old one.  Change-Id: Ie74b3cdcc9871cd241aca205672093dc395d04a7
233448,qt%2Fqtbase~dev~Ie74b3cdcc9871cd241aca205672093dc395d04a7,https://codereview.qt-project.org/288290,5,172,10,1,433003,330,33,3,1742.54333333333,186,,,,,new QCache implementation,new QCache implementation  Make use of the new features available in QHash and do a more performant implementation than the old one.  Change-Id: Ie74b3cdcc9871cd241aca205672093dc395d04a7
77200,qt%2Fqtbase~5.7~I35aae5f98ba9a27b70a48db3f2647fc070c39c33,https://codereview.qt-project.org/154469,13,173,134,0,25423,271,18,6,2981.94638888889,604,,,refactoring/,refactor|,Support color font rendering for freetype engine,[Android] Support emojis character rendering  This patch is aimed to support emojis character rendering under Android. It mainly do two things: 1) Support rendering color font by freetype fontengine. This partially  based on Corentin Jabot's patch https://codereview.qt-project.org/#/c/127288/  2) Support ARGB opengl glyph cache when workaround_brokenFBOReadBack is true (It is always true under Android). Some code refactor has been done in QOpenGLTextureGlyphCache.  [ChangeLog][Android] Support emojis character rendering  Task-number: QTBUG-35156 Change-Id: I35aae5f98ba9a27b70a48db3f2647fc070c39c33
233433,qt%2Fqtbase~dev~I09100678ff4443e6be06fffd14819c8878d223e2,https://codereview.qt-project.org/179917,10,173,27,0,167394,480,39,5,29112.7755555556,833,,,,,Replace Qt's hashing function with SipHash,"Replace Qt's hashing function with SipHash  This commit replaces both the standard DJB33XA (DJB's 33 Times Add) and the faster CRC32 hashing with SipHash. The most important difference between those algorithms is that both DJB33XA and CRC32 have this unwelcome property: for two byte sequences x and y, if you know that x and y have the same hashing for a given seed, then they have the same hashing for all seeds.  SipHash has no such issue. If the seed changes, the strings that used to compute to the same hash are no longer likely to do so.  We've chosen to implement a SipHash-1-2 algorithm instead of the regular 2-4 as that has roughly the same performance as the old DJB33XA algorithm. It's roughly 6x slower than the CRC32 algorithm, which will need a separate solution.  Change-Id: I09100678ff4443e6be06fffd14819c8878d223e2"
77200,qt%2Fqtbase~5.7~I35aae5f98ba9a27b70a48db3f2647fc070c39c33,https://codereview.qt-project.org/154469,13,173,134,0,25423,271,18,6,2981.94638888889,604,,,refactoring/,refactor|,Support color font rendering for freetype engine,[Android] Support emojis character rendering  This patch is aimed to support emojis character rendering under Android. It mainly do two things: 1) Support rendering color font by freetype fontengine. This partially  based on Corentin Jabot's patch https://codereview.qt-project.org/#/c/127288/  2) Support ARGB opengl glyph cache when workaround_brokenFBOReadBack is true (It is always true under Android). Some code refactor has been done in QOpenGLTextureGlyphCache.  [ChangeLog][Android] Support emojis character rendering  Task-number: QTBUG-35156 Change-Id: I35aae5f98ba9a27b70a48db3f2647fc070c39c33
77200,qt%2Fqtbase~5.7~I35aae5f98ba9a27b70a48db3f2647fc070c39c33,https://codereview.qt-project.org/154469,13,173,134,0,25423,271,18,6,2981.94638888889,604,,,refactoring/,refactor|,Support color font rendering for freetype engine,[Android] Support emojis character rendering  This patch is aimed to support emojis character rendering under Android. It mainly do two things: 1) Support rendering color font by freetype fontengine. This partially  based on Corentin Jabot's patch https://codereview.qt-project.org/#/c/127288/  2) Support ARGB opengl glyph cache when workaround_brokenFBOReadBack is true (It is always true under Android). Some code refactor has been done in QOpenGLTextureGlyphCache.  [ChangeLog][Android] Support emojis character rendering  Task-number: QTBUG-35156 Change-Id: I35aae5f98ba9a27b70a48db3f2647fc070c39c33
72830,qt%2Fqt5~dev~I737902b8cc54ce8394c377f6cdafe14c49c2a588,https://codereview.qt-project.org/170360,7,174,0,0,208649,4,29,2,659.303333333333,87,,,,,Update submodules on 'dev' in qt5,Update submodules on 'dev' in qt5  Change-Id: I737902b8cc54ce8394c377f6cdafe14c49c2a588
222906,qt%2Fqtbase~dev~I4f66d97ff1dce3eb99a239f1eab9106fa9b1741a,https://codereview.qt-project.org/281289,6,174,44,12,318745,14,50,3,6363.98333333333,262,,,,,"Get rid of shared null for QByteArray, QString and QVector","WIP: QByteArray().data() should return a nullptr  This has the potential to cause crashes in existig code, and will need some more testing before enabling it.  The goal is to completely get rid of sharedNull.  Change-Id: I4f66d97ff1dce3eb99a239f1eab9106fa9b1741a"
50141,qt%2Fqt5~dev~I7192cbb513f05320c792a29a598b535bcd469d85,https://codereview.qt-project.org/201350,9,174,0,0,314816,30,23,15,580.153888888889,87,,,,,Update submodules on 'dev' in qt5,Update submodules on 'dev' in qt5  Change-Id: I7192cbb513f05320c792a29a598b535bcd469d85
72830,qt%2Fqt5~dev~I737902b8cc54ce8394c377f6cdafe14c49c2a588,https://codereview.qt-project.org/170360,7,174,0,0,208649,4,29,2,659.303333333333,87,,,,,Update submodules on 'dev' in qt5,Update submodules on 'dev' in qt5  Change-Id: I737902b8cc54ce8394c377f6cdafe14c49c2a588
227791,qt%2Fqtbase~dev~Ibab9681d35fe63754bf394ad0e7923e2683e2457,https://codereview.qt-project.org/300337,8,175,197,12,65057,142,21,5,644.23,307,,,,,Add QPromise implementation,"WIP: Implement QPromise draft  Introduced QPromise class that is heavily influenced by existing QFutureInterface. In fact, QPromise is a mere wrapper that holds a copy of QFutureInterface object that is shared with the QFuture constructed from QPromise.  Change-Id: Ibab9681d35fe63754bf394ad0e7923e2683e2457"
259868,qt%2Fqtbase~dev~Ic4fb8ed3657dab994f9f4a4ac5cbddc7001a0a46,https://codereview.qt-project.org/237812,4,175,321,0,12197,-1,44,12,7061.77916666667,164,,,,,Schannel support,WIP: Schannel support  Adds Schannel support to Windows.  [ChangeLog][QtNetwork][Ssl] @todo  Task-number: @todo Change-Id: Ic4fb8ed3657dab994f9f4a4ac5cbddc7001a0a46
40981,qt%2Fqtquickcontrols2~dev~I43a59e3668a8a40f1d0c04a3c2506283d552a22b,https://codereview.qt-project.org/338951,7,175,183,8,101598,537,63,11,2002.86472222222,165,,,,,Add FontDialog to QtQuick.Dialogs,WIP: Add non-native font dialog to QtQuick.Dialogs  Adding non-native font dialog to QtQuick  Fixes: QTBUG-87799 Change-Id: I43a59e3668a8a40f1d0c04a3c2506283d552a22b
227791,qt%2Fqtbase~dev~Ibab9681d35fe63754bf394ad0e7923e2683e2457,https://codereview.qt-project.org/300337,8,175,197,12,65057,142,21,5,644.23,307,,,,,Add QPromise implementation,"WIP: Implement QPromise draft  Introduced QPromise class that is heavily influenced by existing QFutureInterface. In fact, QPromise is a mere wrapper that holds a copy of QFutureInterface object that is shared with the QFuture constructed from QPromise.  Change-Id: Ibab9681d35fe63754bf394ad0e7923e2683e2457"
74156,qt-creator%2Fqt-creator~master~Iea2411175ef67f2bf651ee7eaade9879ed5ceba1,https://codereview.qt-project.org/169251,3,176,78,0,5061,2550,84,8,477.561944444444,634,,,,,Debugger: Use direct memory instead of member access,"Debugger: Use direct memory instead of member access  This introduces a dumper types abstraction layer with classes Dumper.{Value,Type,Field} wrapping either gdb.{Value,Type,Field} or lldb.{SBValue,SBType,SBField} and uses it to move to more direct memory accesses in the dumper implementation.  This way we can use duck typing for artificial intermediate objects eliminating the need for {gdb.Value,lldb.SBValue}.cast() in some case which are flaky in general and typically not available in release builds.  As consequence QRegion and QVariant dumper work without debug info now.  Change-Id: Iea2411175ef67f2bf651ee7eaade9879ed5ceba1"
286611,qt%2Fqt5~dev~I9baaffbae058d0590819e248694ee41887558708,https://codereview.qt-project.org/204202,11,176,59,0,22768,65,32,1,6403.545,163,,,,,Provisioning: Install Open62541 on Windows,WIP: Provisioning: Install Open62541  Open62541 is one of the support OPC UA backends in the Qt OpcUa module.  Change-Id: I9baaffbae058d0590819e248694ee41887558708
74156,qt-creator%2Fqt-creator~master~Iea2411175ef67f2bf651ee7eaade9879ed5ceba1,https://codereview.qt-project.org/169251,3,176,78,0,5061,2550,84,8,477.561944444444,634,,,,,Debugger: Use direct memory instead of member access,"Debugger: Use direct memory instead of member access  This introduces a dumper types abstraction layer with classes Dumper.{Value,Type,Field} wrapping either gdb.{Value,Type,Field} or lldb.{SBValue,SBType,SBField} and uses it to move to more direct memory accesses in the dumper implementation.  This way we can use duck typing for artificial intermediate objects eliminating the need for {gdb.Value,lldb.SBValue}.cast() in some case which are flaky in general and typically not available in release builds.  As consequence QRegion and QVariant dumper work without debug info now.  Change-Id: Iea2411175ef67f2bf651ee7eaade9879ed5ceba1"
74156,qt-creator%2Fqt-creator~master~Iea2411175ef67f2bf651ee7eaade9879ed5ceba1,https://codereview.qt-project.org/169251,3,176,78,0,5061,2550,84,8,477.561944444444,634,,,,,Debugger: Use direct memory instead of member access,"Debugger: Use direct memory instead of member access  This introduces a dumper types abstraction layer with classes Dumper.{Value,Type,Field} wrapping either gdb.{Value,Type,Field} or lldb.{SBValue,SBType,SBField} and uses it to move to more direct memory accesses in the dumper implementation.  This way we can use duck typing for artificial intermediate objects eliminating the need for {gdb.Value,lldb.SBValue}.cast() in some case which are flaky in general and typically not available in release builds.  As consequence QRegion and QVariant dumper work without debug info now.  Change-Id: Iea2411175ef67f2bf651ee7eaade9879ed5ceba1"
251552,qt%2Fqttools~dev~I8b1535decb9e50302667bfcb9455b5ca02995075,https://codereview.qt-project.org/267470,4,177,70,9,8050,109,87,2,1871.005,191,,,,,Add storage class for translation information,"Add storage class for translation information  In the VisitCallExpr function, the retrieved information are stored in this storage class.  Change-Id: I8b1535decb9e50302667bfcb9455b5ca02995075"
251552,qt%2Fqttools~dev~I8b1535decb9e50302667bfcb9455b5ca02995075,https://codereview.qt-project.org/267470,4,177,70,9,8050,109,87,2,1871.005,191,,,,,Add storage class for translation information,"Add storage class for translation information  In the VisitCallExpr function, the retrieved information are stored in this storage class.  Change-Id: I8b1535decb9e50302667bfcb9455b5ca02995075"
251552,qt%2Fqttools~dev~I8b1535decb9e50302667bfcb9455b5ca02995075,https://codereview.qt-project.org/267470,4,177,70,9,8050,109,87,2,1871.005,191,,,,,Add storage class for translation information,"Add storage class for translation information  In the VisitCallExpr function, the retrieved information are stored in this storage class.  Change-Id: I8b1535decb9e50302667bfcb9455b5ca02995075"
251552,qt%2Fqttools~dev~I8b1535decb9e50302667bfcb9455b5ca02995075,https://codereview.qt-project.org/267470,4,177,70,9,8050,109,87,2,1871.005,191,,,,,Add storage class for translation information,"Add storage class for translation information  In the VisitCallExpr function, the retrieved information are stored in this storage class.  Change-Id: I8b1535decb9e50302667bfcb9455b5ca02995075"
75966,qt%2Fqtnetworkauth~dev~I3971456f93bf6ddd7fd46f555202bab2eb777c15,https://codereview.qt-project.org/168000,8,178,429,0,41451,4168,36,36,101.781388888889,526,,,,,OAuth support,"OAuth support  New library to support OAuth1 and OAuth2 standard in Qt. OAuth provides a method for clients to access server resources on behalf of a resource owner (such as a different client or an end-user).  It also provides a process for end-users to authorize third-party access to their server resources without sharing their credentials (typically, a username and password pair), using user-agent redirections.  [ChangeLog][QtNetworkAuth][OAuth] Added OAuth support  Change-Id: I3971456f93bf6ddd7fd46f555202bab2eb777c15"
94504,qt%2Fqtbase~5.6~I6e8eb682b0c8425d08ffdaecbd4c6c7700c914b4,https://codereview.qt-project.org/138201,15,178,132,0,18766,186,28,6,1342.40555555556,493,,,,,xcb: Use a placeholder QScreen when there are no outputs connected,"XCB screen connection and disconnection bug fix  If no screens are available - application can crash or can work incorrectly. This patch fixes the issue. It also fixes updating screen geometry on temporarily disabled screens in the middle of the mode switch and it also fixes available geometry for screens.  Windows don't disappear, the application doesn't crash and QMenu are displayed on the appropriate screen.  Change-Id: I6e8eb682b0c8425d08ffdaecbd4c6c7700c914b4 Task-number: QTBUG-42985"
74020,qt%2Fqtbase~5.8~Id1b518a3aa34044748b87fb8fac14d79653f6b18,https://codereview.qt-project.org/159604,6,178,123,0,68840,873,64,2,2871.21916666667,114,,,,,Modularize the new configure system (infrastructure part),WIP: modularize and add old features to new configure system  Change-Id: Id1b518a3aa34044748b87fb8fac14d79653f6b18
94504,qt%2Fqtbase~5.6~I6e8eb682b0c8425d08ffdaecbd4c6c7700c914b4,https://codereview.qt-project.org/138201,15,178,132,0,18766,186,28,6,1342.40555555556,493,,,,,xcb: Use a placeholder QScreen when there are no outputs connected,"XCB screen connection and disconnection bug fix  If no screens are available - application can crash or can work incorrectly. This patch fixes the issue. It also fixes updating screen geometry on temporarily disabled screens in the middle of the mode switch and it also fixes available geometry for screens.  Windows don't disappear, the application doesn't crash and QMenu are displayed on the appropriate screen.  Change-Id: I6e8eb682b0c8425d08ffdaecbd4c6c7700c914b4 Task-number: QTBUG-42985"
250790,qt%2Fqt5~5.15~I823e6b4d3a4561603b2c57ff5c0ecd6738fd056d,https://codereview.qt-project.org/273189,8,179,1,0,429787,0,51,0,611.015833333333,88,,,,,Update submodules on '5.15' in qt/qt5,Update submodules on '5.15' in qt5  Change-Id: I823e6b4d3a4561603b2c57ff5c0ecd6738fd056d
265489,qt%2Fqtbase~dev~Ic894dd0eb3e05653cd7645ab496463e7a884dff8,https://codereview.qt-project.org/254076,8,179,67,0,69570,49,30,2,1500.73027777778,258,,,,,Implement std::numeric_limits<qfloat16>,"WIP: implement std::numeric_limits<qfloat16>  This shall make it a first-class numeric type; in particular, I need some of these for testlib's formatting of float16 to handle NaNs and infinities sensibly.  Change-Id: Ic894dd0eb3e05653cd7645ab496463e7a884dff8"
76170,qt%2Fqtsystems~dev~Ia2743851a7843cb2f44a82cffd80ddd176b2c564,https://codereview.qt-project.org/101049,10,179,117,0,136033,417,43,6,15027.1611111111,79,,,,,Add QInputDeviceInfo,WIP: Add QInputDeviceInfo  Change-Id: Ia2743851a7843cb2f44a82cffd80ddd176b2c564
250790,qt%2Fqt5~5.15~I823e6b4d3a4561603b2c57ff5c0ecd6738fd056d,https://codereview.qt-project.org/273189,8,179,1,0,429787,0,51,0,611.015833333333,88,,,,,Update submodules on '5.15' in qt/qt5,Update submodules on '5.15' in qt5  Change-Id: I823e6b4d3a4561603b2c57ff5c0ecd6738fd056d
219873,qt%2Fqtbase~dev~Ia8b65350cd5d49debca9fffd15f801161363aea7,https://codereview.qt-project.org/292539,10,181,134,0,163134,243,23,6,4654.72638888889,778,,,,,QProcess/Unix: introduce setChildProcessModifier(),"QProcess/Unix: introduce setChildProcessModifier()  [ChangeLog][Deprecation Notices] QProcess::setupChildProcess() is deprecated in this version and will be removed in Qt 6.0. To execute code in a child process, use QProcess::setChildProcessModifier()  [ChangeLog][QtCore][QProcess] Added setChildProcessModifier() and childProcessModifier() setter and getter for specifying a function to be run in the Unix child process between fork() and execve(). With these functions, it is no longer necessary to derive from QProcess in order to execute actions in the child process.  Another reason is that we can tell whether the std::function carries a valid target much more easily than we can tell whether QProcess was overridden.  Change-Id: Ia8b65350cd5d49debca9fffd15f801161363aea7"
255337,qt%2Fqtbase~dev~I2d6c8908b521cf6ba1ebbbc33a87cb7ddd9935cf,https://codereview.qt-project.org/243731,12,181,65,1,74430,196,52,4,7011.58916666667,101,,,,,CMake: Add support for auto-importing plugins in CMake,Add support for auto-importing plugins in CMake  Change-Id: I2d6c8908b521cf6ba1ebbbc33a87cb7ddd9935cf
76950,qt%2Fqtbase~dev~Ie9a1d87bd1fda866a2405043d1c15c12ded5a96e,https://codereview.qt-project.org/95698,18,181,267,0,25976,1,32,1,16417.3380555556,136,,,,,Introduce SCTP sockets support,Introduce SCTP socket type  Add a new socket type for further SCTP implementation.  Change-Id: Ie9a1d87bd1fda866a2405043d1c15c12ded5a96e
219873,qt%2Fqtbase~dev~Ia8b65350cd5d49debca9fffd15f801161363aea7,https://codereview.qt-project.org/292539,10,181,134,0,163134,243,23,6,4654.72638888889,778,,,,,QProcess/Unix: introduce setChildProcessModifier(),"QProcess/Unix: introduce setChildProcessModifier()  [ChangeLog][Deprecation Notices] QProcess::setupChildProcess() is deprecated in this version and will be removed in Qt 6.0. To execute code in a child process, use QProcess::setChildProcessModifier()  [ChangeLog][QtCore][QProcess] Added setChildProcessModifier() and childProcessModifier() setter and getter for specifying a function to be run in the Unix child process between fork() and execve(). With these functions, it is no longer necessary to derive from QProcess in order to execute actions in the child process.  Another reason is that we can tell whether the std::function carries a valid target much more easily than we can tell whether QProcess was overridden.  Change-Id: Ia8b65350cd5d49debca9fffd15f801161363aea7"
261201,qt%2Fqtbase~dev~I9d26d99e83392861fb09564e0e8e8d76cd8483b3,https://codereview.qt-project.org/208522,9,182,29,0,437845,112,16,2,14553.4888888889,296,,,,,Add functions for fast bulk conversion of qfloat16,"Add functions for fast bulk conversion of qfloat16  Both Arm and x86 can convert fp16 much faster in bulk than one at a time. This also enables hardware accelerated conversion on x86, when F16C isn't unconditionally available at compile time.  Change-Id: I9d26d99e83392861fb09564e0e8e8d76cd8483b3"
261201,qt%2Fqtbase~dev~I9d26d99e83392861fb09564e0e8e8d76cd8483b3,https://codereview.qt-project.org/208522,9,182,29,0,437845,112,16,2,14553.4888888889,296,,,,,Add functions for fast bulk conversion of qfloat16,"Add functions for fast bulk conversion of qfloat16  Both Arm and x86 can convert fp16 much faster in bulk than one at a time. This also enables hardware accelerated conversion on x86, when F16C isn't unconditionally available at compile time.  Change-Id: I9d26d99e83392861fb09564e0e8e8d76cd8483b3"
261201,qt%2Fqtbase~dev~I9d26d99e83392861fb09564e0e8e8d76cd8483b3,https://codereview.qt-project.org/208522,9,182,29,0,437845,112,16,2,14553.4888888889,296,,,,,Add functions for fast bulk conversion of qfloat16,"Add functions for fast bulk conversion of qfloat16  Both Arm and x86 can convert fp16 much faster in bulk than one at a time. This also enables hardware accelerated conversion on x86, when F16C isn't unconditionally available at compile time.  Change-Id: I9d26d99e83392861fb09564e0e8e8d76cd8483b3"
261201,qt%2Fqtbase~dev~I9d26d99e83392861fb09564e0e8e8d76cd8483b3,https://codereview.qt-project.org/208522,9,182,29,0,437845,112,16,2,14553.4888888889,296,,,,,Add functions for fast bulk conversion of qfloat16,"Add functions for fast bulk conversion of qfloat16  Both Arm and x86 can convert fp16 much faster in bulk than one at a time. This also enables hardware accelerated conversion on x86, when F16C isn't unconditionally available at compile time.  Change-Id: I9d26d99e83392861fb09564e0e8e8d76cd8483b3"
234445,qt%2Fqtbase~dev~Id0b27f9187652ec531a2e8b1b9837e82dc81625c,https://codereview.qt-project.org/294395,9,183,67,26,271032,1423,22,40,260.349722222222,638,,,,,Remove QGuiAction again and split QAction implementation up instead,"Remove QGuiAction again and split QAction implementation up instead  Duplicating the number of classes is a high price to pay to be able to have some QAction functionality behave differently, or be only available in widgets applications.  Instead, declare the entire API in QtGui in QAction* classes, but implement those methods that depend on widgets only in QtWidgets. Use a function pointer to allow us to clean up widgets also in the QAction destructor, and to hook actions up to the widget-specific shortcut handling. Initialize those pointers during QApplication initialization.  Change-Id: Id0b27f9187652ec531a2e8b1b9837e82dc81625c"
47480,qt%2Fqtbase~dev~Idbf8a8581510b3493648c34ab04c556de9fa4aa7,https://codereview.qt-project.org/151511,8,183,166,0,15185,71,32,2,13998.0708333333,344,,,,,Implement key-value iterator,Implement key-value const iterator  This patch implements a const iterator that returns a pair containing both the key and value of an entry in QHash/QMap  [ChangeLog][QtCore][Containers] Added const iterator to go through QHash/QMap returning both the key and value of the pointed element.  Change-Id: Idbf8a8581510b3493648c34ab04c556de9fa4aa7
234445,qt%2Fqtbase~dev~Id0b27f9187652ec531a2e8b1b9837e82dc81625c,https://codereview.qt-project.org/294395,9,183,67,26,271032,1423,22,40,260.349722222222,638,,,,,Remove QGuiAction again and split QAction implementation up instead,"Remove QGuiAction again and split QAction implementation up instead  Duplicating the number of classes is a high price to pay to be able to have some QAction functionality behave differently, or be only available in widgets applications.  Instead, declare the entire API in QtGui in QAction* classes, but implement those methods that depend on widgets only in QtWidgets. Use a function pointer to allow us to clean up widgets also in the QAction destructor, and to hook actions up to the widget-specific shortcut handling. Initialize those pointers during QApplication initialization.  Change-Id: Id0b27f9187652ec531a2e8b1b9837e82dc81625c"
234445,qt%2Fqtbase~dev~Id0b27f9187652ec531a2e8b1b9837e82dc81625c,https://codereview.qt-project.org/294395,9,183,67,26,271032,1423,22,40,260.349722222222,638,,,,,Remove QGuiAction again and split QAction implementation up instead,"Remove QGuiAction again and split QAction implementation up instead  Duplicating the number of classes is a high price to pay to be able to have some QAction functionality behave differently, or be only available in widgets applications.  Instead, declare the entire API in QtGui in QAction* classes, but implement those methods that depend on widgets only in QtWidgets. Use a function pointer to allow us to clean up widgets also in the QAction destructor, and to hook actions up to the widget-specific shortcut handling. Initialize those pointers during QApplication initialization.  Change-Id: Id0b27f9187652ec531a2e8b1b9837e82dc81625c"
140043,qt%2Fqt5~stable~Ib25883ebaafe1b86077d77d5598355d1f9320a5a,https://codereview.qt-project.org/76117,4,185,0,0,464563,4,58,2,559.319444444444,73,,,,,Updated submodules.,Updated submodules.  Change-Id: Ib25883ebaafe1b86077d77d5598355d1f9320a5a
261896,qt3dstudio%2Fqt3dstudio~2.4~Ib22fda6aed1cf9336f15b79256b5f9db8774159f,https://codereview.qt-project.org/263967,13,185,29,14,43472,57,49,451,127.873333333333,435,,,,,Switch to qt3dstudio/ogl-runtime submodule,"WIP:Add module config for ogl-runtime  Module config changed so that ogl-runtime builds as stand-alone module. Contents moved to the module as the unit tests for runtime will be in there, testing of Contents scripts, shaders and effects needs to be with the runtime. Main repo config modified to have submodule configs for Authoring and Runtime/ogl-runtime.  Task-number: QT3DS-3600 Change-Id: Ib22fda6aed1cf9336f15b79256b5f9db8774159f"
92918,qt%2Fqtbase~dev~Ibf946e1939a5573c4182fea7e26608947218c2d9,https://codereview.qt-project.org/107985,13,185,246,0,22514,102,33,1,7514.34694444444,603,,,,,QDataStream: handle incomplete reads from QIODevice,"QDataStream: attempt to handle incomplete reads from QIODevice  This gives the way to recover a read stream after the ReadPastEnd error. For this purpose, put back to device the last partially readed stream primitive and temporarily disable a subsequent operations. After resetStatus() call the user is able to continue reading a stream from aligned position.  [ChangeLog][QtCore][Important Behavior Change] QDataStream now disables a read operations in ReadPastEnd, ReadCorruptData state until resetStatus() will be called.  Task-number: QTBUG-44418 Change-Id: Ibf946e1939a5573c4182fea7e26608947218c2d9"
261896,qt3dstudio%2Fqt3dstudio~2.4~Ib22fda6aed1cf9336f15b79256b5f9db8774159f,https://codereview.qt-project.org/263967,13,185,29,14,43472,57,49,451,127.873333333333,435,,,,,Switch to qt3dstudio/ogl-runtime submodule,"WIP:Add module config for ogl-runtime  Module config changed so that ogl-runtime builds as stand-alone module. Contents moved to the module as the unit tests for runtime will be in there, testing of Contents scripts, shaders and effects needs to be with the runtime. Main repo config modified to have submodule configs for Authoring and Runtime/ogl-runtime.  Task-number: QT3DS-3600 Change-Id: Ib22fda6aed1cf9336f15b79256b5f9db8774159f"
8015,qt%2Fqtwebkit~wip%2Fnext~I0b4f2228e99504abc704096e2282ab912a19bda6,https://codereview.qt-project.org/169257,8,187,151,0,23272,70,49,2,2448.44527777778,84,,,,,Added qmake project to make CI happy,Added qmake project for Qt CI.  Change-Id: I0b4f2228e99504abc704096e2282ab912a19bda6
8015,qt%2Fqtwebkit~wip%2Fnext~I0b4f2228e99504abc704096e2282ab912a19bda6,https://codereview.qt-project.org/169257,8,187,151,0,23272,70,49,2,2448.44527777778,84,,,,,Added qmake project to make CI happy,Added qmake project for Qt CI.  Change-Id: I0b4f2228e99504abc704096e2282ab912a19bda6
8015,qt%2Fqtwebkit~wip%2Fnext~I0b4f2228e99504abc704096e2282ab912a19bda6,https://codereview.qt-project.org/169257,8,187,151,0,23272,70,49,2,2448.44527777778,84,,,,,Added qmake project to make CI happy,Added qmake project for Qt CI.  Change-Id: I0b4f2228e99504abc704096e2282ab912a19bda6
8015,qt%2Fqtwebkit~wip%2Fnext~I0b4f2228e99504abc704096e2282ab912a19bda6,https://codereview.qt-project.org/169257,8,187,151,0,23272,70,49,2,2448.44527777778,84,,,,,Added qmake project to make CI happy,Added qmake project for Qt CI.  Change-Id: I0b4f2228e99504abc704096e2282ab912a19bda6
221665,qt%2Fqtvirtualkeyboard~dev~I1edd804a3559e022b01e1e9b804c5a914c6de555,https://codereview.qt-project.org/308001,5,188,0,0,1241730,6,44,1,859.005,106,,,,,Update dependencies on 'dev' in qt/qtvirtualkeyboard,Update dependencies on 'dev' in qt/qtvirtualkeyboard  Change-Id: I1edd804a3559e022b01e1e9b804c5a914c6de555
221904,qt%2Fqt5~dev~Ic1f599c5194bcdee9528a548dabead1097821cd1,https://codereview.qt-project.org/232218,14,188,349,4,27313,184,66,10,19153.1716666667,234,,,,,Enable use of sccache in the CI,"Use sccache in the CI  The sccache may significantly reduce build times. Initial benchmarks shows speedups up to 80%, but we need to evaluate real cases to see how much is to gain.  Change-Id: Ic1f599c5194bcdee9528a548dabead1097821cd1"
221665,qt%2Fqtvirtualkeyboard~dev~I1edd804a3559e022b01e1e9b804c5a914c6de555,https://codereview.qt-project.org/308001,5,188,0,0,1241730,6,44,1,859.005,106,,,,,Update dependencies on 'dev' in qt/qtvirtualkeyboard,Update dependencies on 'dev' in qt/qtvirtualkeyboard  Change-Id: I1edd804a3559e022b01e1e9b804c5a914c6de555
221665,qt%2Fqtvirtualkeyboard~dev~I1edd804a3559e022b01e1e9b804c5a914c6de555,https://codereview.qt-project.org/308001,5,188,0,0,1241730,6,44,1,859.005,106,,,,,Update dependencies on 'dev' in qt/qtvirtualkeyboard,Update dependencies on 'dev' in qt/qtvirtualkeyboard  Change-Id: I1edd804a3559e022b01e1e9b804c5a914c6de555
254461,qt%2Fqtbase~dev~If7a9f4db907124e3cd54e3f4b0ad3e20717d1912,https://codereview.qt-project.org/266221,8,190,60,9,300294,759,68,60,1418.66916666667,154,,,,,unblacklist passing tests,unblacklist passing tests  These tests have not failed on the removed platforms for at least 60 days  Change-Id: If7a9f4db907124e3cd54e3f4b0ad3e20717d1912
261015,qt%2Fqtbase~dev~I9741f017961b410c910dfffd14ffca50dd8ef3ba,https://codereview.qt-project.org/214286,13,190,499,0,234633,777,36,5,13165.8358333333,228,,,,,Long live DOM API for CBOR!,"WIP Long live DOM API for CBOR!  This is very similar to QJsonDocument, but there's no QCborDocument. QCborValue is that.  Headers compile, but there's no implementation yet.  Change-Id: I9741f017961b410c910dfffd14ffca50dd8ef3ba"
251548,qt%2Fqttools~dev~I261100102868cb9372b8a4ab5843be97e515212f,https://codereview.qt-project.org/267465,4,190,181,8,8819,211,87,3,1872.32166666667,671,,,,,Add VisitCallExpr to the AST visitor,"Add VisitCallExpr to the AST visitor  When HandleTranslationUnit is called from the AST consumer and the visitor function TraverseAST is called, the VisitCallExpr function is automatically triggered  The translation functions are hold within CallExpression that's why we visit them  The VisitCallExpr function -checks that the CallExpression: 	-is within the input file we're interested in 	-contains a translation function (tr or qtIdTr or translation) -retrieves the translation information hold in the CallExpression: 	-file name 	-line number of the translation function 	-context 	-source 	-comment 	-plural 	-id  Change-Id: I261100102868cb9372b8a4ab5843be97e515212f"
261015,qt%2Fqtbase~dev~I9741f017961b410c910dfffd14ffca50dd8ef3ba,https://codereview.qt-project.org/214286,13,190,499,0,234633,777,36,5,13165.8358333333,228,,,,,Long live DOM API for CBOR!,"WIP Long live DOM API for CBOR!  This is very similar to QJsonDocument, but there's no QCborDocument. QCborValue is that.  Headers compile, but there's no implementation yet.  Change-Id: I9741f017961b410c910dfffd14ffca50dd8ef3ba"
37508,qt-creator%2Fplugin-telemetry~master~Ibc6de672780b5b37c0613d5dd41d99783cf8700b,https://codereview.qt-project.org/240361,8,191,962,0,31420,4857,31,62,6566.35555555556,86,,,,,Initial plugin commit for review,Initial plugin commit for review  Change-Id: Ibc6de672780b5b37c0613d5dd41d99783cf8700b
91373,qbs%2Fqbs~master~I60d0aeaeb2d1004929505bcb1e0bc77512fe77bc,https://codereview.qt-project.org/127050,9,191,150,5,140564,150,36,4,47100.3144444444,110,,,,,Implement codesign module,WIP: Implement automatic provisioning profile selection.  Change-Id: I60d0aeaeb2d1004929505bcb1e0bc77512fe77bc
37508,qt-creator%2Fplugin-telemetry~master~Ibc6de672780b5b37c0613d5dd41d99783cf8700b,https://codereview.qt-project.org/240361,8,191,962,0,31420,4857,31,62,6566.35555555556,86,,,,,Initial plugin commit for review,Initial plugin commit for review  Change-Id: Ibc6de672780b5b37c0613d5dd41d99783cf8700b
37508,qt-creator%2Fplugin-telemetry~master~Ibc6de672780b5b37c0613d5dd41d99783cf8700b,https://codereview.qt-project.org/240361,8,191,962,0,31420,4857,31,62,6566.35555555556,86,,,,,Initial plugin commit for review,Initial plugin commit for review  Change-Id: Ibc6de672780b5b37c0613d5dd41d99783cf8700b
268237,qt%2Fqtdeclarative~5.12~I90ce328b35f3bdf3fd666a8829f22b5d56b6f861,https://codereview.qt-project.org/122066,12,192,156,0,258938,308,39,10,31916.4733333333,193,,,,,QML Engine: Support for JavaScript Promises,QML Engine: Support for JavaScript Promises  Support for JavaScript Promises.  [ChangeLog][QtQml][Promise] Support for JavaScript Promises.  Change-Id: I90ce328b35f3bdf3fd666a8829f22b5d56b6f861
270750,qt%2Fqtdeclarative~dev~I55387a08b122227c5624f78af3d450b7695d974a,https://codereview.qt-project.org/233125,11,192,63,0,23802,430,61,7,5546.0675,113,,,,,Add TableModel,WIP: Experiment with a JavaScript-based TableModel QML type  Change-Id: I55387a08b122227c5624f78af3d450b7695d974a
268237,qt%2Fqtdeclarative~5.12~I90ce328b35f3bdf3fd666a8829f22b5d56b6f861,https://codereview.qt-project.org/122066,12,192,156,0,258938,308,39,10,31916.4733333333,193,,,,,QML Engine: Support for JavaScript Promises,QML Engine: Support for JavaScript Promises  Support for JavaScript Promises.  [ChangeLog][QtQml][Promise] Support for JavaScript Promises.  Change-Id: I90ce328b35f3bdf3fd666a8829f22b5d56b6f861
268237,qt%2Fqtdeclarative~5.12~I90ce328b35f3bdf3fd666a8829f22b5d56b6f861,https://codereview.qt-project.org/122066,12,192,156,0,258938,308,39,10,31916.4733333333,193,,,,,QML Engine: Support for JavaScript Promises,QML Engine: Support for JavaScript Promises  Support for JavaScript Promises.  [ChangeLog][QtQml][Promise] Support for JavaScript Promises.  Change-Id: I90ce328b35f3bdf3fd666a8829f22b5d56b6f861
250727,qt%2Fqttools~dev~I1fd6d3551f4f107705fb3b37a702cd8a8590fcd2,https://codereview.qt-project.org/267473,4,193,20,0,8233,98,98,2,2088.31138888889,227,,,,,Add function to extract and store information from the raw comments,Add function to extract and store information from the raw comments  Recognizes //: /*: //= //~ //% Fills the proper fields in the store dedicated to translation information  Change-Id: I1fd6d3551f4f107705fb3b37a702cd8a8590fcd2
154092,qt%2Fqtbase~dev~Ic7bebc10b3f8d8dd06ad0f4bb897c51d566e3b7c,https://codereview.qt-project.org/58979,18,193,344,0,43236,389,36,3,1852.73472222222,163,,,,,Long live QCommandLineParser!,Add the initial version of the command line option (arguments) class  Change-Id: Ic7bebc10b3f8d8dd06ad0f4bb897c51d566e3b7c Reviewed-by: Laszlo Papp <lpapp@kde.org>
174755,qt%2Fqtbase~dev~Ie6dd9c2dfeeccd526c2133d7ac03efce5b7ed091,https://codereview.qt-project.org/313249,5,193,65,18,212399,75,57,4,2021.41972222222,88,,,,,Add coin instructions to run Android test in emulator,wip: Android test run instructions  Change-Id: Ie6dd9c2dfeeccd526c2133d7ac03efce5b7ed091
250727,qt%2Fqttools~dev~I1fd6d3551f4f107705fb3b37a702cd8a8590fcd2,https://codereview.qt-project.org/267473,4,193,20,0,8233,98,98,2,2088.31138888889,227,,,,,Add function to extract and store information from the raw comments,Add function to extract and store information from the raw comments  Recognizes //: /*: //= //~ //% Fills the proper fields in the store dedicated to translation information  Change-Id: I1fd6d3551f4f107705fb3b37a702cd8a8590fcd2
186044,qt%2Fqtbase~master~I0d0a73835698b3b4f97219d4f5bbcfa2af57dbe2,https://codereview.qt-project.org/22050,12,194,54,0,29860,416,57,15,2257.80111111111,121,,,,,Platform-plugin support for QSystemTrayIcon.,Platform-plugin support for QSystemTrayIcon. - Included Mac-Support  Change-Id: I0d0a73835698b3b4f97219d4f5bbcfa2af57dbe2
186044,qt%2Fqtbase~master~I0d0a73835698b3b4f97219d4f5bbcfa2af57dbe2,https://codereview.qt-project.org/22050,12,194,54,0,29860,416,57,15,2257.80111111111,121,,,,,Platform-plugin support for QSystemTrayIcon.,Platform-plugin support for QSystemTrayIcon. - Included Mac-Support  Change-Id: I0d0a73835698b3b4f97219d4f5bbcfa2af57dbe2
186044,qt%2Fqtbase~master~I0d0a73835698b3b4f97219d4f5bbcfa2af57dbe2,https://codereview.qt-project.org/22050,12,194,54,0,29860,416,57,15,2257.80111111111,121,,,,,Platform-plugin support for QSystemTrayIcon.,Platform-plugin support for QSystemTrayIcon. - Included Mac-Support  Change-Id: I0d0a73835698b3b4f97219d4f5bbcfa2af57dbe2
186044,qt%2Fqtbase~master~I0d0a73835698b3b4f97219d4f5bbcfa2af57dbe2,https://codereview.qt-project.org/22050,12,194,54,0,29860,416,57,15,2257.80111111111,121,,,,,Platform-plugin support for QSystemTrayIcon.,Platform-plugin support for QSystemTrayIcon. - Included Mac-Support  Change-Id: I0d0a73835698b3b4f97219d4f5bbcfa2af57dbe2
219816,qt-creator%2Fperfparser~master~I5de13644e12def6704c5f622428a815fd87d2af4,https://codereview.qt-project.org/304270,5,195,8,1,22938,7562,9,10,2174.69194444444,529,,,,,Improve support for applications that rely on fork for parallelism,"Improve support for applications that rely on fork for parallelism  A forked process inherits the elfmap of the parent, thus we need to copy that data when we encounter a fork event. To do so reliably, we need to flush the event buffer, as otherwise the mmmap state may not be accurate.  Furthermore, pass the ppid through the ThreadStart event, to allow client applications to inherit the comm for the newly created process.  Fixes: https://github.com/KDAB/hotspot/issues/241 Change-Id: I5de13644e12def6704c5f622428a815fd87d2af4"
219816,qt-creator%2Fperfparser~master~I5de13644e12def6704c5f622428a815fd87d2af4,https://codereview.qt-project.org/304270,5,195,8,1,22938,7562,9,10,2174.69194444444,529,,,,,Improve support for applications that rely on fork for parallelism,"Improve support for applications that rely on fork for parallelism  A forked process inherits the elfmap of the parent, thus we need to copy that data when we encounter a fork event. To do so reliably, we need to flush the event buffer, as otherwise the mmmap state may not be accurate.  Furthermore, pass the ppid through the ThreadStart event, to allow client applications to inherit the comm for the newly created process.  Fixes: https://github.com/KDAB/hotspot/issues/241 Change-Id: I5de13644e12def6704c5f622428a815fd87d2af4"
219816,qt-creator%2Fperfparser~master~I5de13644e12def6704c5f622428a815fd87d2af4,https://codereview.qt-project.org/304270,5,195,8,1,22938,7562,9,10,2174.69194444444,529,,,,,Improve support for applications that rely on fork for parallelism,"Improve support for applications that rely on fork for parallelism  A forked process inherits the elfmap of the parent, thus we need to copy that data when we encounter a fork event. To do so reliably, we need to flush the event buffer, as otherwise the mmmap state may not be accurate.  Furthermore, pass the ppid through the ThreadStart event, to allow client applications to inherit the comm for the newly created process.  Fixes: https://github.com/KDAB/hotspot/issues/241 Change-Id: I5de13644e12def6704c5f622428a815fd87d2af4"
219816,qt-creator%2Fperfparser~master~I5de13644e12def6704c5f622428a815fd87d2af4,https://codereview.qt-project.org/304270,5,195,8,1,22938,7562,9,10,2174.69194444444,529,,,,,Improve support for applications that rely on fork for parallelism,"Improve support for applications that rely on fork for parallelism  A forked process inherits the elfmap of the parent, thus we need to copy that data when we encounter a fork event. To do so reliably, we need to flush the event buffer, as otherwise the mmmap state may not be accurate.  Furthermore, pass the ppid through the ThreadStart event, to allow client applications to inherit the comm for the newly created process.  Fixes: https://github.com/KDAB/hotspot/issues/241 Change-Id: I5de13644e12def6704c5f622428a815fd87d2af4"
222513,qt%2Fqtnetworkauth~dev~If20b42e3d3e94ff2ba1d060fddd891d9d203adaf,https://codereview.qt-project.org/309590,3,196,0,0,1256665,2,6,1,101.278333333333,102,,,,,Update dependencies on 'dev' in qt/qtnetworkauth,Update dependencies on 'dev' in qt/qtnetworkauth  Change-Id: If20b42e3d3e94ff2ba1d060fddd891d9d203adaf
222513,qt%2Fqtnetworkauth~dev~If20b42e3d3e94ff2ba1d060fddd891d9d203adaf,https://codereview.qt-project.org/309590,3,196,0,0,1256665,2,6,1,101.278333333333,102,,,,,Update dependencies on 'dev' in qt/qtnetworkauth,Update dependencies on 'dev' in qt/qtnetworkauth  Change-Id: If20b42e3d3e94ff2ba1d060fddd891d9d203adaf
222513,qt%2Fqtnetworkauth~dev~If20b42e3d3e94ff2ba1d060fddd891d9d203adaf,https://codereview.qt-project.org/309590,3,196,0,0,1256665,2,6,1,101.278333333333,102,,,,,Update dependencies on 'dev' in qt/qtnetworkauth,Update dependencies on 'dev' in qt/qtnetworkauth  Change-Id: If20b42e3d3e94ff2ba1d060fddd891d9d203adaf
222513,qt%2Fqtnetworkauth~dev~If20b42e3d3e94ff2ba1d060fddd891d9d203adaf,https://codereview.qt-project.org/309590,3,196,0,0,1256665,2,6,1,101.278333333333,102,,,,,Update dependencies on 'dev' in qt/qtnetworkauth,Update dependencies on 'dev' in qt/qtnetworkauth  Change-Id: If20b42e3d3e94ff2ba1d060fddd891d9d203adaf
223133,qt%2Fqtwayland~dev~I356db9edcec656303508c721092e8904abf4d3ef,https://codereview.qt-project.org/306854,5,197,0,0,656983,4,20,1,560.070833333333,98,,,,,Update dependencies on 'dev' in qt/qtwayland,Update dependencies on 'dev' in qt/qtwayland  Change-Id: I356db9edcec656303508c721092e8904abf4d3ef
223860,qt%2Fqtdeclarative~dev~Ie850b72ee691d77059dd6fcb33c5b91c1281462d,https://codereview.qt-project.org/307402,8,197,0,0,1219229,4,16,1,159.016944444444,102,,,,,Update dependencies on 'dev' in qt/qtdeclarative,Update dependencies on 'dev' in qt/qtdeclarative  Change-Id: Ie850b72ee691d77059dd6fcb33c5b91c1281462d
223133,qt%2Fqtwayland~dev~I356db9edcec656303508c721092e8904abf4d3ef,https://codereview.qt-project.org/306854,5,197,0,0,656983,4,20,1,560.070833333333,98,,,,,Update dependencies on 'dev' in qt/qtwayland,Update dependencies on 'dev' in qt/qtwayland  Change-Id: I356db9edcec656303508c721092e8904abf4d3ef
223133,qt%2Fqtwayland~dev~I356db9edcec656303508c721092e8904abf4d3ef,https://codereview.qt-project.org/306854,5,197,0,0,656983,4,20,1,560.070833333333,98,,,,,Update dependencies on 'dev' in qt/qtwayland,Update dependencies on 'dev' in qt/qtwayland  Change-Id: I356db9edcec656303508c721092e8904abf4d3ef
261487,qt%2Fqtbase~dev~I246f2e36d562e404012c05db2aa72487108aa7cc,https://codereview.qt-project.org/256713,7,198,6575,1,66796,85500,85,167,2007.44222222222,419,,,,,Introduce the Qt graphics abstraction as private QtGui helpers,"WIP: something  Import qtrhi from git.qt.io with converting QRhi into a private API for the time being. The structure is kept nonetheless, as some day, perhaps Qt 6 time frame, we will need to shift back (so do _p_p.h -> _p.h and _p.h -> .h).  QRhiShader[Description] are the only public classes here for now, and those have no graphics API dependencies whatsoever.  Change-Id: I246f2e36d562e404012c05db2aa72487108aa7cc"
242440,qt%2Fqtdeclarative~dev~I5f1fbc3d00e8f583d2c89afc5389de84d68633a7,https://codereview.qt-project.org/284814,16,198,104,0,360701,0,38,0,707.265,105,,,,,Merge remote-tracking branch 'origin/5.15' into dev,Merge remote-tracking branch 'origin/5.15' into dev  Change-Id: I5f1fbc3d00e8f583d2c89afc5389de84d68633a7
261487,qt%2Fqtbase~dev~I246f2e36d562e404012c05db2aa72487108aa7cc,https://codereview.qt-project.org/256713,7,198,6575,1,66796,85500,85,167,2007.44222222222,419,,,,,Introduce the Qt graphics abstraction as private QtGui helpers,"WIP: something  Import qtrhi from git.qt.io with converting QRhi into a private API for the time being. The structure is kept nonetheless, as some day, perhaps Qt 6 time frame, we will need to shift back (so do _p_p.h -> _p.h and _p.h -> .h).  QRhiShader[Description] are the only public classes here for now, and those have no graphics API dependencies whatsoever.  Change-Id: I246f2e36d562e404012c05db2aa72487108aa7cc"
261487,qt%2Fqtbase~dev~I246f2e36d562e404012c05db2aa72487108aa7cc,https://codereview.qt-project.org/256713,7,198,6575,1,66796,85500,85,167,2007.44222222222,419,,,,,Introduce the Qt graphics abstraction as private QtGui helpers,"WIP: something  Import qtrhi from git.qt.io with converting QRhi into a private API for the time being. The structure is kept nonetheless, as some day, perhaps Qt 6 time frame, we will need to shift back (so do _p_p.h -> _p.h and _p.h -> .h).  QRhiShader[Description] are the only public classes here for now, and those have no graphics API dependencies whatsoever.  Change-Id: I246f2e36d562e404012c05db2aa72487108aa7cc"
261364,qt%2Fqtbase~dev~I59b48cf83acf5532a998bb493e6379e9177e14c8,https://codereview.qt-project.org/185287,18,199,327,0,57300,751,33,7,20499.2052777778,1831,,,,,Support for LTTNG and ETW tracing,"WIP: Support for LTTNG and ETW tracing.  This commit introduces minimal support for instrumentation within Qt. Currently, only LTTNG/Linux and ETW/Windows are supported.  The API consists of only three macros:      - Q_TRACE(tracepoint, args...)     - Q_DO_TRACE(tracepoint, args...)     - Q_TRACE_ENABLED(tracepoint)  When using LTTNG, Q_TRACE, Q_DO_TRACE and Q_TRACE_ENABLED map ultimately to tracepoint(), do_tracepoint() and tracepoint_enabled(), respectively. On ETW, Q_TRACE() and Q_DO_TRACE() are equivalent, ultimately amounting to a call to TraceLoggingWrite(), whereas Q_TRACE_ENABLED() wraps around TraceLoggingProviderEnabled().  A tracepoint provider is defined in a separate file, that follows the following format:      [provider_name]     tracepoint_name(arg_type, arg_name, ...)  For instance:      [qtcore]      qcoreapplication_ctor(int, argc, const char * const, argv)     qcoreapplication_foo(int, argc, const char[10], argv)     qcoreapplication_baz(const char[len], some_string, unsigned int, len)     qcoreapplication_qstring(const QString &, foo)     qcoreapplication_qrect(const QRect &, rect)  The provider file is then parsed by utils/tracegen/tracegen, which can be switched to output either ETW or LTTNG tracepoint definitions.  To use the above (inside qtcore), you need to include <private/qtraceevent_p.h>. After that, the following call becomes possible:      Q_TRACE(qcoreapplication_qrect, myRect);  Currently, all C++ primitive non-pointer types are supported for arguments. Additionaly, char * is supported, and is assumed to be a NULL-terminated string. Finally, a small subset of select Qt types (such as QString and QByteArray) are also supported. Dynamic arrays are supported using the syntax illustrated by qcoreapplication_baz above.  Change-Id: I59b48cf83acf5532a998bb493e6379e9177e14c8"
261364,qt%2Fqtbase~dev~I59b48cf83acf5532a998bb493e6379e9177e14c8,https://codereview.qt-project.org/185287,18,199,327,0,57300,751,33,7,20499.2052777778,1831,,,,,Support for LTTNG and ETW tracing,"WIP: Support for LTTNG and ETW tracing.  This commit introduces minimal support for instrumentation within Qt. Currently, only LTTNG/Linux and ETW/Windows are supported.  The API consists of only three macros:      - Q_TRACE(tracepoint, args...)     - Q_DO_TRACE(tracepoint, args...)     - Q_TRACE_ENABLED(tracepoint)  When using LTTNG, Q_TRACE, Q_DO_TRACE and Q_TRACE_ENABLED map ultimately to tracepoint(), do_tracepoint() and tracepoint_enabled(), respectively. On ETW, Q_TRACE() and Q_DO_TRACE() are equivalent, ultimately amounting to a call to TraceLoggingWrite(), whereas Q_TRACE_ENABLED() wraps around TraceLoggingProviderEnabled().  A tracepoint provider is defined in a separate file, that follows the following format:      [provider_name]     tracepoint_name(arg_type, arg_name, ...)  For instance:      [qtcore]      qcoreapplication_ctor(int, argc, const char * const, argv)     qcoreapplication_foo(int, argc, const char[10], argv)     qcoreapplication_baz(const char[len], some_string, unsigned int, len)     qcoreapplication_qstring(const QString &, foo)     qcoreapplication_qrect(const QRect &, rect)  The provider file is then parsed by utils/tracegen/tracegen, which can be switched to output either ETW or LTTNG tracepoint definitions.  To use the above (inside qtcore), you need to include <private/qtraceevent_p.h>. After that, the following call becomes possible:      Q_TRACE(qcoreapplication_qrect, myRect);  Currently, all C++ primitive non-pointer types are supported for arguments. Additionaly, char * is supported, and is assumed to be a NULL-terminated string. Finally, a small subset of select Qt types (such as QString and QByteArray) are also supported. Dynamic arrays are supported using the syntax illustrated by qcoreapplication_baz above.  Change-Id: I59b48cf83acf5532a998bb493e6379e9177e14c8"
261364,qt%2Fqtbase~dev~I59b48cf83acf5532a998bb493e6379e9177e14c8,https://codereview.qt-project.org/185287,18,199,327,0,57300,751,33,7,20499.2052777778,1831,,,,,Support for LTTNG and ETW tracing,"WIP: Support for LTTNG and ETW tracing.  This commit introduces minimal support for instrumentation within Qt. Currently, only LTTNG/Linux and ETW/Windows are supported.  The API consists of only three macros:      - Q_TRACE(tracepoint, args...)     - Q_DO_TRACE(tracepoint, args...)     - Q_TRACE_ENABLED(tracepoint)  When using LTTNG, Q_TRACE, Q_DO_TRACE and Q_TRACE_ENABLED map ultimately to tracepoint(), do_tracepoint() and tracepoint_enabled(), respectively. On ETW, Q_TRACE() and Q_DO_TRACE() are equivalent, ultimately amounting to a call to TraceLoggingWrite(), whereas Q_TRACE_ENABLED() wraps around TraceLoggingProviderEnabled().  A tracepoint provider is defined in a separate file, that follows the following format:      [provider_name]     tracepoint_name(arg_type, arg_name, ...)  For instance:      [qtcore]      qcoreapplication_ctor(int, argc, const char * const, argv)     qcoreapplication_foo(int, argc, const char[10], argv)     qcoreapplication_baz(const char[len], some_string, unsigned int, len)     qcoreapplication_qstring(const QString &, foo)     qcoreapplication_qrect(const QRect &, rect)  The provider file is then parsed by utils/tracegen/tracegen, which can be switched to output either ETW or LTTNG tracepoint definitions.  To use the above (inside qtcore), you need to include <private/qtraceevent_p.h>. After that, the following call becomes possible:      Q_TRACE(qcoreapplication_qrect, myRect);  Currently, all C++ primitive non-pointer types are supported for arguments. Additionaly, char * is supported, and is assumed to be a NULL-terminated string. Finally, a small subset of select Qt types (such as QString and QByteArray) are also supported. Dynamic arrays are supported using the syntax illustrated by qcoreapplication_baz above.  Change-Id: I59b48cf83acf5532a998bb493e6379e9177e14c8"
261364,qt%2Fqtbase~dev~I59b48cf83acf5532a998bb493e6379e9177e14c8,https://codereview.qt-project.org/185287,18,199,327,0,57300,751,33,7,20499.2052777778,1831,,,,,Support for LTTNG and ETW tracing,"WIP: Support for LTTNG and ETW tracing.  This commit introduces minimal support for instrumentation within Qt. Currently, only LTTNG/Linux and ETW/Windows are supported.  The API consists of only three macros:      - Q_TRACE(tracepoint, args...)     - Q_DO_TRACE(tracepoint, args...)     - Q_TRACE_ENABLED(tracepoint)  When using LTTNG, Q_TRACE, Q_DO_TRACE and Q_TRACE_ENABLED map ultimately to tracepoint(), do_tracepoint() and tracepoint_enabled(), respectively. On ETW, Q_TRACE() and Q_DO_TRACE() are equivalent, ultimately amounting to a call to TraceLoggingWrite(), whereas Q_TRACE_ENABLED() wraps around TraceLoggingProviderEnabled().  A tracepoint provider is defined in a separate file, that follows the following format:      [provider_name]     tracepoint_name(arg_type, arg_name, ...)  For instance:      [qtcore]      qcoreapplication_ctor(int, argc, const char * const, argv)     qcoreapplication_foo(int, argc, const char[10], argv)     qcoreapplication_baz(const char[len], some_string, unsigned int, len)     qcoreapplication_qstring(const QString &, foo)     qcoreapplication_qrect(const QRect &, rect)  The provider file is then parsed by utils/tracegen/tracegen, which can be switched to output either ETW or LTTNG tracepoint definitions.  To use the above (inside qtcore), you need to include <private/qtraceevent_p.h>. After that, the following call becomes possible:      Q_TRACE(qcoreapplication_qrect, myRect);  Currently, all C++ primitive non-pointer types are supported for arguments. Additionaly, char * is supported, and is assumed to be a NULL-terminated string. Finally, a small subset of select Qt types (such as QString and QByteArray) are also supported. Dynamic arrays are supported using the syntax illustrated by qcoreapplication_baz above.  Change-Id: I59b48cf83acf5532a998bb493e6379e9177e14c8"
247685,qt%2Fqt5~5.13~Ibe25a3e99d09aea840c9e86a403dc1577701eb0a,https://codereview.qt-project.org/276580,7,200,0,0,882011,10,30,5,658.791111111111,91,,,,,Update submodules on '5.13' in qt/qt5,Update submodules on '5.13' in qt/qt5  Change-Id: Ibe25a3e99d09aea840c9e86a403dc1577701eb0a
261418,qt%2Fqtbase~dev~Ia0aac2f09e9245339951ffff13c651cfeab77d3b,https://codereview.qt-project.org/107465,16,200,206,0,118721,663,37,9,37601.9411111111,470,,,,,Long live QCborStreamWriter!,"QJsonDocument: add support for encoding to CBOR  CBOR is the Concise Binary Object Representation, a very compact form of binary data encoding that is compatible with JSON. It's as concise as MessagePack (http://msgpack.org) but it is more regular and also has room for expansion. It's also more concise than BJSON and UBJSON, allowing for shorter message payloads.  See RFC 7049: http://tools.ietf.org/html/rfc7049.  Change-Id: Ia0aac2f09e9245339951ffff13c651cfeab77d3b"
186313,qt%2Fqtdeclarative~master~If19ef687d7602e83cc11b18d2fecfbbdb4e44f5c,https://codereview.qt-project.org/24189,12,200,84,0,17404,831,63,9,1588.74888888889,603,,,,,Propagate synthesized mouse events in parallel with touch.,Propagate synthesized mouse events in parallel with touch.  The event propagation inside QQuickCanvas was to send the touch event through all elements and if it was accepted along the way stop. Afterwards generate a mouse event and propagate it through the items in the same way.  With this patch the behavior is changed instead to do the propagation in parallel. That means in paint order the items get sent a touch event and directly after the mouse event. Propagation stops if either is accepted.  A new unit test showing this behavior was added.  Change-Id: If19ef687d7602e83cc11b18d2fecfbbdb4e44f5c
247685,qt%2Fqt5~5.13~Ibe25a3e99d09aea840c9e86a403dc1577701eb0a,https://codereview.qt-project.org/276580,7,200,0,0,882011,10,30,5,658.791111111111,91,,,,,Update submodules on '5.13' in qt/qt5,Update submodules on '5.13' in qt/qt5  Change-Id: Ibe25a3e99d09aea840c9e86a403dc1577701eb0a
259724,qt%2Fqtbase~dev~Id2e0f4cc861311d1ece462864e5e30c76184af8c,https://codereview.qt-project.org/243755,9,201,148,0,26860,28,46,1,5580.6625,129,,,,,Enable OCSP stapling in QSslSocket,WIP: OCSP stapling  Enable OCSP stapling in OpenSSL back-end of QSslSocket.  Change-Id: Id2e0f4cc861311d1ece462864e5e30c76184af8c
259724,qt%2Fqtbase~dev~Id2e0f4cc861311d1ece462864e5e30c76184af8c,https://codereview.qt-project.org/243755,9,201,148,0,26860,28,46,1,5580.6625,129,,,,,Enable OCSP stapling in QSslSocket,WIP: OCSP stapling  Enable OCSP stapling in OpenSSL back-end of QSslSocket.  Change-Id: Id2e0f4cc861311d1ece462864e5e30c76184af8c
259724,qt%2Fqtbase~dev~Id2e0f4cc861311d1ece462864e5e30c76184af8c,https://codereview.qt-project.org/243755,9,201,148,0,26860,28,46,1,5580.6625,129,,,,,Enable OCSP stapling in QSslSocket,WIP: OCSP stapling  Enable OCSP stapling in OpenSSL back-end of QSslSocket.  Change-Id: Id2e0f4cc861311d1ece462864e5e30c76184af8c
259724,qt%2Fqtbase~dev~Id2e0f4cc861311d1ece462864e5e30c76184af8c,https://codereview.qt-project.org/243755,9,201,148,0,26860,28,46,1,5580.6625,129,,,,,Enable OCSP stapling in QSslSocket,WIP: OCSP stapling  Enable OCSP stapling in OpenSSL back-end of QSslSocket.  Change-Id: Id2e0f4cc861311d1ece462864e5e30c76184af8c
94347,qt%2Fqt5~dev~I54527e1c5ad138ac63d38d8eabcf158d11b0286d,https://codereview.qt-project.org/141800,14,202,0,0,934720,62,19,31,515.273611111111,73,,,,,Updated submodules.,Updated submodules.  Change-Id: I54527e1c5ad138ac63d38d8eabcf158d11b0286d
94347,qt%2Fqt5~dev~I54527e1c5ad138ac63d38d8eabcf158d11b0286d,https://codereview.qt-project.org/141800,14,202,0,0,934720,62,19,31,515.273611111111,73,,,,,Updated submodules.,Updated submodules.  Change-Id: I54527e1c5ad138ac63d38d8eabcf158d11b0286d
94347,qt%2Fqt5~dev~I54527e1c5ad138ac63d38d8eabcf158d11b0286d,https://codereview.qt-project.org/141800,14,202,0,0,934720,62,19,31,515.273611111111,73,,,,,Updated submodules.,Updated submodules.  Change-Id: I54527e1c5ad138ac63d38d8eabcf158d11b0286d
94347,qt%2Fqt5~dev~I54527e1c5ad138ac63d38d8eabcf158d11b0286d,https://codereview.qt-project.org/141800,14,202,0,0,934720,62,19,31,515.273611111111,73,,,,,Updated submodules.,Updated submodules.  Change-Id: I54527e1c5ad138ac63d38d8eabcf158d11b0286d
134679,qt%2Fqtbase~dev~I74d8f974606520efb3935110ff3d6ddb5ea805a8,https://codereview.qt-project.org/81545,13,203,129,0,57113,813,45,6,794.155833333333,403,,,,,Introducing QPixelFormat,"Introducing QPixelFormat  Its purpose in life will be to describe pixels layout. Sadly it cannot be called QPixelLayout as that name is allready taken. It is hoped that QPixelFormat will replace QImage::Format in Qt 6. Untill then we have to settle with using it everywhere else :)  TODO: documentation, more tests and there have to be some bugs here Change-Id: I74d8f974606520efb3935110ff3d6ddb5ea805a8"
272533,qt%2Fqt5~dev~I71f79181704d6ce8faac0019f6d7a5016b0ecb5e,https://codereview.qt-project.org/232354,9,203,0,0,858899,4,23,13,5045.80194444444,106,,,,,Swap openSUSE 42.3 to 15,Swap openSUSE 42.3 to 15  Task-number: QTQAINFRA-2067 Change-Id: I71f79181704d6ce8faac0019f6d7a5016b0ecb5e
134679,qt%2Fqtbase~dev~I74d8f974606520efb3935110ff3d6ddb5ea805a8,https://codereview.qt-project.org/81545,13,203,129,0,57113,813,45,6,794.155833333333,403,,,,,Introducing QPixelFormat,"Introducing QPixelFormat  Its purpose in life will be to describe pixels layout. Sadly it cannot be called QPixelLayout as that name is allready taken. It is hoped that QPixelFormat will replace QImage::Format in Qt 6. Untill then we have to settle with using it everywhere else :)  TODO: documentation, more tests and there have to be some bugs here Change-Id: I74d8f974606520efb3935110ff3d6ddb5ea805a8"
134679,qt%2Fqtbase~dev~I74d8f974606520efb3935110ff3d6ddb5ea805a8,https://codereview.qt-project.org/81545,13,203,129,0,57113,813,45,6,794.155833333333,403,,,,,Introducing QPixelFormat,"Introducing QPixelFormat  Its purpose in life will be to describe pixels layout. Sadly it cannot be called QPixelLayout as that name is allready taken. It is hoped that QPixelFormat will replace QImage::Format in Qt 6. Untill then we have to settle with using it everywhere else :)  TODO: documentation, more tests and there have to be some bugs here Change-Id: I74d8f974606520efb3935110ff3d6ddb5ea805a8"
83455,qt%2Fqt5~5.7~Iac472068ce186e1e1a0a8a58c7050451171eee37,https://codereview.qt-project.org/156546,13,205,0,0,769903,14,27,7,490.790277777778,73,,,,,Updated submodules.,Updated submodules.  Change-Id: Iac472068ce186e1e1a0a8a58c7050451171eee37
83455,qt%2Fqt5~5.7~Iac472068ce186e1e1a0a8a58c7050451171eee37,https://codereview.qt-project.org/156546,13,205,0,0,769903,14,27,7,490.790277777778,73,,,,,Updated submodules.,Updated submodules.  Change-Id: Iac472068ce186e1e1a0a8a58c7050451171eee37
83455,qt%2Fqt5~5.7~Iac472068ce186e1e1a0a8a58c7050451171eee37,https://codereview.qt-project.org/156546,13,205,0,0,769903,14,27,7,490.790277777778,73,,,,,Updated submodules.,Updated submodules.  Change-Id: Iac472068ce186e1e1a0a8a58c7050451171eee37
83455,qt%2Fqt5~5.7~Iac472068ce186e1e1a0a8a58c7050451171eee37,https://codereview.qt-project.org/156546,13,205,0,0,769903,14,27,7,490.790277777778,73,,,,,Updated submodules.,Updated submodules.  Change-Id: Iac472068ce186e1e1a0a8a58c7050451171eee37
63277,qt%2Fqtdeclarative~wip%2Fpointerhandler~I41a378feea3340b9f0409118273746a289641d6c,https://codereview.qt-project.org/122348,5,206,44,0,7132,235,97,7,13466.4333333333,106,,,,,Introduce TapHandler,add TapHandler  Device-agnostic tap/click detection.  Change-Id: I41a378feea3340b9f0409118273746a289641d6c
269795,qt%2Fqtbase~5.12~I44925187acd72e600d2fec4f2604b67c66ecdd6b,https://codereview.qt-project.org/239542,7,206,16,0,1159737,2,22,1,3914.19638888889,126,,,,,"Remove ""insignificant"" flag from qfilesystemmodel test",Remove insignificant flag from qfilesystemmodel  Task-number: QTBUG-29403 Change-Id: I44925187acd72e600d2fec4f2604b67c66ecdd6b
63277,qt%2Fqtdeclarative~wip%2Fpointerhandler~I41a378feea3340b9f0409118273746a289641d6c,https://codereview.qt-project.org/122348,5,206,44,0,7132,235,97,7,13466.4333333333,106,,,,,Introduce TapHandler,add TapHandler  Device-agnostic tap/click detection.  Change-Id: I41a378feea3340b9f0409118273746a289641d6c
63277,qt%2Fqtdeclarative~wip%2Fpointerhandler~I41a378feea3340b9f0409118273746a289641d6c,https://codereview.qt-project.org/122348,5,206,44,0,7132,235,97,7,13466.4333333333,106,,,,,Introduce TapHandler,add TapHandler  Device-agnostic tap/click detection.  Change-Id: I41a378feea3340b9f0409118273746a289641d6c
151934,qt%2Fqtbase~dev~I219517d740fa7385e923a9e09cb7e241378f857a,https://codereview.qt-project.org/48334,22,207,364,0,34034,304,32,4,5024.06805555556,357,,,,,Add QFileSelector API,"WIP: Add QFileSelectors API  For easy cross-platform and cross-device UIs, automatic asset swapping based on filename is being developed. This API provides the logic for the swapping, so that applications can use it themselves with the same logic as any automatic swapping done in application templates.  Change-Id: I219517d740fa7385e923a9e09cb7e241378f857a"
151934,qt%2Fqtbase~dev~I219517d740fa7385e923a9e09cb7e241378f857a,https://codereview.qt-project.org/48334,22,207,364,0,34034,304,32,4,5024.06805555556,357,,,,,Add QFileSelector API,"WIP: Add QFileSelectors API  For easy cross-platform and cross-device UIs, automatic asset swapping based on filename is being developed. This API provides the logic for the swapping, so that applications can use it themselves with the same logic as any automatic swapping done in application templates.  Change-Id: I219517d740fa7385e923a9e09cb7e241378f857a"
151934,qt%2Fqtbase~dev~I219517d740fa7385e923a9e09cb7e241378f857a,https://codereview.qt-project.org/48334,22,207,364,0,34034,304,32,4,5024.06805555556,357,,,,,Add QFileSelector API,"WIP: Add QFileSelectors API  For easy cross-platform and cross-device UIs, automatic asset swapping based on filename is being developed. This API provides the logic for the swapping, so that applications can use it themselves with the same logic as any automatic swapping done in application templates.  Change-Id: I219517d740fa7385e923a9e09cb7e241378f857a"
151934,qt%2Fqtbase~dev~I219517d740fa7385e923a9e09cb7e241378f857a,https://codereview.qt-project.org/48334,22,207,364,0,34034,304,32,4,5024.06805555556,357,,,,,Add QFileSelector API,"WIP: Add QFileSelectors API  For easy cross-platform and cross-device UIs, automatic asset swapping based on filename is being developed. This API provides the logic for the swapping, so that applications can use it themselves with the same logic as any automatic swapping done in application templates.  Change-Id: I219517d740fa7385e923a9e09cb7e241378f857a"
223005,qt%2Fqtwebview~dev~Ie4fbfdf42b70933c9ab58d4cc9f5ad4935e0227a,https://codereview.qt-project.org/284834,5,208,0,0,512766,0,38,0,5462.22555555556,105,,,,,Merge remote-tracking branch 'origin/5.15' into dev,Merge remote-tracking branch 'origin/5.15' into dev  Change-Id: Ie4fbfdf42b70933c9ab58d4cc9f5ad4935e0227a
275089,qt%2Fqtbase~dev~Ia52eb27846965c14f8140c00faf5ba33c9443976,https://codereview.qt-project.org/59605,14,208,376,0,170942,4025,32,14,47508.8905555556,511,,,,,New qfloat16 class,"initial submission of qfloat16 as a global class.  This constitutes a fairly complete submission of an entirely new floating point type which conforms to IEEE 754 as a 16-bit storage class.  Conversion between qfloat16 and float is fast, performed through a sequence of lookup tables.  Global-level functions qRound(), qRound64(), qFuzzyCompare(), qFuzzyIsNull(), qIsNull(), and qIntCast() each with a qfloat16 parameter have been included for completeness.  Change-Id: Ia52eb27846965c14f8140c00faf5ba33c9443976"
223005,qt%2Fqtwebview~dev~Ie4fbfdf42b70933c9ab58d4cc9f5ad4935e0227a,https://codereview.qt-project.org/284834,5,208,0,0,512766,0,38,0,5462.22555555556,105,,,,,Merge remote-tracking branch 'origin/5.15' into dev,Merge remote-tracking branch 'origin/5.15' into dev  Change-Id: Ie4fbfdf42b70933c9ab58d4cc9f5ad4935e0227a
223005,qt%2Fqtwebview~dev~Ie4fbfdf42b70933c9ab58d4cc9f5ad4935e0227a,https://codereview.qt-project.org/284834,5,208,0,0,512766,0,38,0,5462.22555555556,105,,,,,Merge remote-tracking branch 'origin/5.15' into dev,Merge remote-tracking branch 'origin/5.15' into dev  Change-Id: Ie4fbfdf42b70933c9ab58d4cc9f5ad4935e0227a
265352,qt%2Fqtbase~dev~I220edb796053c9c4d31a6dbdc7efc5fc0f6678f9,https://codereview.qt-project.org/151324,17,209,108,0,117524,105,24,3,27571.2822222222,84,,,,,Non-associative containers: add range constructors,QVector: add range constructor  Change-Id: I220edb796053c9c4d31a6dbdc7efc5fc0f6678f9
270937,qt%2Fqttools~5.13~I6da3e2e9e71d39a29d90e073ed614309a49e3d4c,https://codereview.qt-project.org/246639,7,209,161,0,26375,3104,57,22,1709.32694444444,113,,,refactoring/,refactor|,qdoc: Major clean-up of FunctionNode and parameter processing,qdoc: WIP Refactor function node processing  This is a WIP.  Change-Id: I6da3e2e9e71d39a29d90e073ed614309a49e3d4c
1335,qt%2Fqt5~5.6~I0c3653565f19cc9b798a0b63325c47b017cf5537,https://codereview.qt-project.org/192483,8,209,273,0,110405,1275,60,27,8330.1675,123,,,,,WIP: Provisioning: Add Squish provisioning for Release Test Automation,WIP: Provisioning: Squish to provisioning for Release Test Automation  Change-Id: I0c3653565f19cc9b798a0b63325c47b017cf5537
265352,qt%2Fqtbase~dev~I220edb796053c9c4d31a6dbdc7efc5fc0f6678f9,https://codereview.qt-project.org/151324,17,209,108,0,117524,105,24,3,27571.2822222222,84,,,,,Non-associative containers: add range constructors,QVector: add range constructor  Change-Id: I220edb796053c9c4d31a6dbdc7efc5fc0f6678f9
222134,qt%2Fqtdeclarative~dev~I7fb401206b92067f3f685a6da25eb6e510e2ee41,https://codereview.qt-project.org/309191,7,210,0,0,1022863,4,55,1,336.115555555556,102,,,,,Update dependencies on 'dev' in qt/qtdeclarative,Update dependencies on 'dev' in qt/qtdeclarative  Change-Id: I7fb401206b92067f3f685a6da25eb6e510e2ee41
222134,qt%2Fqtdeclarative~dev~I7fb401206b92067f3f685a6da25eb6e510e2ee41,https://codereview.qt-project.org/309191,7,210,0,0,1022863,4,55,1,336.115555555556,102,,,,,Update dependencies on 'dev' in qt/qtdeclarative,Update dependencies on 'dev' in qt/qtdeclarative  Change-Id: I7fb401206b92067f3f685a6da25eb6e510e2ee41
222134,qt%2Fqtdeclarative~dev~I7fb401206b92067f3f685a6da25eb6e510e2ee41,https://codereview.qt-project.org/309191,7,210,0,0,1022863,4,55,1,336.115555555556,102,,,,,Update dependencies on 'dev' in qt/qtdeclarative,Update dependencies on 'dev' in qt/qtdeclarative  Change-Id: I7fb401206b92067f3f685a6da25eb6e510e2ee41
222134,qt%2Fqtdeclarative~dev~I7fb401206b92067f3f685a6da25eb6e510e2ee41,https://codereview.qt-project.org/309191,7,210,0,0,1022863,4,55,1,336.115555555556,102,,,,,Update dependencies on 'dev' in qt/qtdeclarative,Update dependencies on 'dev' in qt/qtdeclarative  Change-Id: I7fb401206b92067f3f685a6da25eb6e510e2ee41
280815,qt%2Fqt5~5.12~I1b5c2a1c23ce209040b3478cff21b7f6436a9b54,https://codereview.qt-project.org/219410,11,212,25,0,76660,1,66,1,4889.69583333333,81,,,,,Add Ubuntu 18.04 to the CI,WIP: Add Ubuntu 17.10 to CI  Change-Id: I1b5c2a1c23ce209040b3478cff21b7f6436a9b54
270936,qt3dstudio%2Fqt3d-runtime~master~Id5637d23f5e9d178b8c40a3bb7c8b8950297548f,https://codereview.qt-project.org/251081,14,212,385,0,29908,454,40,18,224.822222222222,151,,,,,Add variant filtering,Add variant filtering  Add variant filtering to loading of presentations.  Task-number: QT3DS-2662 Change-Id: Id5637d23f5e9d178b8c40a3bb7c8b8950297548f
280815,qt%2Fqt5~5.12~I1b5c2a1c23ce209040b3478cff21b7f6436a9b54,https://codereview.qt-project.org/219410,11,212,25,0,76660,1,66,1,4889.69583333333,81,,,,,Add Ubuntu 18.04 to the CI,WIP: Add Ubuntu 17.10 to CI  Change-Id: I1b5c2a1c23ce209040b3478cff21b7f6436a9b54
280815,qt%2Fqt5~5.12~I1b5c2a1c23ce209040b3478cff21b7f6436a9b54,https://codereview.qt-project.org/219410,11,212,25,0,76660,1,66,1,4889.69583333333,81,,,,,Add Ubuntu 18.04 to the CI,WIP: Add Ubuntu 17.10 to CI  Change-Id: I1b5c2a1c23ce209040b3478cff21b7f6436a9b54
251028,qt%2Fqtdeclarative~5.15~I7abb8a5c39f5e63ad1a0cb41a783f2c91909491b,https://codereview.qt-project.org/248475,6,213,23,14,356395,424,69,48,6906.72333333333,257,,,,,Specify parameters of type registration in class declarations,"WIP: Allow specification of element name and revision in Q_CLASSINFO  This enables us to simplify the interface to qmlRegisterType().  Some more things need to be added here, in particular ""uncreatable"".  Change-Id: I7abb8a5c39f5e63ad1a0cb41a783f2c91909491b"
72128,qt%2Fqtbase~dev~I645804fd933be0befddeeb43095a74d2c178b2ba,https://codereview.qt-project.org/145174,10,213,793,0,16878,455,42,64,6734.97916666667,268,,,,,Add support for Apple tvOS,"tvOS support, qtbase build  - qpa same as iOS but disables:   device orientation, status bar, clipboard, menus, dialogs - touch events supported, in full screen coords - press events added, always at center of view  Change-Id: I645804fd933be0befddeeb43095a74d2c178b2ba"
251028,qt%2Fqtdeclarative~5.15~I7abb8a5c39f5e63ad1a0cb41a783f2c91909491b,https://codereview.qt-project.org/248475,6,213,23,14,356395,424,69,48,6906.72333333333,257,,,,,Specify parameters of type registration in class declarations,"WIP: Allow specification of element name and revision in Q_CLASSINFO  This enables us to simplify the interface to qmlRegisterType().  Some more things need to be added here, in particular ""uncreatable"".  Change-Id: I7abb8a5c39f5e63ad1a0cb41a783f2c91909491b"
251028,qt%2Fqtdeclarative~5.15~I7abb8a5c39f5e63ad1a0cb41a783f2c91909491b,https://codereview.qt-project.org/248475,6,213,23,14,356395,424,69,48,6906.72333333333,257,,,,,Specify parameters of type registration in class declarations,"WIP: Allow specification of element name and revision in Q_CLASSINFO  This enables us to simplify the interface to qmlRegisterType().  Some more things need to be added here, in particular ""uncreatable"".  Change-Id: I7abb8a5c39f5e63ad1a0cb41a783f2c91909491b"
165731,qt%2Fqt5~stable~Id3d46ac7b315145cfce399450e5f99a2c16dd41b,https://codereview.qt-project.org/49277,5,214,0,0,474024,2,57,1,667.841944444445,73,,,,,Updated submodules.,Updated submodules.  Change-Id: Id3d46ac7b315145cfce399450e5f99a2c16dd41b
275752,qt%2Fqtquickcontrols2~dev~I3da91643ab312eb9ef5b0567da4e758f17747192,https://codereview.qt-project.org/235911,8,214,15,0,78609,392,92,8,2473.8125,93,,,,,Add SplitView,WIP: SplitView  Task-number: QTBUG-56318 Change-Id: I3da91643ab312eb9ef5b0567da4e758f17747192
165731,qt%2Fqt5~stable~Id3d46ac7b315145cfce399450e5f99a2c16dd41b,https://codereview.qt-project.org/49277,5,214,0,0,474024,2,57,1,667.841944444445,73,,,,,Updated submodules.,Updated submodules.  Change-Id: Id3d46ac7b315145cfce399450e5f99a2c16dd41b
165731,qt%2Fqt5~stable~Id3d46ac7b315145cfce399450e5f99a2c16dd41b,https://codereview.qt-project.org/49277,5,214,0,0,474024,2,57,1,667.841944444445,73,,,,,Updated submodules.,Updated submodules.  Change-Id: Id3d46ac7b315145cfce399450e5f99a2c16dd41b
53389,qt%2Fqtbase~dev~I2064efbe9685def5d2bb2233a66f7581954fb74a,https://codereview.qt-project.org/189399,7,215,172,0,34047,5130,63,10,2480.11166666667,479,,,,,QSslSocket: OpenSSL 1.1 backend,"WIP - OSSL11 back-end for our QSslSocket.  Author: Richard Moore.  v. 1.1 based back-end. That's a very preliminary patch-set, just to be able to start a code-review and find out what and how has to be done. Some changes probably do not deserve 11.h/cpp version and can be merged with our ""legacy"" back-end (for example, openssl_symbols files?).  The change in pri file is just a temporary hack to be able to build it at all.  Change-Id: I2064efbe9685def5d2bb2233a66f7581954fb74a"
239025,qt%2Fqtquickcontrols2~5.15~Ie3f913dd616cda0d4e5a22a3d95baf71692370fe,https://codereview.qt-project.org/270170,8,215,152,22,275153,489,46,8,4419.42305555556,229,,,,,Add HorizontalHeaderView and VerticalHeaderView,"Add HeaderView  HeaderView is a header control associated with TableView. Support column width/ row height resizing, flicking synchronization. TODO: persisting widths/heights?  Change-Id: Ie3f913dd616cda0d4e5a22a3d95baf71692370fe"
53389,qt%2Fqtbase~dev~I2064efbe9685def5d2bb2233a66f7581954fb74a,https://codereview.qt-project.org/189399,7,215,172,0,34047,5130,63,10,2480.11166666667,479,,,,,QSslSocket: OpenSSL 1.1 backend,"WIP - OSSL11 back-end for our QSslSocket.  Author: Richard Moore.  v. 1.1 based back-end. That's a very preliminary patch-set, just to be able to start a code-review and find out what and how has to be done. Some changes probably do not deserve 11.h/cpp version and can be merged with our ""legacy"" back-end (for example, openssl_symbols files?).  The change in pri file is just a temporary hack to be able to build it at all.  Change-Id: I2064efbe9685def5d2bb2233a66f7581954fb74a"
53389,qt%2Fqtbase~dev~I2064efbe9685def5d2bb2233a66f7581954fb74a,https://codereview.qt-project.org/189399,7,215,172,0,34047,5130,63,10,2480.11166666667,479,,,,,QSslSocket: OpenSSL 1.1 backend,"WIP - OSSL11 back-end for our QSslSocket.  Author: Richard Moore.  v. 1.1 based back-end. That's a very preliminary patch-set, just to be able to start a code-review and find out what and how has to be done. Some changes probably do not deserve 11.h/cpp version and can be merged with our ""legacy"" back-end (for example, openssl_symbols files?).  The change in pri file is just a temporary hack to be able to build it at all.  Change-Id: I2064efbe9685def5d2bb2233a66f7581954fb74a"
221234,qt%2Fqtquickcontrols2~dev~I34e9f32d5f695aaac7acf6b4aac30e8a2311e0cf,https://codereview.qt-project.org/295107,4,217,65,2,51667,247,102,20,3694.40666666667,193,,,,,Convert remaining imperative type registration to declarative,WIP: Register types declaratively  Adapt to the new way of registering types. TODO: explain reason why we need to switch  Change-Id: I34e9f32d5f695aaac7acf6b4aac30e8a2311e0cf Fixes: QTBUG-82922
221234,qt%2Fqtquickcontrols2~dev~I34e9f32d5f695aaac7acf6b4aac30e8a2311e0cf,https://codereview.qt-project.org/295107,4,217,65,2,51667,247,102,20,3694.40666666667,193,,,,,Convert remaining imperative type registration to declarative,WIP: Register types declaratively  Adapt to the new way of registering types. TODO: explain reason why we need to switch  Change-Id: I34e9f32d5f695aaac7acf6b4aac30e8a2311e0cf Fixes: QTBUG-82922
221234,qt%2Fqtquickcontrols2~dev~I34e9f32d5f695aaac7acf6b4aac30e8a2311e0cf,https://codereview.qt-project.org/295107,4,217,65,2,51667,247,102,20,3694.40666666667,193,,,,,Convert remaining imperative type registration to declarative,WIP: Register types declaratively  Adapt to the new way of registering types. TODO: explain reason why we need to switch  Change-Id: I34e9f32d5f695aaac7acf6b4aac30e8a2311e0cf Fixes: QTBUG-82922
221234,qt%2Fqtquickcontrols2~dev~I34e9f32d5f695aaac7acf6b4aac30e8a2311e0cf,https://codereview.qt-project.org/295107,4,217,65,2,51667,247,102,20,3694.40666666667,193,,,,,Convert remaining imperative type registration to declarative,WIP: Register types declaratively  Adapt to the new way of registering types. TODO: explain reason why we need to switch  Change-Id: I34e9f32d5f695aaac7acf6b4aac30e8a2311e0cf Fixes: QTBUG-82922
28241,qt%2Fqt5~dev~I2dc2ce46ebd9e08203e8bae861648efcca383e10,https://codereview.qt-project.org/296829,4,219,0,0,1263796,32,48,16,1288.38833333333,90,,,,,Update submodules on 'dev' in qt/qt5,Update submodules on 'dev' in qt/qt5  Change-Id: I2dc2ce46ebd9e08203e8bae861648efcca383e10
149558,qt%2Fqt5~dev~I270009dfde0be0080902b6ea6a220ccf4095cb0e,https://codereview.qt-project.org/65485,4,219,0,0,978192,12,60,6,749.700555555556,73,,,,,Updated submodules.,Updated submodules.  Change-Id: I270009dfde0be0080902b6ea6a220ccf4095cb0e
28241,qt%2Fqt5~dev~I2dc2ce46ebd9e08203e8bae861648efcca383e10,https://codereview.qt-project.org/296829,4,219,0,0,1263796,32,48,16,1288.38833333333,90,,,,,Update submodules on 'dev' in qt/qt5,Update submodules on 'dev' in qt/qt5  Change-Id: I2dc2ce46ebd9e08203e8bae861648efcca383e10
28241,qt%2Fqt5~dev~I2dc2ce46ebd9e08203e8bae861648efcca383e10,https://codereview.qt-project.org/296829,4,219,0,0,1263796,32,48,16,1288.38833333333,90,,,,,Update submodules on 'dev' in qt/qt5,Update submodules on 'dev' in qt/qt5  Change-Id: I2dc2ce46ebd9e08203e8bae861648efcca383e10
140683,qt%2Fqt5~dev~If37564a74908846d69141b95c7edd938f4fc2379,https://codereview.qt-project.org/75221,9,220,0,0,861331,2,55,1,598.116111111111,73,,,,,Updated submodules.,Updated submodules.  Change-Id: If37564a74908846d69141b95c7edd938f4fc2379
261093,qt%2Fqtbase~dev~I8e3206728f245f95172c225bf297023fb078fc6d,https://codereview.qt-project.org/212569,7,220,161,0,50553,37,40,8,13605.6938888889,420,,,,,Add QIODevice::NewOnly and QIODevice::ExistingOnly OpenMode flags,"Add QIODevice::CreateOnly OpenMode flag  When QFile::open is called with the CreateOnly flag, the call will fail if the file already exists. As usual, if the file does not exist, it will be created. Like QTemporaryFile, there is a guarantee from the operating system that you are not accidentally creating a new file on top of an older file.  Task-number: QTBUG-52244 Change-Id: I8e3206728f245f95172c225bf297023fb078fc6d"
140683,qt%2Fqt5~dev~If37564a74908846d69141b95c7edd938f4fc2379,https://codereview.qt-project.org/75221,9,220,0,0,861331,2,55,1,598.116111111111,73,,,,,Updated submodules.,Updated submodules.  Change-Id: If37564a74908846d69141b95c7edd938f4fc2379
140683,qt%2Fqt5~dev~If37564a74908846d69141b95c7edd938f4fc2379,https://codereview.qt-project.org/75221,9,220,0,0,861331,2,55,1,598.116111111111,73,,,,,Updated submodules.,Updated submodules.  Change-Id: If37564a74908846d69141b95c7edd938f4fc2379
191259,qt%2Fqtshadertools~dev~I7e55c1b3e463eea46a8e1bd2b18a9b0512121291,https://codereview.qt-project.org/322815,2,222,0,0,100736,2,14,1,56.8447222222222,102,,,,,Update dependencies on 'dev' in qt/qtshadertools,Update dependencies on 'dev' in qt/qtshadertools  Change-Id: I7e55c1b3e463eea46a8e1bd2b18a9b0512121291
191260,qt%2Fqtsvg~dev~I0cee210a397b16e4924e86c9b4b9f36de5563cf9,https://codereview.qt-project.org/322816,2,222,0,0,98111,2,14,1,56.7947222222222,94,,,,,Update dependencies on 'dev' in qt/qtsvg,Update dependencies on 'dev' in qt/qtsvg  Change-Id: I0cee210a397b16e4924e86c9b4b9f36de5563cf9
167807,qt%2Fqtdeclarative~dev~I073c7a84bff6c02cf592dc46822a5a4b9c9bcaea,https://codereview.qt-project.org/44201,9,222,140,0,25500,463,53,8,1313.38638888889,229,,,,,"adding QtQuick.Dialogs, with FileDialog implementation","WIP: adding QtQuick.StandardDialogs, with FileDialog implementation  This will obsolete the QFileDialogItem in desktop components and be available to all QtQuick applications.  Change-Id: I073c7a84bff6c02cf592dc46822a5a4b9c9bcaea"
191259,qt%2Fqtshadertools~dev~I7e55c1b3e463eea46a8e1bd2b18a9b0512121291,https://codereview.qt-project.org/322815,2,222,0,0,100736,2,14,1,56.8447222222222,102,,,,,Update dependencies on 'dev' in qt/qtshadertools,Update dependencies on 'dev' in qt/qtshadertools  Change-Id: I7e55c1b3e463eea46a8e1bd2b18a9b0512121291
269827,meta%2Fquips~master~I8968adc061a7c18512a93492f17c90d977de6ac4,https://codereview.qt-project.org/243623,45,223,395,0,14723,212,14,1,2882.89583333333,226,,,,,QUIP 12: The Qt Community Code of Conduct,QUIP-12: Code of Conduct  This details a Code of Conduct to be adopted by the Qt Project. The issue was brought up on the mailing list and on the Contributors' Summit 2017.  Change-Id: I8968adc061a7c18512a93492f17c90d977de6ac4
270763,qt3dstudio%2Fqt3d-runtime~master~I6df62a85ca0ec61609504c929b9c3d126719ba48,https://codereview.qt-project.org/246281,9,223,100,0,38032,176,46,4,1877.52305555556,1806,,,,,Implement distance field text rendering,"WIP: Start of new text rendering  Mostly analysis and some work on separating out the font loading so far.  Thoughts: 1. Better isolation of loaded fonts while keeping compatibility. The current approach pollutes the main font database with fonts from specific presentations, which can cause a presentation to look different depending on what presentations were shown before it. We need to use QRawFont for loading the specific fonts of the project and let Qt do the normal font selection based on this preference.  2. Distance field rendering. Use the distance field cache and shaders from Qt Quick.  3. Keep the old text renderer behind some option, to avoid having to duplicate some of the logic, such as built-in drop shadows, which are probably better handled in a more generic way.  4. Lookups currently done on the font file name, which is probably inherited from Qt 3D Studio 1 and required for compatibility. It is also useful to provide a way to directly use a specific font file, something which is currently missing from Qt Quick.  5. The current update logic will always redo the text. This is of course inefficient, but it means we don't have to worry too much about optimizing this path.  6. Selections or styled text do not seem to be supported in the current approach which limits the scope, thankfully.  7. Should be flexible enough that we can add stuff like elide and formatting later on, since users are bound to request this as soon as they realize it isn't supported.  8. The font selection seems to be exclusively based on loading a specific font file currently. In a cross-platform environment you will probably want more indirect ways of querying fonts, like QFont, but that is also not required in the first version it seems.  Change-Id: I6df62a85ca0ec61609504c929b9c3d126719ba48"
269827,meta%2Fquips~master~I8968adc061a7c18512a93492f17c90d977de6ac4,https://codereview.qt-project.org/243623,45,223,395,0,14723,212,14,1,2882.89583333333,226,,,,,QUIP 12: The Qt Community Code of Conduct,QUIP-12: Code of Conduct  This details a Code of Conduct to be adopted by the Qt Project. The issue was brought up on the mailing list and on the Contributors' Summit 2017.  Change-Id: I8968adc061a7c18512a93492f17c90d977de6ac4
269827,meta%2Fquips~master~I8968adc061a7c18512a93492f17c90d977de6ac4,https://codereview.qt-project.org/243623,45,223,395,0,14723,212,14,1,2882.89583333333,226,,,,,QUIP 12: The Qt Community Code of Conduct,QUIP-12: Code of Conduct  This details a Code of Conduct to be adopted by the Qt Project. The issue was brought up on the mailing list and on the Contributors' Summit 2017.  Change-Id: I8968adc061a7c18512a93492f17c90d977de6ac4
249749,qt%2Fqttools~dev~I47ddf61351bcb49f6dc868cc96d57d37237a048a,https://codereview.qt-project.org/267484,4,224,73,1,8839,216,109,2,2332.03805555556,381,,,,,Add filling the translator,"Add filling the translator  Functions are added to the AST visitor They fill the translator with the information retrieved from the read of the AST  At the AST consumer level the AST visitor fillTranslator function is called  Since the translator is now filled, lupdate run with -pclang option new produced a filled up .ts file  Change-Id: I47ddf61351bcb49f6dc868cc96d57d37237a048a"
28514,qt%2Fqtbase~master~Ic191e02734e8c9f8946f47dd225779278579159a,https://codereview.qt-project.org/33219,3,224,0,0,48964,20,80,1,3426.07638888889,81,,,,,WIP Introduce a qdoc error.,WIP Introduce a qdoc error.  Change-Id: Ic191e02734e8c9f8946f47dd225779278579159a
249749,qt%2Fqttools~dev~I47ddf61351bcb49f6dc868cc96d57d37237a048a,https://codereview.qt-project.org/267484,4,224,73,1,8839,216,109,2,2332.03805555556,381,,,,,Add filling the translator,"Add filling the translator  Functions are added to the AST visitor They fill the translator with the information retrieved from the read of the AST  At the AST consumer level the AST visitor fillTranslator function is called  Since the translator is now filled, lupdate run with -pclang option new produced a filled up .ts file  Change-Id: I47ddf61351bcb49f6dc868cc96d57d37237a048a"
249749,qt%2Fqttools~dev~I47ddf61351bcb49f6dc868cc96d57d37237a048a,https://codereview.qt-project.org/267484,4,224,73,1,8839,216,109,2,2332.03805555556,381,,,,,Add filling the translator,"Add filling the translator  Functions are added to the AST visitor They fill the translator with the information retrieved from the read of the AST  At the AST consumer level the AST visitor fillTranslator function is called  Since the translator is now filled, lupdate run with -pclang option new produced a filled up .ts file  Change-Id: I47ddf61351bcb49f6dc868cc96d57d37237a048a"
262937,qt%2Fqt5~5.13.0~I930d239cd139b6202ebdfb5cdc8068ff2ad0b8a3,https://codereview.qt-project.org/244362,9,229,19,0,15448,6,106,1,4966.885,221,,,,,Provisioning: Change openssl version to 1.1.1b,[wip] Provisioning: Change openssl version to 1.1.1  Use newest LTS version of openssl as support for 1.0.2 series will end at end of 2019.  Task-number: QTQAINFRA-2327 Change-Id: I930d239cd139b6202ebdfb5cdc8068ff2ad0b8a3
262937,qt%2Fqt5~5.13.0~I930d239cd139b6202ebdfb5cdc8068ff2ad0b8a3,https://codereview.qt-project.org/244362,9,229,19,0,15448,6,106,1,4966.885,221,,,,,Provisioning: Change openssl version to 1.1.1b,[wip] Provisioning: Change openssl version to 1.1.1  Use newest LTS version of openssl as support for 1.0.2 series will end at end of 2019.  Task-number: QTQAINFRA-2327 Change-Id: I930d239cd139b6202ebdfb5cdc8068ff2ad0b8a3
262937,qt%2Fqt5~5.13.0~I930d239cd139b6202ebdfb5cdc8068ff2ad0b8a3,https://codereview.qt-project.org/244362,9,229,19,0,15448,6,106,1,4966.885,221,,,,,Provisioning: Change openssl version to 1.1.1b,[wip] Provisioning: Change openssl version to 1.1.1  Use newest LTS version of openssl as support for 1.0.2 series will end at end of 2019.  Task-number: QTQAINFRA-2327 Change-Id: I930d239cd139b6202ebdfb5cdc8068ff2ad0b8a3
262937,qt%2Fqt5~5.13.0~I930d239cd139b6202ebdfb5cdc8068ff2ad0b8a3,https://codereview.qt-project.org/244362,9,229,19,0,15448,6,106,1,4966.885,221,,,,,Provisioning: Change openssl version to 1.1.1b,[wip] Provisioning: Change openssl version to 1.1.1  Use newest LTS version of openssl as support for 1.0.2 series will end at end of 2019.  Task-number: QTQAINFRA-2327 Change-Id: I930d239cd139b6202ebdfb5cdc8068ff2ad0b8a3
41366,qt%2Fqttools~dev~I079ec0a026a145951a3138ae63f6e1a94eb94a28,https://codereview.qt-project.org/331394,5,231,1121,1,12936,225,53,1,3089.81611111111,125,,,,,Add doc on how to solve QDoc warnings,WIP - Doc: Add doc on how to solve CI warnings  Task-number: QTBUG-89860 Change-Id: I079ec0a026a145951a3138ae63f6e1a94eb94a28
41366,qt%2Fqttools~dev~I079ec0a026a145951a3138ae63f6e1a94eb94a28,https://codereview.qt-project.org/331394,5,231,1121,1,12936,225,53,1,3089.81611111111,125,,,,,Add doc on how to solve QDoc warnings,WIP - Doc: Add doc on how to solve CI warnings  Task-number: QTBUG-89860 Change-Id: I079ec0a026a145951a3138ae63f6e1a94eb94a28
41366,qt%2Fqttools~dev~I079ec0a026a145951a3138ae63f6e1a94eb94a28,https://codereview.qt-project.org/331394,5,231,1121,1,12936,225,53,1,3089.81611111111,125,,,,,Add doc on how to solve QDoc warnings,WIP - Doc: Add doc on how to solve CI warnings  Task-number: QTBUG-89860 Change-Id: I079ec0a026a145951a3138ae63f6e1a94eb94a28
41366,qt%2Fqttools~dev~I079ec0a026a145951a3138ae63f6e1a94eb94a28,https://codereview.qt-project.org/331394,5,231,1121,1,12936,225,53,1,3089.81611111111,125,,,,,Add doc on how to solve QDoc warnings,WIP - Doc: Add doc on how to solve CI warnings  Task-number: QTBUG-89860 Change-Id: I079ec0a026a145951a3138ae63f6e1a94eb94a28
263857,qt%2Fqtbase~5.12~I9814eccdf9f9b3add9ca66ec3e27e10cd5ad54a8,https://codereview.qt-project.org/235717,5,232,247,0,33626,2,28,1,7017.57,365,,,,,Fix integer overflows in QDeadlineTimer,"Fix integer overflow in QDeadlineTimer's constructor  If the deadline is far in the future and is specified through the constructor accepting milliseconds, the conversion to nanoseconds first will overflow and give an invalid object; the deadline is going to be in the past.  [ChangeLog][QtCore][QDeadlineTimer]  Change-Id: I9814eccdf9f9b3add9ca66ec3e27e10cd5ad54a8"
263857,qt%2Fqtbase~5.12~I9814eccdf9f9b3add9ca66ec3e27e10cd5ad54a8,https://codereview.qt-project.org/235717,5,232,247,0,33626,2,28,1,7017.57,365,,,,,Fix integer overflows in QDeadlineTimer,"Fix integer overflow in QDeadlineTimer's constructor  If the deadline is far in the future and is specified through the constructor accepting milliseconds, the conversion to nanoseconds first will overflow and give an invalid object; the deadline is going to be in the past.  [ChangeLog][QtCore][QDeadlineTimer]  Change-Id: I9814eccdf9f9b3add9ca66ec3e27e10cd5ad54a8"
263857,qt%2Fqtbase~5.12~I9814eccdf9f9b3add9ca66ec3e27e10cd5ad54a8,https://codereview.qt-project.org/235717,5,232,247,0,33626,2,28,1,7017.57,365,,,,,Fix integer overflows in QDeadlineTimer,"Fix integer overflow in QDeadlineTimer's constructor  If the deadline is far in the future and is specified through the constructor accepting milliseconds, the conversion to nanoseconds first will overflow and give an invalid object; the deadline is going to be in the past.  [ChangeLog][QtCore][QDeadlineTimer]  Change-Id: I9814eccdf9f9b3add9ca66ec3e27e10cd5ad54a8"
263857,qt%2Fqtbase~5.12~I9814eccdf9f9b3add9ca66ec3e27e10cd5ad54a8,https://codereview.qt-project.org/235717,5,232,247,0,33626,2,28,1,7017.57,365,,,,,Fix integer overflows in QDeadlineTimer,"Fix integer overflow in QDeadlineTimer's constructor  If the deadline is far in the future and is specified through the constructor accepting milliseconds, the conversion to nanoseconds first will overflow and give an invalid object; the deadline is going to be in the past.  [ChangeLog][QtCore][QDeadlineTimer]  Change-Id: I9814eccdf9f9b3add9ca66ec3e27e10cd5ad54a8"
92441,qt-creator%2Fqt-creator~master~I92c2050ab0fb327649ea1eff4adec973d2073944,https://codereview.qt-project.org/93717,7,233,353,0,25575,706,73,52,12138.5119444444,1284,,,,,Implement theming for QtCreator,"Implement a dark theme for QtCreator  Adds a '-dark' command line option, which switches QtCreator to a dark theme (for everything around the editor).  This does not use a stylesheet (too limited), but rather sets the palette via C++ and modifies drawing behaviour. Overall, the look is more flat (removed some gradients and bevels).  Tested on Ubuntu 14.04 using Qt 5.4 and running on a KDE Desktop (Oxygen base style).  For a screenshot, see https://gist.github.com/thorbenk/5ab06bea726de0aa7473  Currently, this is a proof of concept. See below for TODOs.  Changes: - Introduce Utils::StyleHelper::theme() to ask for the them   (currently: CreatorTheme_Original and CreatorTheme_Dark) - Add lots of if (dark) { } else { } to set certain colors,   tweak the drawing code etc - Create some custom icons which look better on dark background   (wip, currently folder/file icons) - Let ManhattanStyle draw some elements for non-panelwidgets, too   (open/close arrows in QTreeView, custom folder/file icons) - For QML's welcomescreen, pass a theme parameter  TODO: - Fix some more colors. Red (debugger), and Red/Blue (Compile Output)   are not too readable. - Fix some more icons - Test with different base styles other than Oxygen.  Change-Id: I92c2050ab0fb327649ea1eff4adec973d2073944"
92441,qt-creator%2Fqt-creator~master~I92c2050ab0fb327649ea1eff4adec973d2073944,https://codereview.qt-project.org/93717,7,233,353,0,25575,706,73,52,12138.5119444444,1284,,,,,Implement theming for QtCreator,"Implement a dark theme for QtCreator  Adds a '-dark' command line option, which switches QtCreator to a dark theme (for everything around the editor).  This does not use a stylesheet (too limited), but rather sets the palette via C++ and modifies drawing behaviour. Overall, the look is more flat (removed some gradients and bevels).  Tested on Ubuntu 14.04 using Qt 5.4 and running on a KDE Desktop (Oxygen base style).  For a screenshot, see https://gist.github.com/thorbenk/5ab06bea726de0aa7473  Currently, this is a proof of concept. See below for TODOs.  Changes: - Introduce Utils::StyleHelper::theme() to ask for the them   (currently: CreatorTheme_Original and CreatorTheme_Dark) - Add lots of if (dark) { } else { } to set certain colors,   tweak the drawing code etc - Create some custom icons which look better on dark background   (wip, currently folder/file icons) - Let ManhattanStyle draw some elements for non-panelwidgets, too   (open/close arrows in QTreeView, custom folder/file icons) - For QML's welcomescreen, pass a theme parameter  TODO: - Fix some more colors. Red (debugger), and Red/Blue (Compile Output)   are not too readable. - Fix some more icons - Test with different base styles other than Oxygen.  Change-Id: I92c2050ab0fb327649ea1eff4adec973d2073944"
92441,qt-creator%2Fqt-creator~master~I92c2050ab0fb327649ea1eff4adec973d2073944,https://codereview.qt-project.org/93717,7,233,353,0,25575,706,73,52,12138.5119444444,1284,,,,,Implement theming for QtCreator,"Implement a dark theme for QtCreator  Adds a '-dark' command line option, which switches QtCreator to a dark theme (for everything around the editor).  This does not use a stylesheet (too limited), but rather sets the palette via C++ and modifies drawing behaviour. Overall, the look is more flat (removed some gradients and bevels).  Tested on Ubuntu 14.04 using Qt 5.4 and running on a KDE Desktop (Oxygen base style).  For a screenshot, see https://gist.github.com/thorbenk/5ab06bea726de0aa7473  Currently, this is a proof of concept. See below for TODOs.  Changes: - Introduce Utils::StyleHelper::theme() to ask for the them   (currently: CreatorTheme_Original and CreatorTheme_Dark) - Add lots of if (dark) { } else { } to set certain colors,   tweak the drawing code etc - Create some custom icons which look better on dark background   (wip, currently folder/file icons) - Let ManhattanStyle draw some elements for non-panelwidgets, too   (open/close arrows in QTreeView, custom folder/file icons) - For QML's welcomescreen, pass a theme parameter  TODO: - Fix some more colors. Red (debugger), and Red/Blue (Compile Output)   are not too readable. - Fix some more icons - Test with different base styles other than Oxygen.  Change-Id: I92c2050ab0fb327649ea1eff4adec973d2073944"
92441,qt-creator%2Fqt-creator~master~I92c2050ab0fb327649ea1eff4adec973d2073944,https://codereview.qt-project.org/93717,7,233,353,0,25575,706,73,52,12138.5119444444,1284,,,,,Implement theming for QtCreator,"Implement a dark theme for QtCreator  Adds a '-dark' command line option, which switches QtCreator to a dark theme (for everything around the editor).  This does not use a stylesheet (too limited), but rather sets the palette via C++ and modifies drawing behaviour. Overall, the look is more flat (removed some gradients and bevels).  Tested on Ubuntu 14.04 using Qt 5.4 and running on a KDE Desktop (Oxygen base style).  For a screenshot, see https://gist.github.com/thorbenk/5ab06bea726de0aa7473  Currently, this is a proof of concept. See below for TODOs.  Changes: - Introduce Utils::StyleHelper::theme() to ask for the them   (currently: CreatorTheme_Original and CreatorTheme_Dark) - Add lots of if (dark) { } else { } to set certain colors,   tweak the drawing code etc - Create some custom icons which look better on dark background   (wip, currently folder/file icons) - Let ManhattanStyle draw some elements for non-panelwidgets, too   (open/close arrows in QTreeView, custom folder/file icons) - For QML's welcomescreen, pass a theme parameter  TODO: - Fix some more colors. Red (debugger), and Red/Blue (Compile Output)   are not too readable. - Fix some more icons - Test with different base styles other than Oxygen.  Change-Id: I92c2050ab0fb327649ea1eff4adec973d2073944"
80274,qt%2Fqt5~5.12~I4fd3b112181a5ab5909edb4be07d63348a40489f,https://codereview.qt-project.org/330613,2,234,39,0,315637,4,40,2,916.946388888889,91,,,,,Update submodules on '5.12' in qt/qt5,Update submodules on '5.12' in qt/qt5  Change-Id: I4fd3b112181a5ab5909edb4be07d63348a40489f
80274,qt%2Fqt5~5.12~I4fd3b112181a5ab5909edb4be07d63348a40489f,https://codereview.qt-project.org/330613,2,234,39,0,315637,4,40,2,916.946388888889,91,,,,,Update submodules on '5.12' in qt/qt5,Update submodules on '5.12' in qt/qt5  Change-Id: I4fd3b112181a5ab5909edb4be07d63348a40489f
80274,qt%2Fqt5~5.12~I4fd3b112181a5ab5909edb4be07d63348a40489f,https://codereview.qt-project.org/330613,2,234,39,0,315637,4,40,2,916.946388888889,91,,,,,Update submodules on '5.12' in qt/qt5,Update submodules on '5.12' in qt/qt5  Change-Id: I4fd3b112181a5ab5909edb4be07d63348a40489f
80274,qt%2Fqt5~5.12~I4fd3b112181a5ab5909edb4be07d63348a40489f,https://codereview.qt-project.org/330613,2,234,39,0,315637,4,40,2,916.946388888889,91,,,,,Update submodules on '5.12' in qt/qt5,Update submodules on '5.12' in qt/qt5  Change-Id: I4fd3b112181a5ab5909edb4be07d63348a40489f
223467,pyside%2Fpyside-setup~5.15~I5f103190be2c884b0b4ad806187f3fef8e6598c9,https://codereview.qt-project.org/304274,6,235,28,0,29687,21,78,1,986.439444444445,677,,,,,feature-select: allow snake_case instead of camelCase for methods,WIP: pythonic: allow lower_case instead of camelCase for functions  This is an experimental feature: We want to study how lower_case functions would feel in PySide2. It may be that people are fine with the new names. But it is also possible that we need a more sophisticated algorithm than to just replace an upper case name by _lower case.  The interesting challenge is that the decision of a functions visibility needs to be computed from which module is currently active.  The decision depends of the following setting at the beginning of a module:      from PySide2.__future__ import lower_case  Task-number: PYSIDE-1019 Change-Id: I5f103190be2c884b0b4ad806187f3fef8e6598c9
223467,pyside%2Fpyside-setup~5.15~I5f103190be2c884b0b4ad806187f3fef8e6598c9,https://codereview.qt-project.org/304274,6,235,28,0,29687,21,78,1,986.439444444445,677,,,,,feature-select: allow snake_case instead of camelCase for methods,WIP: pythonic: allow lower_case instead of camelCase for functions  This is an experimental feature: We want to study how lower_case functions would feel in PySide2. It may be that people are fine with the new names. But it is also possible that we need a more sophisticated algorithm than to just replace an upper case name by _lower case.  The interesting challenge is that the decision of a functions visibility needs to be computed from which module is currently active.  The decision depends of the following setting at the beginning of a module:      from PySide2.__future__ import lower_case  Task-number: PYSIDE-1019 Change-Id: I5f103190be2c884b0b4ad806187f3fef8e6598c9
223467,pyside%2Fpyside-setup~5.15~I5f103190be2c884b0b4ad806187f3fef8e6598c9,https://codereview.qt-project.org/304274,6,235,28,0,29687,21,78,1,986.439444444445,677,,,,,feature-select: allow snake_case instead of camelCase for methods,WIP: pythonic: allow lower_case instead of camelCase for functions  This is an experimental feature: We want to study how lower_case functions would feel in PySide2. It may be that people are fine with the new names. But it is also possible that we need a more sophisticated algorithm than to just replace an upper case name by _lower case.  The interesting challenge is that the decision of a functions visibility needs to be computed from which module is currently active.  The decision depends of the following setting at the beginning of a module:      from PySide2.__future__ import lower_case  Task-number: PYSIDE-1019 Change-Id: I5f103190be2c884b0b4ad806187f3fef8e6598c9
223467,pyside%2Fpyside-setup~5.15~I5f103190be2c884b0b4ad806187f3fef8e6598c9,https://codereview.qt-project.org/304274,6,235,28,0,29687,21,78,1,986.439444444445,677,,,,,feature-select: allow snake_case instead of camelCase for methods,WIP: pythonic: allow lower_case instead of camelCase for functions  This is an experimental feature: We want to study how lower_case functions would feel in PySide2. It may be that people are fine with the new names. But it is also possible that we need a more sophisticated algorithm than to just replace an upper case name by _lower case.  The interesting challenge is that the decision of a functions visibility needs to be computed from which module is currently active.  The decision depends of the following setting at the beginning of a module:      from PySide2.__future__ import lower_case  Task-number: PYSIDE-1019 Change-Id: I5f103190be2c884b0b4ad806187f3fef8e6598c9
277331,qt%2Fqtbase~5.12~I0802c0d7486f772d361f87a544d6c5af937f4ca1,https://codereview.qt-project.org/233385,14,238,536,0,1098120,257490,17,889,2707.30861111111,88,,,,,Update ANGLE to chromium/3280,WIP: Update ANGLE to chromium/3280  Change-Id: I0802c0d7486f772d361f87a544d6c5af937f4ca1
277331,qt%2Fqtbase~5.12~I0802c0d7486f772d361f87a544d6c5af937f4ca1,https://codereview.qt-project.org/233385,14,238,536,0,1098120,257490,17,889,2707.30861111111,88,,,,,Update ANGLE to chromium/3280,WIP: Update ANGLE to chromium/3280  Change-Id: I0802c0d7486f772d361f87a544d6c5af937f4ca1
277331,qt%2Fqtbase~5.12~I0802c0d7486f772d361f87a544d6c5af937f4ca1,https://codereview.qt-project.org/233385,14,238,536,0,1098120,257490,17,889,2707.30861111111,88,,,,,Update ANGLE to chromium/3280,WIP: Update ANGLE to chromium/3280  Change-Id: I0802c0d7486f772d361f87a544d6c5af937f4ca1
277331,qt%2Fqtbase~5.12~I0802c0d7486f772d361f87a544d6c5af937f4ca1,https://codereview.qt-project.org/233385,14,238,536,0,1098120,257490,17,889,2707.30861111111,88,,,,,Update ANGLE to chromium/3280,WIP: Update ANGLE to chromium/3280  Change-Id: I0802c0d7486f772d361f87a544d6c5af937f4ca1
144046,qt%2Fqt5~stable~I7c73e564bd61faa38fdd51947f8d98c03230f104,https://codereview.qt-project.org/70818,3,240,0,0,1049078,8,76,4,854.826111111111,73,,,,,Updated submodules.,Updated submodules.  Change-Id: I7c73e564bd61faa38fdd51947f8d98c03230f104
144046,qt%2Fqt5~stable~I7c73e564bd61faa38fdd51947f8d98c03230f104,https://codereview.qt-project.org/70818,3,240,0,0,1049078,8,76,4,854.826111111111,73,,,,,Updated submodules.,Updated submodules.  Change-Id: I7c73e564bd61faa38fdd51947f8d98c03230f104
144046,qt%2Fqt5~stable~I7c73e564bd61faa38fdd51947f8d98c03230f104,https://codereview.qt-project.org/70818,3,240,0,0,1049078,8,76,4,854.826111111111,73,,,,,Updated submodules.,Updated submodules.  Change-Id: I7c73e564bd61faa38fdd51947f8d98c03230f104
144046,qt%2Fqt5~stable~I7c73e564bd61faa38fdd51947f8d98c03230f104,https://codereview.qt-project.org/70818,3,240,0,0,1049078,8,76,4,854.826111111111,73,,,,,Updated submodules.,Updated submodules.  Change-Id: I7c73e564bd61faa38fdd51947f8d98c03230f104
55762,qbs%2Fqbs~master~I943aaa70953bf8c7726fe1b2bbb9b4d5a25f083c,https://codereview.qt-project.org/188298,6,241,143,0,19647,254,46,6,1702.2275,91,,,,,Switch to a new multiplexing approach,WIP New product multiplexing approach  Change-Id: I943aaa70953bf8c7726fe1b2bbb9b4d5a25f083c
55762,qbs%2Fqbs~master~I943aaa70953bf8c7726fe1b2bbb9b4d5a25f083c,https://codereview.qt-project.org/188298,6,241,143,0,19647,254,46,6,1702.2275,91,,,,,Switch to a new multiplexing approach,WIP New product multiplexing approach  Change-Id: I943aaa70953bf8c7726fe1b2bbb9b4d5a25f083c
55762,qbs%2Fqbs~master~I943aaa70953bf8c7726fe1b2bbb9b4d5a25f083c,https://codereview.qt-project.org/188298,6,241,143,0,19647,254,46,6,1702.2275,91,,,,,Switch to a new multiplexing approach,WIP New product multiplexing approach  Change-Id: I943aaa70953bf8c7726fe1b2bbb9b4d5a25f083c
55762,qbs%2Fqbs~master~I943aaa70953bf8c7726fe1b2bbb9b4d5a25f083c,https://codereview.qt-project.org/188298,6,241,143,0,19647,254,46,6,1702.2275,91,,,,,Switch to a new multiplexing approach,WIP New product multiplexing approach  Change-Id: I943aaa70953bf8c7726fe1b2bbb9b4d5a25f083c
56487,meta%2Fquips~master~I168e77576d40551094acef0e1618d0d89a2b113b,https://codereview.qt-project.org/178906,17,245,269,0,14123,109,46,1,3725.73527777778,102,,,,,QUIP 5 - Choosing a Branch,QUIP 11: Making Branch Target Criteria Objective  Change-Id: I168e77576d40551094acef0e1618d0d89a2b113b
56487,meta%2Fquips~master~I168e77576d40551094acef0e1618d0d89a2b113b,https://codereview.qt-project.org/178906,17,245,269,0,14123,109,46,1,3725.73527777778,102,,,,,QUIP 5 - Choosing a Branch,QUIP 11: Making Branch Target Criteria Objective  Change-Id: I168e77576d40551094acef0e1618d0d89a2b113b
56487,meta%2Fquips~master~I168e77576d40551094acef0e1618d0d89a2b113b,https://codereview.qt-project.org/178906,17,245,269,0,14123,109,46,1,3725.73527777778,102,,,,,QUIP 5 - Choosing a Branch,QUIP 11: Making Branch Target Criteria Objective  Change-Id: I168e77576d40551094acef0e1618d0d89a2b113b
56487,meta%2Fquips~master~I168e77576d40551094acef0e1618d0d89a2b113b,https://codereview.qt-project.org/178906,17,245,269,0,14123,109,46,1,3725.73527777778,102,,,,,QUIP 5 - Choosing a Branch,QUIP 11: Making Branch Target Criteria Objective  Change-Id: I168e77576d40551094acef0e1618d0d89a2b113b
48653,pyside%2Fpyside-setup~5.6~Ibb231a7fbb4ccc1a7249df55e3881a4e21a19c0d,https://codereview.qt-project.org/198654,7,247,490,0,24306,1773,68,10,2043.66111111111,1158,,,,,Implement introspection with __signature__ package,"WIP: Implement introspection  This is the first _working_ version of some PySide introspection. We are using an enhanced version of PyCFunction_Type, modelled after the Cython implementation.  The current version uses only single signatures and adds the new properties to the PySide builtin function type. This is for a first, easy introspection and to put the final touch on the new feature.  We will then build two separate function types for single and multiple signatures that live in an own module and only exist for the signature info. An extra python module is then needed to show the signatures.  ToDo: - finish the type initialization - remove the modified type and create two shadow-types, instead.  Remark: I am not so sure if I want to change the principle, again: It seems to be sufficient to have the signatures as they are. For multiple signatures, I thing we can do with a simple iterator. This is a bit in flux, right now.  Example usage:  >>> import PySide2.QtWidgets >>> import inspect >>> inspect.signature(PySide2.QtWidgets.QGraphicsAnchorLayout().addAnchors)  Task-number: PYSIDE-510 Change-Id: Ibb231a7fbb4ccc1a7249df55e3881a4e21a19c0d"
144842,qt%2Fqtconnectivity~wip%2Fandroid~I3bfcdb577026b3e6a1edb7e165f2f72f594dd290,https://codereview.qt-project.org/72955,3,247,0,0,26779,804,1,12,24.4583333333333,127,,,,,Change licenses to Qt version and make appropriate copyright adjustments.,Change licenses to Qt version and make appropriate copyright adjustments.  Change-Id: I3bfcdb577026b3e6a1edb7e165f2f72f594dd290
48653,pyside%2Fpyside-setup~5.6~Ibb231a7fbb4ccc1a7249df55e3881a4e21a19c0d,https://codereview.qt-project.org/198654,7,247,490,0,24306,1773,68,10,2043.66111111111,1158,,,,,Implement introspection with __signature__ package,"WIP: Implement introspection  This is the first _working_ version of some PySide introspection. We are using an enhanced version of PyCFunction_Type, modelled after the Cython implementation.  The current version uses only single signatures and adds the new properties to the PySide builtin function type. This is for a first, easy introspection and to put the final touch on the new feature.  We will then build two separate function types for single and multiple signatures that live in an own module and only exist for the signature info. An extra python module is then needed to show the signatures.  ToDo: - finish the type initialization - remove the modified type and create two shadow-types, instead.  Remark: I am not so sure if I want to change the principle, again: It seems to be sufficient to have the signatures as they are. For multiple signatures, I thing we can do with a simple iterator. This is a bit in flux, right now.  Example usage:  >>> import PySide2.QtWidgets >>> import inspect >>> inspect.signature(PySide2.QtWidgets.QGraphicsAnchorLayout().addAnchors)  Task-number: PYSIDE-510 Change-Id: Ibb231a7fbb4ccc1a7249df55e3881a4e21a19c0d"
48653,pyside%2Fpyside-setup~5.6~Ibb231a7fbb4ccc1a7249df55e3881a4e21a19c0d,https://codereview.qt-project.org/198654,7,247,490,0,24306,1773,68,10,2043.66111111111,1158,,,,,Implement introspection with __signature__ package,"WIP: Implement introspection  This is the first _working_ version of some PySide introspection. We are using an enhanced version of PyCFunction_Type, modelled after the Cython implementation.  The current version uses only single signatures and adds the new properties to the PySide builtin function type. This is for a first, easy introspection and to put the final touch on the new feature.  We will then build two separate function types for single and multiple signatures that live in an own module and only exist for the signature info. An extra python module is then needed to show the signatures.  ToDo: - finish the type initialization - remove the modified type and create two shadow-types, instead.  Remark: I am not so sure if I want to change the principle, again: It seems to be sufficient to have the signatures as they are. For multiple signatures, I thing we can do with a simple iterator. This is a bit in flux, right now.  Example usage:  >>> import PySide2.QtWidgets >>> import inspect >>> inspect.signature(PySide2.QtWidgets.QGraphicsAnchorLayout().addAnchors)  Task-number: PYSIDE-510 Change-Id: Ibb231a7fbb4ccc1a7249df55e3881a4e21a19c0d"
236625,qt%2Fqtdeclarative~dev~I35bc7c53c80a65fad488f4a734ebb747d338d29d,https://codereview.qt-project.org/290971,3,248,0,0,1807486,4,22,1,486.188888888889,102,,,,,Update dependencies on 'dev' in qt/qtdeclarative,Update dependencies on 'dev' in qt/qtdeclarative  Change-Id: I35bc7c53c80a65fad488f4a734ebb747d338d29d
236625,qt%2Fqtdeclarative~dev~I35bc7c53c80a65fad488f4a734ebb747d338d29d,https://codereview.qt-project.org/290971,3,248,0,0,1807486,4,22,1,486.188888888889,102,,,,,Update dependencies on 'dev' in qt/qtdeclarative,Update dependencies on 'dev' in qt/qtdeclarative  Change-Id: I35bc7c53c80a65fad488f4a734ebb747d338d29d
236625,qt%2Fqtdeclarative~dev~I35bc7c53c80a65fad488f4a734ebb747d338d29d,https://codereview.qt-project.org/290971,3,248,0,0,1807486,4,22,1,486.188888888889,102,,,,,Update dependencies on 'dev' in qt/qtdeclarative,Update dependencies on 'dev' in qt/qtdeclarative  Change-Id: I35bc7c53c80a65fad488f4a734ebb747d338d29d
236625,qt%2Fqtdeclarative~dev~I35bc7c53c80a65fad488f4a734ebb747d338d29d,https://codereview.qt-project.org/290971,3,248,0,0,1807486,4,22,1,486.188888888889,102,,,,,Update dependencies on 'dev' in qt/qtdeclarative,Update dependencies on 'dev' in qt/qtdeclarative  Change-Id: I35bc7c53c80a65fad488f4a734ebb747d338d29d
111322,qt%2Fqt5~dev~Ibe35b9f9af23a2b84ccab7e24b10e70d9324e42b,https://codereview.qt-project.org/106392,5,249,0,0,1372185,50,76,25,938.4025,73,,,,,Updated submodules.,Updated submodules.  Change-Id: Ibe35b9f9af23a2b84ccab7e24b10e70d9324e42b
233467,qt%2Fqtbase~dev~I5679734144bc9bca2102acbe725fcc2fa89f0dff,https://codereview.qt-project.org/287053,7,249,149,15,468083,2922,35,5,1997.43305555556,258,,,,,New QHash implementation,"New QHash implementation  A brand new QHash implementation using a faster and more memory efficient data structure than the old QHash.  At the same time, completely split the QHash and QMultiHash classes.  Change-Id: I5679734144bc9bca2102acbe725fcc2fa89f0dff"
111322,qt%2Fqt5~dev~Ibe35b9f9af23a2b84ccab7e24b10e70d9324e42b,https://codereview.qt-project.org/106392,5,249,0,0,1372185,50,76,25,938.4025,73,,,,,Updated submodules.,Updated submodules.  Change-Id: Ibe35b9f9af23a2b84ccab7e24b10e70d9324e42b
111322,qt%2Fqt5~dev~Ibe35b9f9af23a2b84ccab7e24b10e70d9324e42b,https://codereview.qt-project.org/106392,5,249,0,0,1372185,50,76,25,938.4025,73,,,,,Updated submodules.,Updated submodules.  Change-Id: Ibe35b9f9af23a2b84ccab7e24b10e70d9324e42b
223902,qt%2Fqtbase~dev~I77ec9163ba4dace6c4451f5933962ebe1b3b4b14,https://codereview.qt-project.org/275352,8,253,226,38,80410,1950,54,9,7037.8425,111,,,,,Initial import of the Qt C++ property binding system,WIP: Initial import of the Qt C++ property binding system  Change-Id: I77ec9163ba4dace6c4451f5933962ebe1b3b4b14
223902,qt%2Fqtbase~dev~I77ec9163ba4dace6c4451f5933962ebe1b3b4b14,https://codereview.qt-project.org/275352,8,253,226,38,80410,1950,54,9,7037.8425,111,,,,,Initial import of the Qt C++ property binding system,WIP: Initial import of the Qt C++ property binding system  Change-Id: I77ec9163ba4dace6c4451f5933962ebe1b3b4b14
223902,qt%2Fqtbase~dev~I77ec9163ba4dace6c4451f5933962ebe1b3b4b14,https://codereview.qt-project.org/275352,8,253,226,38,80410,1950,54,9,7037.8425,111,,,,,Initial import of the Qt C++ property binding system,WIP: Initial import of the Qt C++ property binding system  Change-Id: I77ec9163ba4dace6c4451f5933962ebe1b3b4b14
223902,qt%2Fqtbase~dev~I77ec9163ba4dace6c4451f5933962ebe1b3b4b14,https://codereview.qt-project.org/275352,8,253,226,38,80410,1950,54,9,7037.8425,111,,,,,Initial import of the Qt C++ property binding system,WIP: Initial import of the Qt C++ property binding system  Change-Id: I77ec9163ba4dace6c4451f5933962ebe1b3b4b14
136333,qt%2Fqt5~dev~Ib2385231c40547a3d6de2acaad978a2f5700ed36,https://codereview.qt-project.org/78283,4,254,0,0,1010667,14,74,7,1086.63777777778,73,,,,,Updated submodules.,Updated submodules.  Change-Id: Ib2385231c40547a3d6de2acaad978a2f5700ed36
136333,qt%2Fqt5~dev~Ib2385231c40547a3d6de2acaad978a2f5700ed36,https://codereview.qt-project.org/78283,4,254,0,0,1010667,14,74,7,1086.63777777778,73,,,,,Updated submodules.,Updated submodules.  Change-Id: Ib2385231c40547a3d6de2acaad978a2f5700ed36
136333,qt%2Fqt5~dev~Ib2385231c40547a3d6de2acaad978a2f5700ed36,https://codereview.qt-project.org/78283,4,254,0,0,1010667,14,74,7,1086.63777777778,73,,,,,Updated submodules.,Updated submodules.  Change-Id: Ib2385231c40547a3d6de2acaad978a2f5700ed36
136333,qt%2Fqt5~dev~Ib2385231c40547a3d6de2acaad978a2f5700ed36,https://codereview.qt-project.org/78283,4,254,0,0,1010667,14,74,7,1086.63777777778,73,,,,,Updated submodules.,Updated submodules.  Change-Id: Ib2385231c40547a3d6de2acaad978a2f5700ed36
65846,qt%2Fqt5~dev~I848fb61ce1e338d56bf665ad285d69b90bee06b9,https://codereview.qt-project.org/180064,14,255,0,0,473020,4,35,2,692.684444444445,87,,,,,Update submodules on 'dev' in qt5,Update submodules on 'dev' in qt5  Change-Id: I848fb61ce1e338d56bf665ad285d69b90bee06b9
168138,qt%2Fqt5~stable~I3d960ec9a9f11da295f603ca6fbfe80ee3681ae9,https://codereview.qt-project.org/45502,4,255,0,0,1178879,4,79,2,869.221944444445,73,,,,,Updated submodules.,Updated submodules.  Change-Id: I3d960ec9a9f11da295f603ca6fbfe80ee3681ae9
65846,qt%2Fqt5~dev~I848fb61ce1e338d56bf665ad285d69b90bee06b9,https://codereview.qt-project.org/180064,14,255,0,0,473020,4,35,2,692.684444444445,87,,,,,Update submodules on 'dev' in qt5,Update submodules on 'dev' in qt5  Change-Id: I848fb61ce1e338d56bf665ad285d69b90bee06b9
65846,qt%2Fqt5~dev~I848fb61ce1e338d56bf665ad285d69b90bee06b9,https://codereview.qt-project.org/180064,14,255,0,0,473020,4,35,2,692.684444444445,87,,,,,Update submodules on 'dev' in qt5,Update submodules on 'dev' in qt5  Change-Id: I848fb61ce1e338d56bf665ad285d69b90bee06b9
91593,qt%2Fqtbase~5.6~I562788393ed0ffd77d7a4be2279862322f721c1a,https://codereview.qt-project.org/108517,11,256,39,0,999164,23,16,2,7786.53944444444,918,,,,,QWindow::destroy(): only reset QGuiApp::focus_window and friends as a last resort,"QWindow::destroy(): only reset QGuiApp::focus_window and friends as a last resort  Resetting focus_window and other internal QGuiApplication variables before calling setVisible(false) and destroying the platform window means that the platform window can't reason about whether or not it was the focus window unless it can resolve that using native APIs. We should let the platform window take care of resetting the focus window and related states, and only execute our fallback logic if the plugin doesn't do the right thing.  We also use QPA to update the state instead of modifying the internal QGuiApplication variables directly, so that events and signals are emitted as a result of the reset.  The flush in the QPlatformWindow destructor is needed so that we can reason about focus_window after destroying the platform window, but also makes sense in general.  Change-Id: I562788393ed0ffd77d7a4be2279862322f721c1a"
91593,qt%2Fqtbase~5.6~I562788393ed0ffd77d7a4be2279862322f721c1a,https://codereview.qt-project.org/108517,11,256,39,0,999164,23,16,2,7786.53944444444,918,,,,,QWindow::destroy(): only reset QGuiApp::focus_window and friends as a last resort,"QWindow::destroy(): only reset QGuiApp::focus_window and friends as a last resort  Resetting focus_window and other internal QGuiApplication variables before calling setVisible(false) and destroying the platform window means that the platform window can't reason about whether or not it was the focus window unless it can resolve that using native APIs. We should let the platform window take care of resetting the focus window and related states, and only execute our fallback logic if the plugin doesn't do the right thing.  We also use QPA to update the state instead of modifying the internal QGuiApplication variables directly, so that events and signals are emitted as a result of the reset.  The flush in the QPlatformWindow destructor is needed so that we can reason about focus_window after destroying the platform window, but also makes sense in general.  Change-Id: I562788393ed0ffd77d7a4be2279862322f721c1a"
91593,qt%2Fqtbase~5.6~I562788393ed0ffd77d7a4be2279862322f721c1a,https://codereview.qt-project.org/108517,11,256,39,0,999164,23,16,2,7786.53944444444,918,,,,,QWindow::destroy(): only reset QGuiApp::focus_window and friends as a last resort,"QWindow::destroy(): only reset QGuiApp::focus_window and friends as a last resort  Resetting focus_window and other internal QGuiApplication variables before calling setVisible(false) and destroying the platform window means that the platform window can't reason about whether or not it was the focus window unless it can resolve that using native APIs. We should let the platform window take care of resetting the focus window and related states, and only execute our fallback logic if the plugin doesn't do the right thing.  We also use QPA to update the state instead of modifying the internal QGuiApplication variables directly, so that events and signals are emitted as a result of the reset.  The flush in the QPlatformWindow destructor is needed so that we can reason about focus_window after destroying the platform window, but also makes sense in general.  Change-Id: I562788393ed0ffd77d7a4be2279862322f721c1a"
91593,qt%2Fqtbase~5.6~I562788393ed0ffd77d7a4be2279862322f721c1a,https://codereview.qt-project.org/108517,11,256,39,0,999164,23,16,2,7786.53944444444,918,,,,,QWindow::destroy(): only reset QGuiApp::focus_window and friends as a last resort,"QWindow::destroy(): only reset QGuiApp::focus_window and friends as a last resort  Resetting focus_window and other internal QGuiApplication variables before calling setVisible(false) and destroying the platform window means that the platform window can't reason about whether or not it was the focus window unless it can resolve that using native APIs. We should let the platform window take care of resetting the focus window and related states, and only execute our fallback logic if the plugin doesn't do the right thing.  We also use QPA to update the state instead of modifying the internal QGuiApplication variables directly, so that events and signals are emitted as a result of the reset.  The flush in the QPlatformWindow destructor is needed so that we can reason about focus_window after destroying the platform window, but also makes sense in general.  Change-Id: I562788393ed0ffd77d7a4be2279862322f721c1a"
245090,pyside%2Fpyside-setup~5.14~I32fcdaa2df6a4bed4f3263875ab1ad272ad8ff8c,https://codereview.qt-project.org/266160,5,257,667,0,32853,37,123,1,3771.1375,86,,,,,Take new Qt CI config into use,wip: experiment with config yaml  Change-Id: I32fcdaa2df6a4bed4f3263875ab1ad272ad8ff8c
245090,pyside%2Fpyside-setup~5.14~I32fcdaa2df6a4bed4f3263875ab1ad272ad8ff8c,https://codereview.qt-project.org/266160,5,257,667,0,32853,37,123,1,3771.1375,86,,,,,Take new Qt CI config into use,wip: experiment with config yaml  Change-Id: I32fcdaa2df6a4bed4f3263875ab1ad272ad8ff8c
245090,pyside%2Fpyside-setup~5.14~I32fcdaa2df6a4bed4f3263875ab1ad272ad8ff8c,https://codereview.qt-project.org/266160,5,257,667,0,32853,37,123,1,3771.1375,86,,,,,Take new Qt CI config into use,wip: experiment with config yaml  Change-Id: I32fcdaa2df6a4bed4f3263875ab1ad272ad8ff8c
245090,pyside%2Fpyside-setup~5.14~I32fcdaa2df6a4bed4f3263875ab1ad272ad8ff8c,https://codereview.qt-project.org/266160,5,257,667,0,32853,37,123,1,3771.1375,86,,,,,Take new Qt CI config into use,wip: experiment with config yaml  Change-Id: I32fcdaa2df6a4bed4f3263875ab1ad272ad8ff8c
115148,qt%2Fqt5~5.4~I0163cb617aa19a26423a716bef23bfc6308aadc6,https://codereview.qt-project.org/102620,9,258,0,0,870527,8,69,4,1071.55,73,,,,,Updated submodules.,Updated submodules.  Change-Id: I0163cb617aa19a26423a716bef23bfc6308aadc6
115148,qt%2Fqt5~5.4~I0163cb617aa19a26423a716bef23bfc6308aadc6,https://codereview.qt-project.org/102620,9,258,0,0,870527,8,69,4,1071.55,73,,,,,Updated submodules.,Updated submodules.  Change-Id: I0163cb617aa19a26423a716bef23bfc6308aadc6
115148,qt%2Fqt5~5.4~I0163cb617aa19a26423a716bef23bfc6308aadc6,https://codereview.qt-project.org/102620,9,258,0,0,870527,8,69,4,1071.55,73,,,,,Updated submodules.,Updated submodules.  Change-Id: I0163cb617aa19a26423a716bef23bfc6308aadc6
115148,qt%2Fqt5~5.4~I0163cb617aa19a26423a716bef23bfc6308aadc6,https://codereview.qt-project.org/102620,9,258,0,0,870527,8,69,4,1071.55,73,,,,,Updated submodules.,Updated submodules.  Change-Id: I0163cb617aa19a26423a716bef23bfc6308aadc6
128126,qt%2Fqt5~5.3~Id244c1196d101d97817594c5ec4f8a76d4bad3a1,https://codereview.qt-project.org/87821,5,260,0,0,1058108,56,85,28,955.909444444445,73,,,,,Updated submodules.,Updated submodules.  Change-Id: Id244c1196d101d97817594c5ec4f8a76d4bad3a1
128126,qt%2Fqt5~5.3~Id244c1196d101d97817594c5ec4f8a76d4bad3a1,https://codereview.qt-project.org/87821,5,260,0,0,1058108,56,85,28,955.909444444445,73,,,,,Updated submodules.,Updated submodules.  Change-Id: Id244c1196d101d97817594c5ec4f8a76d4bad3a1
128126,qt%2Fqt5~5.3~Id244c1196d101d97817594c5ec4f8a76d4bad3a1,https://codereview.qt-project.org/87821,5,260,0,0,1058108,56,85,28,955.909444444445,73,,,,,Updated submodules.,Updated submodules.  Change-Id: Id244c1196d101d97817594c5ec4f8a76d4bad3a1
128126,qt%2Fqt5~5.3~Id244c1196d101d97817594c5ec4f8a76d4bad3a1,https://codereview.qt-project.org/87821,5,260,0,0,1058108,56,85,28,955.909444444445,73,,,,,Updated submodules.,Updated submodules.  Change-Id: Id244c1196d101d97817594c5ec4f8a76d4bad3a1
71757,qt%2Fqt5~5.8~I70cd6027112a94824fdea2264866bfaeda8ee41c,https://codereview.qt-project.org/172600,19,262,0,0,315206,8,16,4,408.419722222222,87,,,,,Update submodules on '5.8' in qt5,Update submodules on '5.8' in qt5  Change-Id: I70cd6027112a94824fdea2264866bfaeda8ee41c
164594,qt%2Fqt5~dev~Icd769b2d31fb4f3703352b01316ba3c697a579cd,https://codereview.qt-project.org/46445,14,262,0,0,338713,4,68,2,1702.63,73,,,,,Updated submodules.,Updated submodules.  Change-Id: Icd769b2d31fb4f3703352b01316ba3c697a579cd
71757,qt%2Fqt5~5.8~I70cd6027112a94824fdea2264866bfaeda8ee41c,https://codereview.qt-project.org/172600,19,262,0,0,315206,8,16,4,408.419722222222,87,,,,,Update submodules on '5.8' in qt5,Update submodules on '5.8' in qt5  Change-Id: I70cd6027112a94824fdea2264866bfaeda8ee41c
71757,qt%2Fqt5~5.8~I70cd6027112a94824fdea2264866bfaeda8ee41c,https://codereview.qt-project.org/172600,19,262,0,0,315206,8,16,4,408.419722222222,87,,,,,Update submodules on '5.8' in qt5,Update submodules on '5.8' in qt5  Change-Id: I70cd6027112a94824fdea2264866bfaeda8ee41c
254488,qt%2Fqtquick3d~dev~I32ddc1e1d8cdcccc1422c43affcd7282100d45b2,https://codereview.qt-project.org/270957,10,268,4,2,194479,388451,32,1254,95.7972222222222,117,,,,,Long live QtQuick3D!,Long live QtQuick3D!  Initial commit of the QtQuick3D code base  Change-Id: I32ddc1e1d8cdcccc1422c43affcd7282100d45b2
254488,qt%2Fqtquick3d~dev~I32ddc1e1d8cdcccc1422c43affcd7282100d45b2,https://codereview.qt-project.org/270957,10,268,4,2,194479,388451,32,1254,95.7972222222222,117,,,,,Long live QtQuick3D!,Long live QtQuick3D!  Initial commit of the QtQuick3D code base  Change-Id: I32ddc1e1d8cdcccc1422c43affcd7282100d45b2
254488,qt%2Fqtquick3d~dev~I32ddc1e1d8cdcccc1422c43affcd7282100d45b2,https://codereview.qt-project.org/270957,10,268,4,2,194479,388451,32,1254,95.7972222222222,117,,,,,Long live QtQuick3D!,Long live QtQuick3D!  Initial commit of the QtQuick3D code base  Change-Id: I32ddc1e1d8cdcccc1422c43affcd7282100d45b2
254488,qt%2Fqtquick3d~dev~I32ddc1e1d8cdcccc1422c43affcd7282100d45b2,https://codereview.qt-project.org/270957,10,268,4,2,194479,388451,32,1254,95.7972222222222,117,,,,,Long live QtQuick3D!,Long live QtQuick3D!  Initial commit of the QtQuick3D code base  Change-Id: I32ddc1e1d8cdcccc1422c43affcd7282100d45b2
277523,qt3dstudio%2Fqt3d-runtime~master~Ieabf62120ef0cd7727b8896a192e22d356f270bd,https://codereview.qt-project.org/233291,6,271,78,0,195399,30758,45,189,2659.34027777778,435,,,,,Import Dragon Render Aspect Prototype,"WIP: Import Dragon Render Aspect Prototype  To enable the Dragon Render Aspect just pass --dragon the the viewer application or enable the flag AwakenTheDragon when creating the Q3DSEngine.  Things don't currently render at all anymore, but rather are the starting point for trying to have custom render aspect backend behavior while still using the same frontend from Qt3D Render.  Change-Id: Ieabf62120ef0cd7727b8896a192e22d356f270bd"
277523,qt3dstudio%2Fqt3d-runtime~master~Ieabf62120ef0cd7727b8896a192e22d356f270bd,https://codereview.qt-project.org/233291,6,271,78,0,195399,30758,45,189,2659.34027777778,435,,,,,Import Dragon Render Aspect Prototype,"WIP: Import Dragon Render Aspect Prototype  To enable the Dragon Render Aspect just pass --dragon the the viewer application or enable the flag AwakenTheDragon when creating the Q3DSEngine.  Things don't currently render at all anymore, but rather are the starting point for trying to have custom render aspect backend behavior while still using the same frontend from Qt3D Render.  Change-Id: Ieabf62120ef0cd7727b8896a192e22d356f270bd"
277523,qt3dstudio%2Fqt3d-runtime~master~Ieabf62120ef0cd7727b8896a192e22d356f270bd,https://codereview.qt-project.org/233291,6,271,78,0,195399,30758,45,189,2659.34027777778,435,,,,,Import Dragon Render Aspect Prototype,"WIP: Import Dragon Render Aspect Prototype  To enable the Dragon Render Aspect just pass --dragon the the viewer application or enable the flag AwakenTheDragon when creating the Q3DSEngine.  Things don't currently render at all anymore, but rather are the starting point for trying to have custom render aspect backend behavior while still using the same frontend from Qt3D Render.  Change-Id: Ieabf62120ef0cd7727b8896a192e22d356f270bd"
277523,qt3dstudio%2Fqt3d-runtime~master~Ieabf62120ef0cd7727b8896a192e22d356f270bd,https://codereview.qt-project.org/233291,6,271,78,0,195399,30758,45,189,2659.34027777778,435,,,,,Import Dragon Render Aspect Prototype,"WIP: Import Dragon Render Aspect Prototype  To enable the Dragon Render Aspect just pass --dragon the the viewer application or enable the flag AwakenTheDragon when creating the Q3DSEngine.  Things don't currently render at all anymore, but rather are the starting point for trying to have custom render aspect backend behavior while still using the same frontend from Qt3D Render.  Change-Id: Ieabf62120ef0cd7727b8896a192e22d356f270bd"
243875,qt%2Fqt5~5.15~I9729f4621df730a8e62a5b8b8c8147b73e772f3b,https://codereview.qt-project.org/280691,3,272,0,0,1378101,6,43,3,924.651388888889,91,,,,,Update submodules on '5.15' in qt/qt5,Update submodules on '5.15' in qt/qt5  Change-Id: I9729f4621df730a8e62a5b8b8c8147b73e772f3b
243875,qt%2Fqt5~5.15~I9729f4621df730a8e62a5b8b8c8147b73e772f3b,https://codereview.qt-project.org/280691,3,272,0,0,1378101,6,43,3,924.651388888889,91,,,,,Update submodules on '5.15' in qt/qt5,Update submodules on '5.15' in qt/qt5  Change-Id: I9729f4621df730a8e62a5b8b8c8147b73e772f3b
243875,qt%2Fqt5~5.15~I9729f4621df730a8e62a5b8b8c8147b73e772f3b,https://codereview.qt-project.org/280691,3,272,0,0,1378101,6,43,3,924.651388888889,91,,,,,Update submodules on '5.15' in qt/qt5,Update submodules on '5.15' in qt/qt5  Change-Id: I9729f4621df730a8e62a5b8b8c8147b73e772f3b
243875,qt%2Fqt5~5.15~I9729f4621df730a8e62a5b8b8c8147b73e772f3b,https://codereview.qt-project.org/280691,3,272,0,0,1378101,6,43,3,924.651388888889,91,,,,,Update submodules on '5.15' in qt/qt5,Update submodules on '5.15' in qt/qt5  Change-Id: I9729f4621df730a8e62a5b8b8c8147b73e772f3b
16916,qt%2Fqt5~dev~Ia17124e83136988e6fd9dc1d3d6928900e9bdfbc,https://codereview.qt-project.org/97374,7,276,0,0,421725,8,83,4,1290.13305555556,73,,,,,Updated submodules.,Updated submodules.  Change-Id: Ia17124e83136988e6fd9dc1d3d6928900e9bdfbc
234232,qt%2Fqtbase~dev~I8ccdfc50aa310a3a79eef2cdc55f5ea210f889c3,https://codereview.qt-project.org/292010,8,276,191,22,37228,11,75,1,823.545,75,,,,,QFuture - add ability to move results from QFuture,WIP futures-shmutures  Change-Id: I8ccdfc50aa310a3a79eef2cdc55f5ea210f889c3
16916,qt%2Fqt5~dev~Ia17124e83136988e6fd9dc1d3d6928900e9bdfbc,https://codereview.qt-project.org/97374,7,276,0,0,421725,8,83,4,1290.13305555556,73,,,,,Updated submodules.,Updated submodules.  Change-Id: Ia17124e83136988e6fd9dc1d3d6928900e9bdfbc
16916,qt%2Fqt5~dev~Ia17124e83136988e6fd9dc1d3d6928900e9bdfbc,https://codereview.qt-project.org/97374,7,276,0,0,421725,8,83,4,1290.13305555556,73,,,,,Updated submodules.,Updated submodules.  Change-Id: Ia17124e83136988e6fd9dc1d3d6928900e9bdfbc
76253,qt%2Fqt5~dev~Ie425f3f5a64e83702a6987d2892fbfa68bea5844,https://codereview.qt-project.org/165745,21,277,0,0,852747,46,35,23,655.099166666667,87,,,,,Update submodules on 'dev' in qt5,Update submodules on 'dev' in qt5  Change-Id: Ie425f3f5a64e83702a6987d2892fbfa68bea5844
242106,qt%2Fqttools~dev~I92d4ca4fc52810d9d3de433147a9953eea3a1802,https://codereview.qt-project.org/151666,9,277,284,0,26268,1008,66,8,33911.5133333333,88,,,,,Use clang as a parser in qdoc,WIP: use clang as a parser in qdoc  Change-Id: I92d4ca4fc52810d9d3de433147a9953eea3a1802
76253,qt%2Fqt5~dev~Ie425f3f5a64e83702a6987d2892fbfa68bea5844,https://codereview.qt-project.org/165745,21,277,0,0,852747,46,35,23,655.099166666667,87,,,,,Update submodules on 'dev' in qt5,Update submodules on 'dev' in qt5  Change-Id: Ie425f3f5a64e83702a6987d2892fbfa68bea5844
76253,qt%2Fqt5~dev~Ie425f3f5a64e83702a6987d2892fbfa68bea5844,https://codereview.qt-project.org/165745,21,277,0,0,852747,46,35,23,655.099166666667,87,,,,,Update submodules on 'dev' in qt5,Update submodules on 'dev' in qt5  Change-Id: Ie425f3f5a64e83702a6987d2892fbfa68bea5844
20831,qt%2Fqt5~dev~Iafd8acb9dc0ce1e2f94a8b7b60651887d76e59f1,https://codereview.qt-project.org/83158,5,290,0,0,784029,2,86,1,1152.13888888889,73,,,,,Updated submodules.,Updated submodules.  Change-Id: Iafd8acb9dc0ce1e2f94a8b7b60651887d76e59f1
20831,qt%2Fqt5~dev~Iafd8acb9dc0ce1e2f94a8b7b60651887d76e59f1,https://codereview.qt-project.org/83158,5,290,0,0,784029,2,86,1,1152.13888888889,73,,,,,Updated submodules.,Updated submodules.  Change-Id: Iafd8acb9dc0ce1e2f94a8b7b60651887d76e59f1
20831,qt%2Fqt5~dev~Iafd8acb9dc0ce1e2f94a8b7b60651887d76e59f1,https://codereview.qt-project.org/83158,5,290,0,0,784029,2,86,1,1152.13888888889,73,,,,,Updated submodules.,Updated submodules.  Change-Id: Iafd8acb9dc0ce1e2f94a8b7b60651887d76e59f1
20831,qt%2Fqt5~dev~Iafd8acb9dc0ce1e2f94a8b7b60651887d76e59f1,https://codereview.qt-project.org/83158,5,290,0,0,784029,2,86,1,1152.13888888889,73,,,,,Updated submodules.,Updated submodules.  Change-Id: Iafd8acb9dc0ce1e2f94a8b7b60651887d76e59f1
240566,qt%2Fqtlocation~dev~Icabaa32d0b713f0c5e49de2f47452c7308443078,https://codereview.qt-project.org/280121,5,293,0,0,2132467,10,24,1,2064.10666666667,99,,,,,Update dependencies on 'dev' in qt/qtlocation,Update dependencies on 'dev' in qt/qtlocation  Change-Id: Icabaa32d0b713f0c5e49de2f47452c7308443078
240566,qt%2Fqtlocation~dev~Icabaa32d0b713f0c5e49de2f47452c7308443078,https://codereview.qt-project.org/280121,5,293,0,0,2132467,10,24,1,2064.10666666667,99,,,,,Update dependencies on 'dev' in qt/qtlocation,Update dependencies on 'dev' in qt/qtlocation  Change-Id: Icabaa32d0b713f0c5e49de2f47452c7308443078
240566,qt%2Fqtlocation~dev~Icabaa32d0b713f0c5e49de2f47452c7308443078,https://codereview.qt-project.org/280121,5,293,0,0,2132467,10,24,1,2064.10666666667,99,,,,,Update dependencies on 'dev' in qt/qtlocation,Update dependencies on 'dev' in qt/qtlocation  Change-Id: Icabaa32d0b713f0c5e49de2f47452c7308443078
240566,qt%2Fqtlocation~dev~Icabaa32d0b713f0c5e49de2f47452c7308443078,https://codereview.qt-project.org/280121,5,293,0,0,2132467,10,24,1,2064.10666666667,99,,,,,Update dependencies on 'dev' in qt/qtlocation,Update dependencies on 'dev' in qt/qtlocation  Change-Id: Icabaa32d0b713f0c5e49de2f47452c7308443078
41553,qt%2Fqtbase~dev~Ia9f9c9cc1ac5c28f9d44b0a48d854a7cfbd39b11,https://codereview.qt-project.org/330032,10,300,442,11,61845,205,68,4,1844.86916666667,477,,,,,"Linux: Add abstract address support for QLocal{Socket,Server}","Linux: QLocalSocket & Server support abstract socket  This patch is also valid for Android. When QLocalServer is started with WorldAccessOption set the socket created will be an abstract one. Any other option of the server implies creating a regular socket. QLocalSocket, on the other hand, attempts to connect to an abstract socket, and if it fails, starts connecting to a non-abstract one.  Fixes: QTBUG-16090 Pick-to: 6.0 Change-Id: Ia9f9c9cc1ac5c28f9d44b0a48d854a7cfbd39b11"
221226,qt%2Fqtquickcontrols2~dev~I3b281131903c7c3c1cf0616eb7486a872dccd730,https://codereview.qt-project.org/297488,5,300,17,1,67991,121,139,2,3142.27388888889,88,,,,,Use qmlRegisterModuleImport() to register styles,WIP: Use qmlRegisterModuleImport()  Change-Id: I3b281131903c7c3c1cf0616eb7486a872dccd730
41553,qt%2Fqtbase~dev~Ia9f9c9cc1ac5c28f9d44b0a48d854a7cfbd39b11,https://codereview.qt-project.org/330032,10,300,442,11,61845,205,68,4,1844.86916666667,477,,,,,"Linux: Add abstract address support for QLocal{Socket,Server}","Linux: QLocalSocket & Server support abstract socket  This patch is also valid for Android. When QLocalServer is started with WorldAccessOption set the socket created will be an abstract one. Any other option of the server implies creating a regular socket. QLocalSocket, on the other hand, attempts to connect to an abstract socket, and if it fails, starts connecting to a non-abstract one.  Fixes: QTBUG-16090 Pick-to: 6.0 Change-Id: Ia9f9c9cc1ac5c28f9d44b0a48d854a7cfbd39b11"
41553,qt%2Fqtbase~dev~Ia9f9c9cc1ac5c28f9d44b0a48d854a7cfbd39b11,https://codereview.qt-project.org/330032,10,300,442,11,61845,205,68,4,1844.86916666667,477,,,,,"Linux: Add abstract address support for QLocal{Socket,Server}","Linux: QLocalSocket & Server support abstract socket  This patch is also valid for Android. When QLocalServer is started with WorldAccessOption set the socket created will be an abstract one. Any other option of the server implies creating a regular socket. QLocalSocket, on the other hand, attempts to connect to an abstract socket, and if it fails, starts connecting to a non-abstract one.  Fixes: QTBUG-16090 Pick-to: 6.0 Change-Id: Ia9f9c9cc1ac5c28f9d44b0a48d854a7cfbd39b11"
60729,qt%2Fqt5~dev~Ie422699479ce2da8c94cde3987a4685348aa7a21,https://codereview.qt-project.org/182100,14,304,0,0,773921,34,63,17,1509.21222222222,87,,,,,Update submodules on 'dev' in qt5,Update submodules on 'dev' in qt5  Change-Id: Ie422699479ce2da8c94cde3987a4685348aa7a21
60729,qt%2Fqt5~dev~Ie422699479ce2da8c94cde3987a4685348aa7a21,https://codereview.qt-project.org/182100,14,304,0,0,773921,34,63,17,1509.21222222222,87,,,,,Update submodules on 'dev' in qt5,Update submodules on 'dev' in qt5  Change-Id: Ie422699479ce2da8c94cde3987a4685348aa7a21
60729,qt%2Fqt5~dev~Ie422699479ce2da8c94cde3987a4685348aa7a21,https://codereview.qt-project.org/182100,14,304,0,0,773921,34,63,17,1509.21222222222,87,,,,,Update submodules on 'dev' in qt5,Update submodules on 'dev' in qt5  Change-Id: Ie422699479ce2da8c94cde3987a4685348aa7a21
60729,qt%2Fqt5~dev~Ie422699479ce2da8c94cde3987a4685348aa7a21,https://codereview.qt-project.org/182100,14,304,0,0,773921,34,63,17,1509.21222222222,87,,,,,Update submodules on 'dev' in qt5,Update submodules on 'dev' in qt5  Change-Id: Ie422699479ce2da8c94cde3987a4685348aa7a21
233549,qt%2Fqtbase~dev~I9a85705484855ae1dc874a81f49d27a50b0dcff7,https://codereview.qt-project.org/294727,30,305,259,15,608093,15,42,2,437.530555555556,197,,,,,Merge remote-tracking branch 'origin/5.15' into dev,WIP: Merge remote-tracking branch 'origin/5.15' into dev   Conflicts: 	examples/opengl/doc/src/cube.qdoc 	src/widgets/doc/src/graphicsview.qdoc  Change-Id: I9a85705484855ae1dc874a81f49d27a50b0dcff7
233549,qt%2Fqtbase~dev~I9a85705484855ae1dc874a81f49d27a50b0dcff7,https://codereview.qt-project.org/294727,30,305,259,15,608093,15,42,2,437.530555555556,197,,,,,Merge remote-tracking branch 'origin/5.15' into dev,WIP: Merge remote-tracking branch 'origin/5.15' into dev   Conflicts: 	examples/opengl/doc/src/cube.qdoc 	src/widgets/doc/src/graphicsview.qdoc  Change-Id: I9a85705484855ae1dc874a81f49d27a50b0dcff7
233549,qt%2Fqtbase~dev~I9a85705484855ae1dc874a81f49d27a50b0dcff7,https://codereview.qt-project.org/294727,30,305,259,15,608093,15,42,2,437.530555555556,197,,,,,Merge remote-tracking branch 'origin/5.15' into dev,WIP: Merge remote-tracking branch 'origin/5.15' into dev   Conflicts: 	examples/opengl/doc/src/cube.qdoc 	src/widgets/doc/src/graphicsview.qdoc  Change-Id: I9a85705484855ae1dc874a81f49d27a50b0dcff7
233549,qt%2Fqtbase~dev~I9a85705484855ae1dc874a81f49d27a50b0dcff7,https://codereview.qt-project.org/294727,30,305,259,15,608093,15,42,2,437.530555555556,197,,,,,Merge remote-tracking branch 'origin/5.15' into dev,WIP: Merge remote-tracking branch 'origin/5.15' into dev   Conflicts: 	examples/opengl/doc/src/cube.qdoc 	src/widgets/doc/src/graphicsview.qdoc  Change-Id: I9a85705484855ae1dc874a81f49d27a50b0dcff7
115714,qt%2Fqt5~dev~I25db2aa87f437c03d7929959c3e6d94d9fc0d541,https://codereview.qt-project.org/102416,3,307,0,0,2113345,14,101,7,1002.60694444444,73,,,,,Updated submodules.,Updated submodules.  Change-Id: I25db2aa87f437c03d7929959c3e6d94d9fc0d541
115714,qt%2Fqt5~dev~I25db2aa87f437c03d7929959c3e6d94d9fc0d541,https://codereview.qt-project.org/102416,3,307,0,0,2113345,14,101,7,1002.60694444444,73,,,,,Updated submodules.,Updated submodules.  Change-Id: I25db2aa87f437c03d7929959c3e6d94d9fc0d541
115714,qt%2Fqt5~dev~I25db2aa87f437c03d7929959c3e6d94d9fc0d541,https://codereview.qt-project.org/102416,3,307,0,0,2113345,14,101,7,1002.60694444444,73,,,,,Updated submodules.,Updated submodules.  Change-Id: I25db2aa87f437c03d7929959c3e6d94d9fc0d541
115714,qt%2Fqt5~dev~I25db2aa87f437c03d7929959c3e6d94d9fc0d541,https://codereview.qt-project.org/102416,3,307,0,0,2113345,14,101,7,1002.60694444444,73,,,,,Updated submodules.,Updated submodules.  Change-Id: I25db2aa87f437c03d7929959c3e6d94d9fc0d541
153450,qtsdk%2Fqtsdk~master~Iffb1aad53deeb324fc07cbb9c836012cdf99b9d8,https://codereview.qt-project.org/54538,4,310,36,0,23990,92,150,1,3359.65444444444,100,,,,,Initial version of the build wrapper script,WIP: Initial draft of the build wrapper script  Change-Id: Iffb1aad53deeb324fc07cbb9c836012cdf99b9d8
153450,qtsdk%2Fqtsdk~master~Iffb1aad53deeb324fc07cbb9c836012cdf99b9d8,https://codereview.qt-project.org/54538,4,310,36,0,23990,92,150,1,3359.65444444444,100,,,,,Initial version of the build wrapper script,WIP: Initial draft of the build wrapper script  Change-Id: Iffb1aad53deeb324fc07cbb9c836012cdf99b9d8
153450,qtsdk%2Fqtsdk~master~Iffb1aad53deeb324fc07cbb9c836012cdf99b9d8,https://codereview.qt-project.org/54538,4,310,36,0,23990,92,150,1,3359.65444444444,100,,,,,Initial version of the build wrapper script,WIP: Initial draft of the build wrapper script  Change-Id: Iffb1aad53deeb324fc07cbb9c836012cdf99b9d8
153450,qtsdk%2Fqtsdk~master~Iffb1aad53deeb324fc07cbb9c836012cdf99b9d8,https://codereview.qt-project.org/54538,4,310,36,0,23990,92,150,1,3359.65444444444,100,,,,,Initial version of the build wrapper script,WIP: Initial draft of the build wrapper script  Change-Id: Iffb1aad53deeb324fc07cbb9c836012cdf99b9d8
41507,qt%2Fqtbase~dev~If9f30cd7fb408c386d6d69b5f7b1beecf1ab44b5,https://codereview.qt-project.org/313243,11,311,357,81,58819,208,74,5,4904.60194444445,113,,,,,wasm: add cmake build support,WIP: wasm: add cmake build support  Task-number: QTBUG-78647 Change-Id: If9f30cd7fb408c386d6d69b5f7b1beecf1ab44b5
227293,qt%2Fqt3d~dev~I4f521ebf860d1339dfd48d48b4c70c0d233a49e8,https://codereview.qt-project.org/280010,3,311,0,0,1176070,8,22,1,5431.87333333333,93,,,,,Update dependencies on 'dev' in qt/qt3d,Update dependencies on 'dev' in qt/qt3d  Change-Id: I4f521ebf860d1339dfd48d48b4c70c0d233a49e8
41507,qt%2Fqtbase~dev~If9f30cd7fb408c386d6d69b5f7b1beecf1ab44b5,https://codereview.qt-project.org/313243,11,311,357,81,58819,208,74,5,4904.60194444445,113,,,,,wasm: add cmake build support,WIP: wasm: add cmake build support  Task-number: QTBUG-78647 Change-Id: If9f30cd7fb408c386d6d69b5f7b1beecf1ab44b5
41507,qt%2Fqtbase~dev~If9f30cd7fb408c386d6d69b5f7b1beecf1ab44b5,https://codereview.qt-project.org/313243,11,311,357,81,58819,208,74,5,4904.60194444445,113,,,,,wasm: add cmake build support,WIP: wasm: add cmake build support  Task-number: QTBUG-78647 Change-Id: If9f30cd7fb408c386d6d69b5f7b1beecf1ab44b5
238736,qt%2Fqtdeclarative~dev~I2a770e29c667d52000a0b063d6ed84705ccd3137,https://codereview.qt-project.org/289272,3,314,0,0,848533,4,88,1,210.812222222222,102,,,,,Update dependencies on 'dev' in qt/qtdeclarative,Update dependencies on 'dev' in qt/qtdeclarative  Change-Id: I2a770e29c667d52000a0b063d6ed84705ccd3137
238736,qt%2Fqtdeclarative~dev~I2a770e29c667d52000a0b063d6ed84705ccd3137,https://codereview.qt-project.org/289272,3,314,0,0,848533,4,88,1,210.812222222222,102,,,,,Update dependencies on 'dev' in qt/qtdeclarative,Update dependencies on 'dev' in qt/qtdeclarative  Change-Id: I2a770e29c667d52000a0b063d6ed84705ccd3137
238736,qt%2Fqtdeclarative~dev~I2a770e29c667d52000a0b063d6ed84705ccd3137,https://codereview.qt-project.org/289272,3,314,0,0,848533,4,88,1,210.812222222222,102,,,,,Update dependencies on 'dev' in qt/qtdeclarative,Update dependencies on 'dev' in qt/qtdeclarative  Change-Id: I2a770e29c667d52000a0b063d6ed84705ccd3137
238736,qt%2Fqtdeclarative~dev~I2a770e29c667d52000a0b063d6ed84705ccd3137,https://codereview.qt-project.org/289272,3,314,0,0,848533,4,88,1,210.812222222222,102,,,,,Update dependencies on 'dev' in qt/qtdeclarative,Update dependencies on 'dev' in qt/qtdeclarative  Change-Id: I2a770e29c667d52000a0b063d6ed84705ccd3137
242669,qt%2Fqtactiveqt~dev~Ic886c49cdecc70349c38fb919cf1270f671417a3,https://codereview.qt-project.org/284042,2,321,0,0,2266671,2,23,1,853.460833333333,99,,,,,Update dependencies on 'dev' in qt/qtactiveqt,Update dependencies on 'dev' in qt/qtactiveqt  Change-Id: Ic886c49cdecc70349c38fb919cf1270f671417a3
242669,qt%2Fqtactiveqt~dev~Ic886c49cdecc70349c38fb919cf1270f671417a3,https://codereview.qt-project.org/284042,2,321,0,0,2266671,2,23,1,853.460833333333,99,,,,,Update dependencies on 'dev' in qt/qtactiveqt,Update dependencies on 'dev' in qt/qtactiveqt  Change-Id: Ic886c49cdecc70349c38fb919cf1270f671417a3
242669,qt%2Fqtactiveqt~dev~Ic886c49cdecc70349c38fb919cf1270f671417a3,https://codereview.qt-project.org/284042,2,321,0,0,2266671,2,23,1,853.460833333333,99,,,,,Update dependencies on 'dev' in qt/qtactiveqt,Update dependencies on 'dev' in qt/qtactiveqt  Change-Id: Ic886c49cdecc70349c38fb919cf1270f671417a3
242669,qt%2Fqtactiveqt~dev~Ic886c49cdecc70349c38fb919cf1270f671417a3,https://codereview.qt-project.org/284042,2,321,0,0,2266671,2,23,1,853.460833333333,99,,,,,Update dependencies on 'dev' in qt/qtactiveqt,Update dependencies on 'dev' in qt/qtactiveqt  Change-Id: Ic886c49cdecc70349c38fb919cf1270f671417a3
243353,qt%2Fqttools~5.15~I919976d8680b41c5ca69bdb79a0b824c29b89d05,https://codereview.qt-project.org/276759,5,322,292,30,43232,4199,101,7,2084.14972222222,88,,,,,Implement DocBook support for qdoc,Implement DocBook support for qdoc  Change-Id: I919976d8680b41c5ca69bdb79a0b824c29b89d05
243353,qt%2Fqttools~5.15~I919976d8680b41c5ca69bdb79a0b824c29b89d05,https://codereview.qt-project.org/276759,5,322,292,30,43232,4199,101,7,2084.14972222222,88,,,,,Implement DocBook support for qdoc,Implement DocBook support for qdoc  Change-Id: I919976d8680b41c5ca69bdb79a0b824c29b89d05
243353,qt%2Fqttools~5.15~I919976d8680b41c5ca69bdb79a0b824c29b89d05,https://codereview.qt-project.org/276759,5,322,292,30,43232,4199,101,7,2084.14972222222,88,,,,,Implement DocBook support for qdoc,Implement DocBook support for qdoc  Change-Id: I919976d8680b41c5ca69bdb79a0b824c29b89d05
243353,qt%2Fqttools~5.15~I919976d8680b41c5ca69bdb79a0b824c29b89d05,https://codereview.qt-project.org/276759,5,322,292,30,43232,4199,101,7,2084.14972222222,88,,,,,Implement DocBook support for qdoc,Implement DocBook support for qdoc  Change-Id: I919976d8680b41c5ca69bdb79a0b824c29b89d05
128002,qt%2Fqt5~dev~Iffab81d96aa4e91c14fe3ff888dd4323092a261e,https://codereview.qt-project.org/87703,4,324,0,0,1892275,4,105,2,1017.79027777778,73,,,,,Updated submodules.,Updated submodules.  Change-Id: Iffab81d96aa4e91c14fe3ff888dd4323092a261e
128002,qt%2Fqt5~dev~Iffab81d96aa4e91c14fe3ff888dd4323092a261e,https://codereview.qt-project.org/87703,4,324,0,0,1892275,4,105,2,1017.79027777778,73,,,,,Updated submodules.,Updated submodules.  Change-Id: Iffab81d96aa4e91c14fe3ff888dd4323092a261e
128002,qt%2Fqt5~dev~Iffab81d96aa4e91c14fe3ff888dd4323092a261e,https://codereview.qt-project.org/87703,4,324,0,0,1892275,4,105,2,1017.79027777778,73,,,,,Updated submodules.,Updated submodules.  Change-Id: Iffab81d96aa4e91c14fe3ff888dd4323092a261e
128002,qt%2Fqt5~dev~Iffab81d96aa4e91c14fe3ff888dd4323092a261e,https://codereview.qt-project.org/87703,4,324,0,0,1892275,4,105,2,1017.79027777778,73,,,,,Updated submodules.,Updated submodules.  Change-Id: Iffab81d96aa4e91c14fe3ff888dd4323092a261e
144013,qt%2Fqt5~dev~Id00002337613fa6681aed81193565ed7a5a4e472,https://codereview.qt-project.org/68429,6,325,0,0,889500,2,98,1,1468.22277777778,73,,,,,Updated submodules.,Updated submodules.  Change-Id: Id00002337613fa6681aed81193565ed7a5a4e472
144013,qt%2Fqt5~dev~Id00002337613fa6681aed81193565ed7a5a4e472,https://codereview.qt-project.org/68429,6,325,0,0,889500,2,98,1,1468.22277777778,73,,,,,Updated submodules.,Updated submodules.  Change-Id: Id00002337613fa6681aed81193565ed7a5a4e472
144013,qt%2Fqt5~dev~Id00002337613fa6681aed81193565ed7a5a4e472,https://codereview.qt-project.org/68429,6,325,0,0,889500,2,98,1,1468.22277777778,73,,,,,Updated submodules.,Updated submodules.  Change-Id: Id00002337613fa6681aed81193565ed7a5a4e472
144013,qt%2Fqt5~dev~Id00002337613fa6681aed81193565ed7a5a4e472,https://codereview.qt-project.org/68429,6,325,0,0,889500,2,98,1,1468.22277777778,73,,,,,Updated submodules.,Updated submodules.  Change-Id: Id00002337613fa6681aed81193565ed7a5a4e472
260822,qt%2Fqtbase~dev~I0422ddb97eb8c11b4818771454851d19671253b1,https://codereview.qt-project.org/216986,25,331,541,0,263471,48,63,3,12320.8111111111,122,,,,,Docker-based test servers for network-related Qt autotests,WIP: Create a docker-based ftp server that works with a trivial test  Change-Id: I0422ddb97eb8c11b4818771454851d19671253b1
260822,qt%2Fqtbase~dev~I0422ddb97eb8c11b4818771454851d19671253b1,https://codereview.qt-project.org/216986,25,331,541,0,263471,48,63,3,12320.8111111111,122,,,,,Docker-based test servers for network-related Qt autotests,WIP: Create a docker-based ftp server that works with a trivial test  Change-Id: I0422ddb97eb8c11b4818771454851d19671253b1
260822,qt%2Fqtbase~dev~I0422ddb97eb8c11b4818771454851d19671253b1,https://codereview.qt-project.org/216986,25,331,541,0,263471,48,63,3,12320.8111111111,122,,,,,Docker-based test servers for network-related Qt autotests,WIP: Create a docker-based ftp server that works with a trivial test  Change-Id: I0422ddb97eb8c11b4818771454851d19671253b1
260822,qt%2Fqtbase~dev~I0422ddb97eb8c11b4818771454851d19671253b1,https://codereview.qt-project.org/216986,25,331,541,0,263471,48,63,3,12320.8111111111,122,,,,,Docker-based test servers for network-related Qt autotests,WIP: Create a docker-based ftp server that works with a trivial test  Change-Id: I0422ddb97eb8c11b4818771454851d19671253b1
110737,qt%2Fqt5~5.4~Ibe35b9f9af23a2b84ccab7e24b10e70d9324e42b,https://codereview.qt-project.org/106265,8,334,0,0,910921,2,91,1,1291.66833333333,73,,,,,Updated submodules.,Updated submodules.  Change-Id: Ibe35b9f9af23a2b84ccab7e24b10e70d9324e42b
110737,qt%2Fqt5~5.4~Ibe35b9f9af23a2b84ccab7e24b10e70d9324e42b,https://codereview.qt-project.org/106265,8,334,0,0,910921,2,91,1,1291.66833333333,73,,,,,Updated submodules.,Updated submodules.  Change-Id: Ibe35b9f9af23a2b84ccab7e24b10e70d9324e42b
110737,qt%2Fqt5~5.4~Ibe35b9f9af23a2b84ccab7e24b10e70d9324e42b,https://codereview.qt-project.org/106265,8,334,0,0,910921,2,91,1,1291.66833333333,73,,,,,Updated submodules.,Updated submodules.  Change-Id: Ibe35b9f9af23a2b84ccab7e24b10e70d9324e42b
110737,qt%2Fqt5~5.4~Ibe35b9f9af23a2b84ccab7e24b10e70d9324e42b,https://codereview.qt-project.org/106265,8,334,0,0,910921,2,91,1,1291.66833333333,73,,,,,Updated submodules.,Updated submodules.  Change-Id: Ibe35b9f9af23a2b84ccab7e24b10e70d9324e42b
107046,qt%2Fqt5~dev~I976ffd988e7ec7b595ed610d86bf58307c5e5434,https://codereview.qt-project.org/110939,10,335,0,0,1368455,38,89,19,1160.42777777778,73,,,,,Updated submodules.,Updated submodules.  Change-Id: I976ffd988e7ec7b595ed610d86bf58307c5e5434
107046,qt%2Fqt5~dev~I976ffd988e7ec7b595ed610d86bf58307c5e5434,https://codereview.qt-project.org/110939,10,335,0,0,1368455,38,89,19,1160.42777777778,73,,,,,Updated submodules.,Updated submodules.  Change-Id: I976ffd988e7ec7b595ed610d86bf58307c5e5434
107046,qt%2Fqt5~dev~I976ffd988e7ec7b595ed610d86bf58307c5e5434,https://codereview.qt-project.org/110939,10,335,0,0,1368455,38,89,19,1160.42777777778,73,,,,,Updated submodules.,Updated submodules.  Change-Id: I976ffd988e7ec7b595ed610d86bf58307c5e5434
107046,qt%2Fqt5~dev~I976ffd988e7ec7b595ed610d86bf58307c5e5434,https://codereview.qt-project.org/110939,10,335,0,0,1368455,38,89,19,1160.42777777778,73,,,,,Updated submodules.,Updated submodules.  Change-Id: I976ffd988e7ec7b595ed610d86bf58307c5e5434
80855,qt%2Fqtbase~dev~I85d6269076cc1d586d17c87bcdee49c21522ef78,https://codereview.qt-project.org/144648,13,339,391,0,16970,1176,117,6,4203.30666666667,197,,,,,HPACK implementation,WIP - hpack prototype  Toyish and sketchy (atm) static Huffman coding - the first patch in a chain prototyping the future HPACK implementation.  Change-Id: I85d6269076cc1d586d17c87bcdee49c21522ef78
80855,qt%2Fqtbase~dev~I85d6269076cc1d586d17c87bcdee49c21522ef78,https://codereview.qt-project.org/144648,13,339,391,0,16970,1176,117,6,4203.30666666667,197,,,,,HPACK implementation,WIP - hpack prototype  Toyish and sketchy (atm) static Huffman coding - the first patch in a chain prototyping the future HPACK implementation.  Change-Id: I85d6269076cc1d586d17c87bcdee49c21522ef78
80855,qt%2Fqtbase~dev~I85d6269076cc1d586d17c87bcdee49c21522ef78,https://codereview.qt-project.org/144648,13,339,391,0,16970,1176,117,6,4203.30666666667,197,,,,,HPACK implementation,WIP - hpack prototype  Toyish and sketchy (atm) static Huffman coding - the first patch in a chain prototyping the future HPACK implementation.  Change-Id: I85d6269076cc1d586d17c87bcdee49c21522ef78
80855,qt%2Fqtbase~dev~I85d6269076cc1d586d17c87bcdee49c21522ef78,https://codereview.qt-project.org/144648,13,339,391,0,16970,1176,117,6,4203.30666666667,197,,,,,HPACK implementation,WIP - hpack prototype  Toyish and sketchy (atm) static Huffman coding - the first patch in a chain prototyping the future HPACK implementation.  Change-Id: I85d6269076cc1d586d17c87bcdee49c21522ef78
260697,qt%2Fqtbase~dev~Ifcdf8586c70c3018b0c5549efc722e795f2c1c52,https://codereview.qt-project.org/220723,11,347,305,0,16400,799,111,5,11527.0708333333,277,,,,,Let's encrypt datagrams,WIP introduce QDTLS  A bit different approach (compared to QDtlsConnection class): - QDtlsListener - implements cookie send/verification on a server-side - QDtlsCryptorgrapher - encrypts/descripts datagrams (client/server).  Change-Id: Ifcdf8586c70c3018b0c5549efc722e795f2c1c52
260697,qt%2Fqtbase~dev~Ifcdf8586c70c3018b0c5549efc722e795f2c1c52,https://codereview.qt-project.org/220723,11,347,305,0,16400,799,111,5,11527.0708333333,277,,,,,Let's encrypt datagrams,WIP introduce QDTLS  A bit different approach (compared to QDtlsConnection class): - QDtlsListener - implements cookie send/verification on a server-side - QDtlsCryptorgrapher - encrypts/descripts datagrams (client/server).  Change-Id: Ifcdf8586c70c3018b0c5549efc722e795f2c1c52
260697,qt%2Fqtbase~dev~Ifcdf8586c70c3018b0c5549efc722e795f2c1c52,https://codereview.qt-project.org/220723,11,347,305,0,16400,799,111,5,11527.0708333333,277,,,,,Let's encrypt datagrams,WIP introduce QDTLS  A bit different approach (compared to QDtlsConnection class): - QDtlsListener - implements cookie send/verification on a server-side - QDtlsCryptorgrapher - encrypts/descripts datagrams (client/server).  Change-Id: Ifcdf8586c70c3018b0c5549efc722e795f2c1c52
260697,qt%2Fqtbase~dev~Ifcdf8586c70c3018b0c5549efc722e795f2c1c52,https://codereview.qt-project.org/220723,11,347,305,0,16400,799,111,5,11527.0708333333,277,,,,,Let's encrypt datagrams,WIP introduce QDTLS  A bit different approach (compared to QDtlsConnection class): - QDtlsListener - implements cookie send/verification on a server-side - QDtlsCryptorgrapher - encrypts/descripts datagrams (client/server).  Change-Id: Ifcdf8586c70c3018b0c5549efc722e795f2c1c52
273013,qt%2Fqt5~dev~I63d8b91dec1e0eb4a11b9f8332d2f7dd203abdd5,https://codereview.qt-project.org/244355,4,350,0,0,846804,6,77,3,1248.38333333333,87,,,,,Update submodules on 'dev' in qt5,Update submodules on 'dev' in qt5  Change-Id: I63d8b91dec1e0eb4a11b9f8332d2f7dd203abdd5
273013,qt%2Fqt5~dev~I63d8b91dec1e0eb4a11b9f8332d2f7dd203abdd5,https://codereview.qt-project.org/244355,4,350,0,0,846804,6,77,3,1248.38333333333,87,,,,,Update submodules on 'dev' in qt5,Update submodules on 'dev' in qt5  Change-Id: I63d8b91dec1e0eb4a11b9f8332d2f7dd203abdd5
273013,qt%2Fqt5~dev~I63d8b91dec1e0eb4a11b9f8332d2f7dd203abdd5,https://codereview.qt-project.org/244355,4,350,0,0,846804,6,77,3,1248.38333333333,87,,,,,Update submodules on 'dev' in qt5,Update submodules on 'dev' in qt5  Change-Id: I63d8b91dec1e0eb4a11b9f8332d2f7dd203abdd5
273013,qt%2Fqt5~dev~I63d8b91dec1e0eb4a11b9f8332d2f7dd203abdd5,https://codereview.qt-project.org/244355,4,350,0,0,846804,6,77,3,1248.38333333333,87,,,,,Update submodules on 'dev' in qt5,Update submodules on 'dev' in qt5  Change-Id: I63d8b91dec1e0eb4a11b9f8332d2f7dd203abdd5
59983,qt%2Fqtbase~dev~Iac273e46b2c61ec2c31b3dacebb29500599d6898,https://codereview.qt-project.org/143763,21,355,452,0,117357,401,44,8,11286.5911111111,1413,,,,,Long live QStringView!,"WIP: Long live QStringView!  QStringView is a simple container for (const QChar*, int) and (const char16_t*, size_t), respectively. It acts as a replacement interface type for const QString, const QStringRef, and QChar, and enables passing all kinds of string-like types to functions otherwise expecting const QString& - without the need to convert to QString first.  The use of this new class is guarded by a macro that enables four levels of QStringView support:   0. offer no QStringView  1. offer QStringView, overload some functions taking     QString with QStringView  2. like 0, but remove all overloads of functions taking     QString, QStringRef, QChar, leaving only the function     taking QStringView. Do this only where QStringRef/QChar     overloads tradionally existed.  3. like 1, but replace functions that traditionally didn't     overload on QStringRef, too.  This is done in order to measure the impact of QStringView on code size and execution speed, and to help guide the decision of which level to choose for Qt 6.  This first patch adds QStringView with all its constructors, but nothing more than relational operations, iterators and isNull()/isEmpty().  Further patches will add support for QStringView to QStringBuilder, add QStringView overloads of functions taking QString, and add the complete API of const QString to QStringView.  Change-Id: Iac273e46b2c61ec2c31b3dacebb29500599d6898"
59983,qt%2Fqtbase~dev~Iac273e46b2c61ec2c31b3dacebb29500599d6898,https://codereview.qt-project.org/143763,21,355,452,0,117357,401,44,8,11286.5911111111,1413,,,,,Long live QStringView!,"WIP: Long live QStringView!  QStringView is a simple container for (const QChar*, int) and (const char16_t*, size_t), respectively. It acts as a replacement interface type for const QString, const QStringRef, and QChar, and enables passing all kinds of string-like types to functions otherwise expecting const QString& - without the need to convert to QString first.  The use of this new class is guarded by a macro that enables four levels of QStringView support:   0. offer no QStringView  1. offer QStringView, overload some functions taking     QString with QStringView  2. like 0, but remove all overloads of functions taking     QString, QStringRef, QChar, leaving only the function     taking QStringView. Do this only where QStringRef/QChar     overloads tradionally existed.  3. like 1, but replace functions that traditionally didn't     overload on QStringRef, too.  This is done in order to measure the impact of QStringView on code size and execution speed, and to help guide the decision of which level to choose for Qt 6.  This first patch adds QStringView with all its constructors, but nothing more than relational operations, iterators and isNull()/isEmpty().  Further patches will add support for QStringView to QStringBuilder, add QStringView overloads of functions taking QString, and add the complete API of const QString to QStringView.  Change-Id: Iac273e46b2c61ec2c31b3dacebb29500599d6898"
59983,qt%2Fqtbase~dev~Iac273e46b2c61ec2c31b3dacebb29500599d6898,https://codereview.qt-project.org/143763,21,355,452,0,117357,401,44,8,11286.5911111111,1413,,,,,Long live QStringView!,"WIP: Long live QStringView!  QStringView is a simple container for (const QChar*, int) and (const char16_t*, size_t), respectively. It acts as a replacement interface type for const QString, const QStringRef, and QChar, and enables passing all kinds of string-like types to functions otherwise expecting const QString& - without the need to convert to QString first.  The use of this new class is guarded by a macro that enables four levels of QStringView support:   0. offer no QStringView  1. offer QStringView, overload some functions taking     QString with QStringView  2. like 0, but remove all overloads of functions taking     QString, QStringRef, QChar, leaving only the function     taking QStringView. Do this only where QStringRef/QChar     overloads tradionally existed.  3. like 1, but replace functions that traditionally didn't     overload on QStringRef, too.  This is done in order to measure the impact of QStringView on code size and execution speed, and to help guide the decision of which level to choose for Qt 6.  This first patch adds QStringView with all its constructors, but nothing more than relational operations, iterators and isNull()/isEmpty().  Further patches will add support for QStringView to QStringBuilder, add QStringView overloads of functions taking QString, and add the complete API of const QString to QStringView.  Change-Id: Iac273e46b2c61ec2c31b3dacebb29500599d6898"
59983,qt%2Fqtbase~dev~Iac273e46b2c61ec2c31b3dacebb29500599d6898,https://codereview.qt-project.org/143763,21,355,452,0,117357,401,44,8,11286.5911111111,1413,,,,,Long live QStringView!,"WIP: Long live QStringView!  QStringView is a simple container for (const QChar*, int) and (const char16_t*, size_t), respectively. It acts as a replacement interface type for const QString, const QStringRef, and QChar, and enables passing all kinds of string-like types to functions otherwise expecting const QString& - without the need to convert to QString first.  The use of this new class is guarded by a macro that enables four levels of QStringView support:   0. offer no QStringView  1. offer QStringView, overload some functions taking     QString with QStringView  2. like 0, but remove all overloads of functions taking     QString, QStringRef, QChar, leaving only the function     taking QStringView. Do this only where QStringRef/QChar     overloads tradionally existed.  3. like 1, but replace functions that traditionally didn't     overload on QStringRef, too.  This is done in order to measure the impact of QStringView on code size and execution speed, and to help guide the decision of which level to choose for Qt 6.  This first patch adds QStringView with all its constructors, but nothing more than relational operations, iterators and isNull()/isEmpty().  Further patches will add support for QStringView to QStringBuilder, add QStringView overloads of functions taking QString, and add the complete API of const QString to QStringView.  Change-Id: Iac273e46b2c61ec2c31b3dacebb29500599d6898"
14933,qt%2Fqt5~5.3~I4a7f9e8ef412f506454751727e470870e463320c,https://codereview.qt-project.org/93313,5,368,0,0,1264962,2,120,1,6670.97111111111,73,,,,,Updated submodules.,Updated submodules.  Change-Id: I4a7f9e8ef412f506454751727e470870e463320c
14933,qt%2Fqt5~5.3~I4a7f9e8ef412f506454751727e470870e463320c,https://codereview.qt-project.org/93313,5,368,0,0,1264962,2,120,1,6670.97111111111,73,,,,,Updated submodules.,Updated submodules.  Change-Id: I4a7f9e8ef412f506454751727e470870e463320c
14933,qt%2Fqt5~5.3~I4a7f9e8ef412f506454751727e470870e463320c,https://codereview.qt-project.org/93313,5,368,0,0,1264962,2,120,1,6670.97111111111,73,,,,,Updated submodules.,Updated submodules.  Change-Id: I4a7f9e8ef412f506454751727e470870e463320c
14933,qt%2Fqt5~5.3~I4a7f9e8ef412f506454751727e470870e463320c,https://codereview.qt-project.org/93313,5,368,0,0,1264962,2,120,1,6670.97111111111,73,,,,,Updated submodules.,Updated submodules.  Change-Id: I4a7f9e8ef412f506454751727e470870e463320c
51557,qt%2Fqtquickcontrols2~dev~I550d7dac9a9686d60bec15655ac92dea9f36149c,https://codereview.qt-project.org/188127,4,374,169,0,120658,2656,152,18,3431.86083333333,100,,,,,Add Imagine style,WIP: Can you imagine...?  Task-number: QTPM-517 Change-Id: I550d7dac9a9686d60bec15655ac92dea9f36149c
51557,qt%2Fqtquickcontrols2~dev~I550d7dac9a9686d60bec15655ac92dea9f36149c,https://codereview.qt-project.org/188127,4,374,169,0,120658,2656,152,18,3431.86083333333,100,,,,,Add Imagine style,WIP: Can you imagine...?  Task-number: QTPM-517 Change-Id: I550d7dac9a9686d60bec15655ac92dea9f36149c
51557,qt%2Fqtquickcontrols2~dev~I550d7dac9a9686d60bec15655ac92dea9f36149c,https://codereview.qt-project.org/188127,4,374,169,0,120658,2656,152,18,3431.86083333333,100,,,,,Add Imagine style,WIP: Can you imagine...?  Task-number: QTPM-517 Change-Id: I550d7dac9a9686d60bec15655ac92dea9f36149c
51557,qt%2Fqtquickcontrols2~dev~I550d7dac9a9686d60bec15655ac92dea9f36149c,https://codereview.qt-project.org/188127,4,374,169,0,120658,2656,152,18,3431.86083333333,100,,,,,Add Imagine style,WIP: Can you imagine...?  Task-number: QTPM-517 Change-Id: I550d7dac9a9686d60bec15655ac92dea9f36149c
242397,qt%2Fqtdeclarative~dev~I9f0348e47ee933f97c79b79dc07cc5be76a8b3c8,https://codereview.qt-project.org/284050,5,381,0,0,2429766,4,41,1,901.027777777778,102,,,,,Update dependencies on 'dev' in qt/qtdeclarative,Update dependencies on 'dev' in qt/qtdeclarative  Change-Id: I9f0348e47ee933f97c79b79dc07cc5be76a8b3c8
242397,qt%2Fqtdeclarative~dev~I9f0348e47ee933f97c79b79dc07cc5be76a8b3c8,https://codereview.qt-project.org/284050,5,381,0,0,2429766,4,41,1,901.027777777778,102,,,,,Update dependencies on 'dev' in qt/qtdeclarative,Update dependencies on 'dev' in qt/qtdeclarative  Change-Id: I9f0348e47ee933f97c79b79dc07cc5be76a8b3c8
242397,qt%2Fqtdeclarative~dev~I9f0348e47ee933f97c79b79dc07cc5be76a8b3c8,https://codereview.qt-project.org/284050,5,381,0,0,2429766,4,41,1,901.027777777778,102,,,,,Update dependencies on 'dev' in qt/qtdeclarative,Update dependencies on 'dev' in qt/qtdeclarative  Change-Id: I9f0348e47ee933f97c79b79dc07cc5be76a8b3c8
242397,qt%2Fqtdeclarative~dev~I9f0348e47ee933f97c79b79dc07cc5be76a8b3c8,https://codereview.qt-project.org/284050,5,381,0,0,2429766,4,41,1,901.027777777778,102,,,,,Update dependencies on 'dev' in qt/qtdeclarative,Update dependencies on 'dev' in qt/qtdeclarative  Change-Id: I9f0348e47ee933f97c79b79dc07cc5be76a8b3c8
78863,qt%2Fqtbase~dev~I3a119cfbb1fb3118d9003225f5e54b46ae2829b6,https://codereview.qt-project.org/145762,8,382,385,0,19112,127,159,3,4278.51111111111,250,,,,,HTTP2 protocol handler,WIP - http2 protocol handler  Add QHttp2ProtocolHandler into access module to work with http2. Mods in SSL code is only a hack to deal with ALPN (the proper solution will be in a different patch).  Change-Id: I3a119cfbb1fb3118d9003225f5e54b46ae2829b6
78863,qt%2Fqtbase~dev~I3a119cfbb1fb3118d9003225f5e54b46ae2829b6,https://codereview.qt-project.org/145762,8,382,385,0,19112,127,159,3,4278.51111111111,250,,,,,HTTP2 protocol handler,WIP - http2 protocol handler  Add QHttp2ProtocolHandler into access module to work with http2. Mods in SSL code is only a hack to deal with ALPN (the proper solution will be in a different patch).  Change-Id: I3a119cfbb1fb3118d9003225f5e54b46ae2829b6
78863,qt%2Fqtbase~dev~I3a119cfbb1fb3118d9003225f5e54b46ae2829b6,https://codereview.qt-project.org/145762,8,382,385,0,19112,127,159,3,4278.51111111111,250,,,,,HTTP2 protocol handler,WIP - http2 protocol handler  Add QHttp2ProtocolHandler into access module to work with http2. Mods in SSL code is only a hack to deal with ALPN (the proper solution will be in a different patch).  Change-Id: I3a119cfbb1fb3118d9003225f5e54b46ae2829b6
78863,qt%2Fqtbase~dev~I3a119cfbb1fb3118d9003225f5e54b46ae2829b6,https://codereview.qt-project.org/145762,8,382,385,0,19112,127,159,3,4278.51111111111,250,,,,,HTTP2 protocol handler,WIP - http2 protocol handler  Add QHttp2ProtocolHandler into access module to work with http2. Mods in SSL code is only a hack to deal with ALPN (the proper solution will be in a different patch).  Change-Id: I3a119cfbb1fb3118d9003225f5e54b46ae2829b6
240126,qt%2Fqtwayland~dev~I3d5f18eb138186c89564e0b1ef2311b71aa0e94e,https://codereview.qt-project.org/279455,2,410,0,0,1850853,4,27,1,2231.94416666667,98,,,,,Update dependencies on 'dev' in qt/qtwayland,Update dependencies on 'dev' in qt/qtwayland  Change-Id: I3d5f18eb138186c89564e0b1ef2311b71aa0e94e
240126,qt%2Fqtwayland~dev~I3d5f18eb138186c89564e0b1ef2311b71aa0e94e,https://codereview.qt-project.org/279455,2,410,0,0,1850853,4,27,1,2231.94416666667,98,,,,,Update dependencies on 'dev' in qt/qtwayland,Update dependencies on 'dev' in qt/qtwayland  Change-Id: I3d5f18eb138186c89564e0b1ef2311b71aa0e94e
240126,qt%2Fqtwayland~dev~I3d5f18eb138186c89564e0b1ef2311b71aa0e94e,https://codereview.qt-project.org/279455,2,410,0,0,1850853,4,27,1,2231.94416666667,98,,,,,Update dependencies on 'dev' in qt/qtwayland,Update dependencies on 'dev' in qt/qtwayland  Change-Id: I3d5f18eb138186c89564e0b1ef2311b71aa0e94e
240126,qt%2Fqtwayland~dev~I3d5f18eb138186c89564e0b1ef2311b71aa0e94e,https://codereview.qt-project.org/279455,2,410,0,0,1850853,4,27,1,2231.94416666667,98,,,,,Update dependencies on 'dev' in qt/qtwayland,Update dependencies on 'dev' in qt/qtwayland  Change-Id: I3d5f18eb138186c89564e0b1ef2311b71aa0e94e
218149,qt%2Fqtbase~5.14~I9d6278f394269a183aee8156e990cec4d5198ab8,https://codereview.qt-project.org/182341,18,418,790,21,157315,2284,96,9,32374.3838888889,814,,,,,Add support for calendars beside Gregorian,"WIP: Adding Calendar System classes and Jalali Calendar  QAbstractCalendar class has been added as a base class for calendar implementations. This class contains several information on the underlying calendar.  QDate member functions modified to take a reference to calendar object. Original implementations still exist in code.  QLocale integration with QAbstractCalendar is completed by adding several functions. As for QDate, original functions are there.  CLDR data for month names of Persian (Jalali) calendar is added to QLocale private header. And scripts for locale data generation are modified to extract these data from CLDR (same version v29)  All these codes are excluded from bootstrapped build.  Change-Id: I9d6278f394269a183aee8156e990cec4d5198ab8 Signed-off-by: Soroush Rabiei <soroush@ametisco.ir>"
218149,qt%2Fqtbase~5.14~I9d6278f394269a183aee8156e990cec4d5198ab8,https://codereview.qt-project.org/182341,18,418,790,21,157315,2284,96,9,32374.3838888889,814,,,,,Add support for calendars beside Gregorian,"WIP: Adding Calendar System classes and Jalali Calendar  QAbstractCalendar class has been added as a base class for calendar implementations. This class contains several information on the underlying calendar.  QDate member functions modified to take a reference to calendar object. Original implementations still exist in code.  QLocale integration with QAbstractCalendar is completed by adding several functions. As for QDate, original functions are there.  CLDR data for month names of Persian (Jalali) calendar is added to QLocale private header. And scripts for locale data generation are modified to extract these data from CLDR (same version v29)  All these codes are excluded from bootstrapped build.  Change-Id: I9d6278f394269a183aee8156e990cec4d5198ab8 Signed-off-by: Soroush Rabiei <soroush@ametisco.ir>"
218149,qt%2Fqtbase~5.14~I9d6278f394269a183aee8156e990cec4d5198ab8,https://codereview.qt-project.org/182341,18,418,790,21,157315,2284,96,9,32374.3838888889,814,,,,,Add support for calendars beside Gregorian,"WIP: Adding Calendar System classes and Jalali Calendar  QAbstractCalendar class has been added as a base class for calendar implementations. This class contains several information on the underlying calendar.  QDate member functions modified to take a reference to calendar object. Original implementations still exist in code.  QLocale integration with QAbstractCalendar is completed by adding several functions. As for QDate, original functions are there.  CLDR data for month names of Persian (Jalali) calendar is added to QLocale private header. And scripts for locale data generation are modified to extract these data from CLDR (same version v29)  All these codes are excluded from bootstrapped build.  Change-Id: I9d6278f394269a183aee8156e990cec4d5198ab8 Signed-off-by: Soroush Rabiei <soroush@ametisco.ir>"
218149,qt%2Fqtbase~5.14~I9d6278f394269a183aee8156e990cec4d5198ab8,https://codereview.qt-project.org/182341,18,418,790,21,157315,2284,96,9,32374.3838888889,814,,,,,Add support for calendars beside Gregorian,"WIP: Adding Calendar System classes and Jalali Calendar  QAbstractCalendar class has been added as a base class for calendar implementations. This class contains several information on the underlying calendar.  QDate member functions modified to take a reference to calendar object. Original implementations still exist in code.  QLocale integration with QAbstractCalendar is completed by adding several functions. As for QDate, original functions are there.  CLDR data for month names of Persian (Jalali) calendar is added to QLocale private header. And scripts for locale data generation are modified to extract these data from CLDR (same version v29)  All these codes are excluded from bootstrapped build.  Change-Id: I9d6278f394269a183aee8156e990cec4d5198ab8 Signed-off-by: Soroush Rabiei <soroush@ametisco.ir>"
100638,qt%2Fqt5~dev~I1d3966833b5f27fb262f2d3727557ef2c8947828,https://codereview.qt-project.org/121238,13,458,0,0,2484435,4,110,2,1739.50666666667,73,,,,,Updated submodules.,Updated submodules.  Change-Id: I1d3966833b5f27fb262f2d3727557ef2c8947828
100638,qt%2Fqt5~dev~I1d3966833b5f27fb262f2d3727557ef2c8947828,https://codereview.qt-project.org/121238,13,458,0,0,2484435,4,110,2,1739.50666666667,73,,,,,Updated submodules.,Updated submodules.  Change-Id: I1d3966833b5f27fb262f2d3727557ef2c8947828
100638,qt%2Fqt5~dev~I1d3966833b5f27fb262f2d3727557ef2c8947828,https://codereview.qt-project.org/121238,13,458,0,0,2484435,4,110,2,1739.50666666667,73,,,,,Updated submodules.,Updated submodules.  Change-Id: I1d3966833b5f27fb262f2d3727557ef2c8947828
100638,qt%2Fqt5~dev~I1d3966833b5f27fb262f2d3727557ef2c8947828,https://codereview.qt-project.org/121238,13,458,0,0,2484435,4,110,2,1739.50666666667,73,,,,,Updated submodules.,Updated submodules.  Change-Id: I1d3966833b5f27fb262f2d3727557ef2c8947828
9613,qt%2Fqt5~dev~Ic00a2f158e1207285649592732002c0e7c035c8f,https://codereview.qt-project.org/149944,16,477,1,0,4042170,58,87,29,3134.19055555556,73,,,,,Updated submodules.,Updated submodules.  Change-Id: Ic00a2f158e1207285649592732002c0e7c035c8f
9613,qt%2Fqt5~dev~Ic00a2f158e1207285649592732002c0e7c035c8f,https://codereview.qt-project.org/149944,16,477,1,0,4042170,58,87,29,3134.19055555556,73,,,,,Updated submodules.,Updated submodules.  Change-Id: Ic00a2f158e1207285649592732002c0e7c035c8f
9613,qt%2Fqt5~dev~Ic00a2f158e1207285649592732002c0e7c035c8f,https://codereview.qt-project.org/149944,16,477,1,0,4042170,58,87,29,3134.19055555556,73,,,,,Updated submodules.,Updated submodules.  Change-Id: Ic00a2f158e1207285649592732002c0e7c035c8f
9613,qt%2Fqt5~dev~Ic00a2f158e1207285649592732002c0e7c035c8f,https://codereview.qt-project.org/149944,16,477,1,0,4042170,58,87,29,3134.19055555556,73,,,,,Updated submodules.,Updated submodules.  Change-Id: Ic00a2f158e1207285649592732002c0e7c035c8f
127127,qt%2Fqtbase~5.4~Ibf9c2e6b53ef39c5605894a4422acdbbca4030c4,https://codereview.qt-project.org/73945,27,507,706,0,68121,1766,92,8,5830.31472222222,74,,,,,Add the QStorageInfo class,Add QDriveInfo class  Change-Id: Ibf9c2e6b53ef39c5605894a4422acdbbca4030c4
127127,qt%2Fqtbase~5.4~Ibf9c2e6b53ef39c5605894a4422acdbbca4030c4,https://codereview.qt-project.org/73945,27,507,706,0,68121,1766,92,8,5830.31472222222,74,,,,,Add the QStorageInfo class,Add QDriveInfo class  Change-Id: Ibf9c2e6b53ef39c5605894a4422acdbbca4030c4
127127,qt%2Fqtbase~5.4~Ibf9c2e6b53ef39c5605894a4422acdbbca4030c4,https://codereview.qt-project.org/73945,27,507,706,0,68121,1766,92,8,5830.31472222222,74,,,,,Add the QStorageInfo class,Add QDriveInfo class  Change-Id: Ibf9c2e6b53ef39c5605894a4422acdbbca4030c4
127127,qt%2Fqtbase~5.4~Ibf9c2e6b53ef39c5605894a4422acdbbca4030c4,https://codereview.qt-project.org/73945,27,507,706,0,68121,1766,92,8,5830.31472222222,74,,,,,Add the QStorageInfo class,Add QDriveInfo class  Change-Id: Ibf9c2e6b53ef39c5605894a4422acdbbca4030c4
79801,qt%2Fqtbase~dev~If30ac089dd3e9f8c67ebd642bde10cfa960893bb,https://codereview.qt-project.org/149202,14,513,2542,0,111336,82,132,3,3160.14166666667,109,,,,,Let qmake do most of the work of configuring Qt,WIP: rework configure tests to be run through configure  Change-Id: If30ac089dd3e9f8c67ebd642bde10cfa960893bb
79801,qt%2Fqtbase~dev~If30ac089dd3e9f8c67ebd642bde10cfa960893bb,https://codereview.qt-project.org/149202,14,513,2542,0,111336,82,132,3,3160.14166666667,109,,,,,Let qmake do most of the work of configuring Qt,WIP: rework configure tests to be run through configure  Change-Id: If30ac089dd3e9f8c67ebd642bde10cfa960893bb
79801,qt%2Fqtbase~dev~If30ac089dd3e9f8c67ebd642bde10cfa960893bb,https://codereview.qt-project.org/149202,14,513,2542,0,111336,82,132,3,3160.14166666667,109,,,,,Let qmake do most of the work of configuring Qt,WIP: rework configure tests to be run through configure  Change-Id: If30ac089dd3e9f8c67ebd642bde10cfa960893bb
79801,qt%2Fqtbase~dev~If30ac089dd3e9f8c67ebd642bde10cfa960893bb,https://codereview.qt-project.org/149202,14,513,2542,0,111336,82,132,3,3160.14166666667,109,,,,,Let qmake do most of the work of configuring Qt,WIP: rework configure tests to be run through configure  Change-Id: If30ac089dd3e9f8c67ebd642bde10cfa960893bb
33975,qt%2Fqt5~dev~Ief2a8b00a95cb24dd75d25d1a7ed98a5a7cbbf9f,https://codereview.qt-project.org/275961,6,533,0,0,5573431,78,156,39,4035.73361111111,90,,,,,Update submodules on 'dev' in qt/qt5,Update submodules on 'dev' in qt/qt5  Change-Id: Ief2a8b00a95cb24dd75d25d1a7ed98a5a7cbbf9f
33975,qt%2Fqt5~dev~Ief2a8b00a95cb24dd75d25d1a7ed98a5a7cbbf9f,https://codereview.qt-project.org/275961,6,533,0,0,5573431,78,156,39,4035.73361111111,90,,,,,Update submodules on 'dev' in qt/qt5,Update submodules on 'dev' in qt/qt5  Change-Id: Ief2a8b00a95cb24dd75d25d1a7ed98a5a7cbbf9f
33975,qt%2Fqt5~dev~Ief2a8b00a95cb24dd75d25d1a7ed98a5a7cbbf9f,https://codereview.qt-project.org/275961,6,533,0,0,5573431,78,156,39,4035.73361111111,90,,,,,Update submodules on 'dev' in qt/qt5,Update submodules on 'dev' in qt/qt5  Change-Id: Ief2a8b00a95cb24dd75d25d1a7ed98a5a7cbbf9f
33975,qt%2Fqt5~dev~Ief2a8b00a95cb24dd75d25d1a7ed98a5a7cbbf9f,https://codereview.qt-project.org/275961,6,533,0,0,5573431,78,156,39,4035.73361111111,90,,,,,Update submodules on 'dev' in qt/qt5,Update submodules on 'dev' in qt/qt5  Change-Id: Ief2a8b00a95cb24dd75d25d1a7ed98a5a7cbbf9f
127388,qt%2Fqtbase~dev~I244c8ccc002909af03987a2df052734d1a8621a9,https://codereview.qt-project.org/82170,15,569,555,0,146716,696,83,11,3202.78833333333,105,,,,,Long live QVersionNumber!,Added QVersion  Added the QVersion class to QtCore.  Change-Id: I244c8ccc002909af03987a2df052734d1a8621a9
127388,qt%2Fqtbase~dev~I244c8ccc002909af03987a2df052734d1a8621a9,https://codereview.qt-project.org/82170,15,569,555,0,146716,696,83,11,3202.78833333333,105,,,,,Long live QVersionNumber!,Added QVersion  Added the QVersion class to QtCore.  Change-Id: I244c8ccc002909af03987a2df052734d1a8621a9
127388,qt%2Fqtbase~dev~I244c8ccc002909af03987a2df052734d1a8621a9,https://codereview.qt-project.org/82170,15,569,555,0,146716,696,83,11,3202.78833333333,105,,,,,Long live QVersionNumber!,Added QVersion  Added the QVersion class to QtCore.  Change-Id: I244c8ccc002909af03987a2df052734d1a8621a9
127388,qt%2Fqtbase~dev~I244c8ccc002909af03987a2df052734d1a8621a9,https://codereview.qt-project.org/82170,15,569,555,0,146716,696,83,11,3202.78833333333,105,,,,,Long live QVersionNumber!,Added QVersion  Added the QVersion class to QtCore.  Change-Id: I244c8ccc002909af03987a2df052734d1a8621a9
96924,qt%2Fqtquickcontrols2~dev~Ia3a98b616479b818c96c232a0329750023079642,https://codereview.qt-project.org/318565,8,649,30,6,131736,463,225,11,5304.67083333333,109,,,,,Add QtQuick.Dialogs,WIP: Add non-native FileDialog  Task-number: QTBUG-87737 Change-Id: Ia3a98b616479b818c96c232a0329750023079642
96924,qt%2Fqtquickcontrols2~dev~Ia3a98b616479b818c96c232a0329750023079642,https://codereview.qt-project.org/318565,8,649,30,6,131736,463,225,11,5304.67083333333,109,,,,,Add QtQuick.Dialogs,WIP: Add non-native FileDialog  Task-number: QTBUG-87737 Change-Id: Ia3a98b616479b818c96c232a0329750023079642
96924,qt%2Fqtquickcontrols2~dev~Ia3a98b616479b818c96c232a0329750023079642,https://codereview.qt-project.org/318565,8,649,30,6,131736,463,225,11,5304.67083333333,109,,,,,Add QtQuick.Dialogs,WIP: Add non-native FileDialog  Task-number: QTBUG-87737 Change-Id: Ia3a98b616479b818c96c232a0329750023079642
96924,qt%2Fqtquickcontrols2~dev~Ia3a98b616479b818c96c232a0329750023079642,https://codereview.qt-project.org/318565,8,649,30,6,131736,463,225,11,5304.67083333333,109,,,,,Add QtQuick.Dialogs,WIP: Add non-native FileDialog  Task-number: QTBUG-87737 Change-Id: Ia3a98b616479b818c96c232a0329750023079642
122463,qt-creator%2Fqt-creator~master~If227f9c48d0b5f409d22233af8c43ae376f343f9,https://codereview.qt-project.org/97079,4,3,0,0,96,19,2,1,0.830555555555556,222,,,,,MacroExpander: Add variables for date and time,"MacroExpander: Add variables for date and time  The expander is used in the wizards, and being able to specify timestamps is something many people requested at devdays.  Change-Id: If227f9c48d0b5f409d22233af8c43ae376f343f9"
147490,qt%2Fqtserialport~stable~I7adf29527c01ad331d3eeff5ae4c5a4113bde083,https://codereview.qt-project.org/69757,4,85,38,0,12512,1071,12,11,147.771111111111,107,,,,,Replace the home-grown QTtyLocker with QLockFile,WIP: Replace the home-grown QTtyLocker with QLockFile  Change-Id: I7adf29527c01ad331d3eeff5ae4c5a4113bde083
132489,qt%2Fqtbase~stable~I9d5747bc329b5ecc15acd2eb3139696931166c6f,https://codereview.qt-project.org/86170,7,15,5,0,1262,73,5,7,123.723888888889,287,,,,,doc: Updated Qt D-Bus Examples.,doc: Updated Qt D-Bus Examples.  -transferred group page from qtdoc repository -added description in example pages -set the example documentation to use the standard Qt thumbnail -added an entry in the help index for the example page  Change-Id: I9d5747bc329b5ecc15acd2eb3139696931166c6f
260232,qt%2Fqtbase~dev~I0637ee765053a30ac3666f33c4d8f59c5ae9aa84,https://codereview.qt-project.org/233363,6,24,1,0,89458,2,2,1,8480.77944444444,129,,,,,doc: Mark QGradient::Preset enum as internal until we can ignore its values,doc: Mark QGradient::Preset enum as internal until we can ignore its values  Change-Id: I0637ee765053a30ac3666f33c4d8f59c5ae9aa84
120376,qt-creator%2Fqt-creator~3.3~I168831b24bcece5ef825825c448edf684f4f536d,https://codereview.qt-project.org/99700,5,3,0,0,96,5,2,1,0.159722222222222,124,,,,,Limit length of file names in DiffEditorDocument::suggestedFileName().,Limit length of file names in DiffEditorDocument::suggestedFileName().  Change-Id: I168831b24bcece5ef825825c448edf684f4f536d
110714,qt-creator%2Fqt-creator~at-3.4~Ib8ae9244bb282a10f1696de8f82469474fb0498d,https://codereview.qt-project.org/134443,3,3,0,0,96,6,2,1,1.42861111111111,93,,,,,Don't reset class name for empty lines.,Don't reset class name for empty lines.  Change-Id: Ib8ae9244bb282a10f1696de8f82469474fb0498d
208747,qt%2Fqtdeclarative~master~I33e32c7747ff3153449a88b9c7d894807e7e4b9a,https://codereview.qt-project.org/6014,4,10,0,0,713,35,3,6,27.9369444444444,224,,,,,Don't call componentComplete() on a VDM until its view is complete.,Don't calling componentComplete() on a VDM until its view is complete.  This is more consistent with the behaviour you get when constructing a VisualDataModel explicitly.  Change-Id: I33e32c7747ff3153449a88b9c7d894807e7e4b9a
55145,qt%2Fqt5~5.6~I3ad1f23efaed80fab3e0778a3e8c46317138f1ad,https://codereview.qt-project.org/195714,6,18,0,0,6710,67,3,3,269.3025,288,,,,,Improve Postgresql installation on Windows,"Improve Postgresql installation on Windows  Similar to the mysql change (parent commit) it's faster to rename any older artifacts and install only what we need. This also generalizes the zip archive extraction code for ""dev"" packages.  Change-Id: I3ad1f23efaed80fab3e0778a3e8c46317138f1ad"
137931,qt-creator%2Fqt-creator~3.1~I00b0e32da56bef613220d98f9d99758b47b3daf5,https://codereview.qt-project.org/80767,3,7,0,0,275,56,3,1,1.59166666666667,113,,,,,Debugger: Simplify LLDB Qt namespace and version extraction,Debugger: Simplify LLDB Qt namespace and version extraction  Change-Id: I00b0e32da56bef613220d98f9d99758b47b3daf5
87865,qt-labs%2Fqt3d-editor~master~I176c5e62f4c8244cf5b4e462a3085fa41ceda787,https://codereview.qt-project.org/153500,4,4,0,0,122,8,2,1,4.08055555555556,87,,,,,Re-enabled shutting down renderer,Re-enabled shutting down renderer  Change-Id: I176c5e62f4c8244cf5b4e462a3085fa41ceda787
175946,qt%2Fqtbase~master~I07a2589db8252371e77cf925c47c4e59fbd1b2ca,https://codereview.qt-project.org/40381,8,22,1,0,2934,12,4,1,124.869722222222,367,,,,,revamp doc generation targets,"Add qch-docs target to generated Makefiles  This re-enables building .qch files by running the traditional 'make qch-docs'. This requires a working qhelpgenerator which is not part of of qtbase, but of qttools (assistant). Still, having the make target present and usable in case of a full Qt checkout is helpful.  Change-Id: I07a2589db8252371e77cf925c47c4e59fbd1b2ca"
192126,qt%2Fqtdeclarative~master~Ie3f47d3b4f60a1460dbb5d76a494a2c329469cc0,https://codereview.qt-project.org/19052,9,21,4,0,1853,14,4,6,1027.32277777778,366,,,,,Enabled widget free compilation of QtQuick,Enabled widget free compilation of QtQuick  There is no hard dependency of QtQuick on QWidget. This change makes the minor adjustments required to remove the build dependency altogether. This patch follows the path of least resistance bypassing any elements with a dependency on the legacy QWidget functionality.  Change-Id: Ie3f47d3b4f60a1460dbb5d76a494a2c329469cc0
279296,qt-creator%2Fplugin-pythonextensions~master~I7d9bcfc8f5a7faa5cd9f5aa0927f43769be5ce51,https://codereview.qt-project.org/239770,5,3,0,0,96,10,2,1,16.8144444444444,182,,,,,Make About Python Extensions a nice Qt Creator action,Make About Python Extensions a nice Qt Creator action  And fix its position on macOS where it should be in the application menu.  Change-Id: I7d9bcfc8f5a7faa5cd9f5aa0927f43769be5ce51
41298,pyside%2Fpyside-setup~6.1~Idf8dbf857f6dde76f80a78f581dacb3cf5fea16b,https://codereview.qt-project.org/352472,3,6,0,0,669,3,2,1,2.49944444444444,490,,,,,Fix error about not holding the GIL when releasing QImage memory,"Fix error about not holding the GIL when releasing QImage memory  Fix: ""Fatal Python error: Python memory allocator called without holding the GIL"" when running sources/pyside6/tests/QtWidgets/qimage_test.py  Acquire the GIL for releasing.  Amends a97698f0a5d011fd206db94cf73dba6353f39b29.  Task-number: PYSIDE-1563 Change-Id: Idf8dbf857f6dde76f80a78f581dacb3cf5fea16b Reviewed-by: Christian Tismer <tismer@stackless.com> (cherry picked from commit 039776b1af905ab90ab49f6986214450e8099882)"
65116,qt%2Fqtdeclarative~5.8~If4308195b05255a49a06184cab3db88ec9532f76,https://codereview.qt-project.org/183084,3,4,0,0,405,2,2,1,38.8208333333333,81,,,,,Fix build without qml-debug,Fix build without qml-debug  Change-Id: If4308195b05255a49a06184cab3db88ec9532f76
263987,qt%2Fqtdeclarative~dev~Ibc00e8fbe31b779f8e817af1505e76425467d27a,https://codereview.qt-project.org/261111,4,50,13,0,6489,51,13,2,194.95,340,,,,,Add snapMode to DragHandler,"Add snapMode to DragHandler  This changes snap behaviour slightly. Basically, it does not snap anymore if the target() item is an ancestor of the parentItem().  In addition, we add a property that enables users to change the behavior. (SnapWhenPressedOutsideTarget had the old behavior)  Change-Id: Ibc00e8fbe31b779f8e817af1505e76425467d27a"
194827,qt%2Fqtdoc~master~Idc8fcf0f29c1b36ea68d0f78720a50e5b0d40c87,https://codereview.qt-project.org/19973,3,3,0,0,185,2,1,1,49.9086111111111,80,,,,,Update path to moved file.,Update path to moved file.  Change-Id: Idc8fcf0f29c1b36ea68d0f78720a50e5b0d40c87
253740,pyside%2Fpyside-setup~5.13~I51d4d77c99bd18eed2e31d2ab21143c0f4e2ea6c,https://codereview.qt-project.org/272218,9,37,0,0,4089,5,9,1,105.113611111111,252,,,,,Fix heaptype conflict with QtCore.QObject.__new__in Python 2.7,Fix heaptype conflict with QtCore.QObject.__new__in Python 2.7  The generated metatype in SbkObjectTypeTpNew needs to be patched the same way as SbkObjectType_TypeF in PYSIDE-816.  Change-Id: I51d4d77c99bd18eed2e31d2ab21143c0f4e2ea6c Fixes: PYSIDE-1051
199863,qt%2Fqt3d~qt4~I18ba1dbb3236b6596f9886b165f93135f761ae89,https://codereview.qt-project.org/14809,3,6,0,0,349,29,2,1,0.220555555555556,113,,,,,QTBUG-23551. Model is copied to the dir where QML is saved.,QTBUG-23551. Model is copied to the dir where QML is saved.  Change-Id: I18ba1dbb3236b6596f9886b165f93135f761ae89
268550,qt%2Fqtbase~wip%2Fcmake~I20c9002a31aa4d7e64c1c59d8d67118774da337c,https://codereview.qt-project.org/255082,3,3,0,0,96,2,2,1,0.660277777777778,260,,,,,Fix build,"Fix build  There is no more internal function for adding general linker flags. Let's use the appropriate cmake function right away, regardless of the compiler choice. This is also how global.pri handled it.  Change-Id: I20c9002a31aa4d7e64c1c59d8d67118774da337c"
103776,qt%2Fqt3d~5.5~Ife9e6572349ffbb14c95e75b12d35f8800612f32,https://codereview.qt-project.org/122561,3,16,0,0,562,156,6,3,156.078611111111,83,,,,,Unit tests for RenderGeometry,Unit tests for RenderGeometry  Change-Id: Ife9e6572349ffbb14c95e75b12d35f8800612f32
236783,qt%2Fqtwebengine-chromium~77-based~I6f700e0776c082cec82e1b1c8731d77a26f783d1,https://codereview.qt-project.org/293168,4,4,0,0,189,29,2,5,0.766388888888889,449,,,,,FIXUP: Fix build with gcc 5,"FIXUP: Fix build with gcc 5  Restore tracing service.  Seems std::tuple in gcc 5 does not support direct construction of the elements, so instead the elements have to be convertible and movable.  Task-number: QTBUG-81767 Change-Id: I6f700e0776c082cec82e1b1c8731d77a26f783d1 Reviewed-by: Allan Sandfeld Jensen <allan.jensen@qt.io> Reviewed-by: Kirill Burtsev <kirill.burtsev@qt.io> (cherry picked from commit 468c292d227f555b929911c533db2e465a1489a0)"
215095,qt-apps%2Fboot2qt-demos~dev~Iab54d7582bdd9c39fca95dfa0bb8637d5ea14e81,https://codereview.qt-project.org/319030,6,16,19,2,676,506,6,13,45.9083333333333,259,,,,,startupscreen: enable usb mode switch,"startupscreen: enabled usb mode switch  The USB botton can be used switch the USB Ethernet driver mode between cdcecm and rndir to work with Linux, Windows and macOS host machines.  Task-number: QTBUG-87857 Change-Id: Iab54d7582bdd9c39fca95dfa0bb8637d5ea14e81"
185549,qt%2Fqt5compat~dev~I6ee248a56e347a4724689960500f444971be71c2,https://codereview.qt-project.org/323959,2,6,0,0,1279,2,2,1,0.448333333333333,98,,,,,Update dependencies on 'dev' in qt/qt5compat,Update dependencies on 'dev' in qt/qt5compat  Change-Id: I6ee248a56e347a4724689960500f444971be71c2
259845,qt%2Fqtbase~dev~I8a04fbaea5847c95b6ec6e73396304ab4debd35b,https://codereview.qt-project.org/239136,15,38,18,0,3042,15,6,1,6731.94138888889,245,,,,,Clarify behavior of QCoreApplication::processEvents,"Clarify behavior of QCoreApplication::processEvents  The overload that takes a maxtime (now duration) was buggy, but we can't change its behavior, so instead we clarify what it actually does.  Change-Id: I8a04fbaea5847c95b6ec6e73396304ab4debd35b"
157417,qt%2Fqtbase~dev~I04e3b016018221a405dd7da1fd455e0ede2233fd,https://codereview.qt-project.org/60402,4,11,2,0,696,73,2,3,42.3530555555556,311,,,,,QColorDialog: don't create widgets if the platform dialog will be used,"QColorDialog: don't create widgets if the platform dialog will be used  It will save memory and also prevent bugs where it's assumed that if the widgets exist, they should be painted, maintained and/or used as a current value store.  Task-number: QTBUG-31998 Change-Id: I04e3b016018221a405dd7da1fd455e0ede2233fd"
150136,qt-creator%2Fqt-creator~3.0~Iec777d4fcf86f1807e17a5be777698b64ce15555,https://codereview.qt-project.org/67176,4,12,1,0,1023,565,4,12,159.183333333333,91,,,,,WelcomePage: redesign of welcome page,WelcomePage: redesign of welcome page  Change-Id: Iec777d4fcf86f1807e17a5be777698b64ce15555
131074,qt%2Fqtbase~5.3~Ibf2c2cb7287a4332d69aa81080a37aab4327677d,https://codereview.qt-project.org/87930,6,10,0,0,904,13,2,2,29.2552777777778,628,,,,,Remove the use of QT_STATIC_CONST in QtSql,"Remove the use of QT_STATIC_CONST in QtSql  There doesn't seem to be any reason why the macro is actually necessary. My guess is that someone wrote the code on Windows without ""const"", then it failed to compile everywhere else. Instead of fixing the code by adding the ""const"", the developer must have added this macro.  Microsoft Visual Studio mangles the constness of the variable, so we can't remove it now from existing compilers. But we can for the new version.  This is also required to compile QtSql with the MSVC option /Zc:strictStrings, which is enabled in Qt 5.4.  Change-Id: Ibf2c2cb7287a4332d69aa81080a37aab4327677d"
2756,qt%2Fqt3d~dev~I70c24b244b0a703bc121186f68f102a16db936cf,https://codereview.qt-project.org/211377,1,2,0,0,37,0,1,0,68.0802777777778,105,,,,,Merge remote-tracking branch 'origin/5.10' into dev,Merge remote-tracking branch 'origin/5.10' into dev  Change-Id: I70c24b244b0a703bc121186f68f102a16db936cf
124370,qt%2Fqtbase~5.3~I80019f705edcf3b5f974af72ef86b45546582210,https://codereview.qt-project.org/90744,4,10,1,0,417,2,3,1,1184.98083333333,89,,,,,QWindowsWindow: Fixed warning text,QWwindowsWindow: Fixed warning text  Change-Id: I80019f705edcf3b5f974af72ef86b45546582210
66026,qt%2Fqtbase~dev~Ic0b99d25c4168f623d31967bc60665c0c4f38a14,https://codereview.qt-project.org/145873,5,40,4,0,6038,32,8,1,8740.795,594,,,,,Simplify fileTimeToQDateTime() by having it return a UTC time,"Simplify fileTimeToQDateTime() by having it return a UTC time.  This avoids so many complications.  The prior code, using SystemTimeToTzSpecificLocalTime(), lead to unhelpful results when the QDateTime() implementation used MS-POSIX's defective mktime(). Although SystemTimeToTzSpecificLocalTime() is actually more correct, we were getting inconsistent results by mixing the two: and eliminating the use of mktime() turns out to be decidedly tricky.  So, to avoid inconsistency, stick with a UTC time (which is what FILETIME is defined as).  Change-Id: Ic0b99d25c4168f623d31967bc60665c0c4f38a14"
130530,qt%2Fqt3d~wip%2Fnewapi~I8a874ae6bf19f3948949e1945dd1462efcda2e74,https://codereview.qt-project.org/88160,2,16,0,0,478,39,8,1,102.825833333333,88,,,,,Corrected doc in QResourcesManager,Corrected doc in QResourcesManager  Change-Id: I8a874ae6bf19f3948949e1945dd1462efcda2e74
85014,qt%2Fqtquickcontrols2~5.7~Ida964c89cc2f508823e606e46ce86d87bb96e61d,https://codereview.qt-project.org/156642,2,4,0,0,899,138,2,1,1.19916666666667,86,,,,,Update qtquickcontrols2.metainfo,Update qtquickcontrols2.metainfo  Change-Id: Ida964c89cc2f508823e606e46ce86d87bb96e61d
67746,qt%2Fqtwayland~dev~I67fa756f584577028a90706609bc6485ee98b126,https://codereview.qt-project.org/179335,5,4,0,0,411,6,2,1,3.98916666666667,91,,,,,Fix broken HEADERS list in client.pro,Fix broken HEADERS list in client.pro  Change-Id: I67fa756f584577028a90706609bc6485ee98b126
31700,qt%2Fqtbase~master~I998913ee340a6317ecf5a7f3f1388d15744e4ccc,https://codereview.qt-project.org/20580,1,2,0,0,57,30,1,1,0.0161111111111111,99,,,,,Avoid glyph rendering with FT when not needed,Avoid glyph rendering with FT when not needed  Change-Id: I998913ee340a6317ecf5a7f3f1388d15744e4ccc
274648,qt-creator%2Fqt-creator~master~I3d8a79b59822f9d13f90730b770121dbf582da84,https://codereview.qt-project.org/246478,3,7,2,0,195,8,3,4,162.461944444444,90,,,,,PythonEditor: Modernize,PythonEditor: Modernize  modernize-*  Change-Id: I3d8a79b59822f9d13f90730b770121dbf582da84
3902,qt%2Fqt3d~5.8~Ia8123265389bad8fe9568ada3c7e779f5aa5c8cb,https://codereview.qt-project.org/170622,4,47,0,0,1282,198,23,3,9176.26555555556,171,,,,,Render: add a CacheTableManager,Render: add a CacheTableManager  Will contain all the cache tables needed to accelerate filtering results lookups ...  Change-Id: Ia8123265389bad8fe9568ada3c7e779f5aa5c8cb
41816,qt%2Fqtquick3d~6.1~I2ad5a805891da520086e3bfee0d89d8da8b1a1b7,https://codereview.qt-project.org/341279,3,8,0,0,723,4,2,1,2.45194444444444,207,,,,,Add documentation for morph target attributes,Add documentation for morph target attributes  Change-Id: I2ad5a805891da520086e3bfee0d89d8da8b1a1b7 Reviewed-by: Inho Lee <inho.lee@qt.io> (cherry picked from commit 31e6d4f3284b984191f219808ed3822d37b32506)
257885,qt%2Fqtdoc~dev~Iad4dae17eeb93685cc7d3e77504c2331cfbc59bc,https://codereview.qt-project.org/345717,2,6,0,0,953,6,2,1,0.331111111111111,94,,,,,Update dependencies on 'dev' in qt/qtdoc,Update dependencies on 'dev' in qt/qtdoc  Change-Id: Iad4dae17eeb93685cc7d3e77504c2331cfbc59bc
142310,qt%2Fqtdeclarative~stable~Iea90b93672c34f8a4b56e9afc4dbfb82cc993548,https://codereview.qt-project.org/76130,4,5,0,0,387,17,1,3,1.20694444444444,217,,,,,Make compile on DragonFly BSD.,Make compile on DragonFly BSD.  [ChangeLog][Platform Specific Changes][BSD] Fixed compile errors on DragonFly BSD and potentially FreeBSD.  Task-number: QTBUG-35867 Change-Id: Iea90b93672c34f8a4b56e9afc4dbfb82cc993548
272036,qt-creator%2Fqt-creator~master~I9a1ee2d902e672b4a066852b45d92e42ad385114,https://codereview.qt-project.org/250392,4,3,0,0,96,1,2,1,65.9166666666667,90,,,,,QmlDesigner: remove not used include,QmlDesigner: remove not used include  Change-Id: I9a1ee2d902e672b4a066852b45d92e42ad385114
240933,yocto%2Fmeta-qt5~lts-5.15~I19a5398b5976b73e96e3fdcadad8257e2aab069a,https://codereview.qt-project.org/353154,3,6,0,0,494,6,2,3,0.758611111111111,115,,,,,qt5: update submodules for LTS 5.15.5,qt5: update submodules for LTS 5.15.5  Task-number: QTBUG-9379 Change-Id: I19a5398b5976b73e96e3fdcadad8257e2aab069a
240631,qt%2Fqtbase~dev~I7c45cc4c9e1c6e109db7cf7d926a250592798972,https://codereview.qt-project.org/352582,4,23,4,0,2122,23,7,1,169.168888888889,383,,,,,JNI: state that findClass() returns a global ref,"JNI: avoid returning a global ref from QJniEnvironemnt::findClass()  findClass() can be be used to return a jclass object and make sure exceptions are handled at once, but the current call was returning a global ref which is not needed in most cases, for when a global ref is needed QJniObject::objectClass() can be used instead.  Change-Id: I7c45cc4c9e1c6e109db7cf7d926a250592798972"
205886,qt%2Fqtbase~master~Idbcec617509459b80965220ceb07b17737649bbf,https://codereview.qt-project.org/8199,3,5,0,0,403,69,1,9,87.6097222222222,378,,,,,Fix subpixel positioning support,"Fix subpixel positioning support  Move subpixelPositionForX from QTextureGlyphCache to QFontEngine, since some font engines like QFontEngineFT may need a custom implementation or tweak it a little bit.  In QRasterPaintEngine::drawCachedGlyphs, do not add aliasedCoodinate to x offset as that will break subpixel positioning.  Change-Id: Idbcec617509459b80965220ceb07b17737649bbf"
174815,qt%2Fqtbase~5.15~I9146129b1f772c3b028ae782f189aa4421f64b73,https://codereview.qt-project.org/323338,3,21,2,0,51547,12,4,1,180.281388888889,234,,,,,Add the Qt 6.0 deprecation macros,Add the Qt 6.0 deprecation macros  Will need to port QVariant to it.  Change-Id: I9146129b1f772c3b028ae782f189aa4421f64b73 Reviewed-by: Lars Knoll <lars.knoll@qt.io> (cherry picked from commit dac9548a67364eb1edd9ed6805369deac67ab9b1)
208479,qt-creator%2Fqt-creator~2.4~I32c7c2ce1e4c887638ca2b5c716c3b812b057913,https://codereview.qt-project.org/6437,2,3,0,0,163,7,1,1,0.139166666666667,88,,,,,Gdb: Fix label in AttachCoreDialog,Gdb: Fix label in AttachCoreDialog  Change-Id: I32c7c2ce1e4c887638ca2b5c716c3b812b057913
68462,qt-creator%2Fqt-creator~master~I81e7e3eb5e7c4a35d0b9730c567c7ef9dfa49094,https://codereview.qt-project.org/178301,4,3,0,0,96,2,2,1,0.7075,95,,,,,Scxml: Initialize members in WarningModel,Scxml: Initialize members in WarningModel  Change-Id: I81e7e3eb5e7c4a35d0b9730c567c7ef9dfa49094
253832,qt-apps%2Fneptune3-ui~5.13~I2a15948dd212e03f7eb75fc899955a9dde8d339f,https://codereview.qt-project.org/272412,3,4,0,0,182,2,2,1,3.67833333333333,83,,,,,[doc] qsr integration doc fix,[doc] qsr integration doc fix  Change-Id: I2a15948dd212e03f7eb75fc899955a9dde8d339f
124759,pyside%2Fpyside-setup~dev~Ifb0d92bf7641f2909ab950e3458b3c3c68c20dad,https://codereview.qt-project.org/331031,3,12,1,0,1177,85,3,8,3.77722222222222,496,,,,,"signature: Provide fixes and improvements, Part 1","signature: Provide fixes and improvements, Part 1  The signature module is modified again to be more correct when using the mypy application.  This part splits some changes which occured  when working on Shiboken.Enum inheritance.  There will be a number of follow-ups:  - signatures for all shiboken types - test cases for signatures - signature support for different __feature__ selections  Change-Id: Ifb0d92bf7641f2909ab950e3458b3c3c68c20dad Pick-to: 6.0 Pick-to: 5.15 Task-number: PYSIDE-510"
253023,qt%2Fqtivi~5.13~I2a2bce686154e2659df997a0f3e09a6bfbd571d7,https://codereview.qt-project.org/273806,3,6,1,0,785,8,2,4,0.944722222222222,275,,,,,ivigenerator: Add a '_simulation' as the postfix for the generated resource files,"ivigenerator: Add a '_simulation' as the postfix for the generated resource files  Generating a file called ""main.qrc"" has some strange side effects during compilation. Making sure the file has a postfix circumvents this.  Change-Id: I2a2bce686154e2659df997a0f3e09a6bfbd571d7"
155227,qt%2Fqtcharts~master~Ie111d8b42e017d0a514ca773bc8a714295d1eaa2,https://codereview.qt-project.org/116640,3,9,2,0,455,51,3,3,1.1475,328,,,,,Improve theme initialization performance for bar series,Improve theme initialization performance for bar series  The bar series are not updated while the theme is initialized. The update will be done after the theme is ready. This reduces the time spent to initialize the theme from seconds to milliseconds.  Task-number: QTRD-2163 Change-Id: Ie111d8b42e017d0a514ca773bc8a714295d1eaa2
48791,qt-creator%2Fqt-creator~master~I1ae77869887a8d9ef2a33439f2733315db9e0cf0,https://codereview.qt-project.org/205910,3,7,1,0,214,569,2,5,0.176111111111111,203,,,,,Merge remote-tracking branch 'origin/4.4',Merge remote-tracking branch 'origin/4.4'   Conflicts: 	src/plugins/debugger/debuggerdialogs.cpp 	src/plugins/debugger/gdb/remotegdbserveradapter.cpp  Change-Id: I1ae77869887a8d9ef2a33439f2733315db9e0cf0
257553,qt%2Fqtbase~dev~Ie75b2e0f2a77033ce0455d7ee3304193aa6e511c,https://codereview.qt-project.org/267099,3,6,0,0,763,2,3,1,24.8680555555556,146,,,,,Do not access invalid QAccessibleInterface,Do not access invalid QAccessibleInterface  Noticed this when running Qt Creator against dev  Change-Id: Ie75b2e0f2a77033ce0455d7ee3304193aa6e511c
280433,qt%2Fqtwebengine-chromium~69-based~Ib58212c84636873add55b0fea955fb3613d6bee6,https://codereview.qt-project.org/238897,3,3,0,0,107,19,2,7,1.72861111111111,84,,,,,FIXUP: Remove gtk dependencies,FIXUP: Remove gtk dependencies  Change-Id: Ib58212c84636873add55b0fea955fb3613d6bee6
106963,qt%2Fqt3d~5.5.0~I7f0c2b2e27e88eee6cb686f5ae55c78b73ea27d3,https://codereview.qt-project.org/113952,7,6,0,0,441,302,2,14,27.1122222222222,218,,,,,Make QAspectJobManager and base class private,Make QAspectJobManager and base class private  Prevents leaking of private headers and allows use of QT3DCORE_PRIVATE_EXPORT for use with the job manager unit test.  Change-Id: I7f0c2b2e27e88eee6cb686f5ae55c78b73ea27d3
80426,qt%2Fqttools~6.0~I498f4df7eb448962d73914875fc4f23f94a0f257,https://codereview.qt-project.org/336339,2,6,1,0,878,4,2,1,0.530555555555556,96,,,,,Update dependencies on '6.0' in qt/qttools,Update dependencies on '6.0' in qt/qttools  Change-Id: I498f4df7eb448962d73914875fc4f23f94a0f257
201376,qt%2Fqtsensors~master~I6ac9f040d226bb648ede5459df2c26b82feff587,https://codereview.qt-project.org/12755,3,33,3,0,1757,240,8,10,51.3386111111111,159,,,refactoring/,refactor|,alwaysOn for QtSensors 5.0 sensors,alwaysOn for QtSensors 5.0 sensors  refactor the enabled and alwaysOn properties into a common base class  Change-Id: I6ac9f040d226bb648ede5459df2c26b82feff587
282739,qt%2Fqtdeclarative~dev~I9af330498412e76904fcf46e779d5d4b9233e9f0,https://codereview.qt-project.org/235225,3,6,0,0,2230,12,2,1,34.1916666666667,244,,,,,TapHandler docs: correct parent Item links,"TapHandler docs: correct parent Item links  There is a parentItem() accessor, but the property name is parent. Correction to 8048eed4142e1566bff8e4ca4bfd48c7a8adb8c8  Task-number: QTBUG-65089 Change-Id: I9af330498412e76904fcf46e779d5d4b9233e9f0"
209119,qt%2Fqtbase~master~I5faa8690a05d6ec352fc69c0b69848539f2ed216,https://codereview.qt-project.org/5460,7,10,0,0,687,150,2,35,118.9375,98,,,,,Make qtbase build with Qt-in-namespace again,Make qtbase build with Qt-in-namespace again  Change-Id: I5faa8690a05d6ec352fc69c0b69848539f2ed216
241183,qt%2Fqtmqtt~6.1~If7c460113058112b20bc36338a4d3b2331a8bc4d,https://codereview.qt-project.org/347848,2,6,1,0,1280,4,2,1,0.290555555555556,95,,,,,Update dependencies on '6.1' in qt/qtmqtt,Update dependencies on '6.1' in qt/qtmqtt  Change-Id: If7c460113058112b20bc36338a4d3b2331a8bc4d
172567,qtqa%2Ftestconfig~master~I53bcc6584c00951af3f24d889def5a2a24a24310,https://codereview.qt-project.org/44461,2,4,0,0,953,4,1,4,0.0388888888888889,179,,,,,"QtActiveQt, QtGraphicalEffects, QtSvg, QtTools: set some configs enforcing","QtActiveQt, QtGraphicalEffects, QtSvg, QtTools: set some configs enforcing  These are passing.  Make sure they stay that way.  Change-Id: I53bcc6584c00951af3f24d889def5a2a24a24310"
272939,pyside%2Fpyside-setup~dev~If2d6bd614adb0a101ad55d08a510887d02db10cd,https://codereview.qt-project.org/248964,2,4,0,0,424,-1,1,0,4.06722222222222,105,,,,,Merge remote-tracking branch 'origin/5.12' into dev,Merge remote-tracking branch 'origin/5.12' into dev  Change-Id: If2d6bd614adb0a101ad55d08a510887d02db10cd
203113,qt%2Fqtlocation~master~Iba0e37cf408af03f94021b324c550334c2817738,https://codereview.qt-project.org/11575,3,4,0,0,247,79,1,2,1.79777777777778,153,,,,,added route info tab in mapviewer,added route info tab in mapviewer  enabled moving Marker to another position enabled Route Info Tab  Change-Id: Iba0e37cf408af03f94021b324c550334c2817738
197584,qtqa%2Ftestconfig~master~Icb6d55f00adb494fe611f8841bbaf029725b861c,https://codereview.qt-project.org/17458,3,3,0,0,181,3,1,3,13.9352777777778,175,,,,,Remove qt.tests.insignificant from Ubuntu 11.10 x86 stage,"Remove qt.tests.insignificant from Ubuntu 11.10 x86 stage  The autotests are passing for qtjsondb, qtmultimedia and qtpim  Change-Id: Icb6d55f00adb494fe611f8841bbaf029725b861c"
37248,qt-creator%2Fqt-creator~4.10~I1bcd9063f848a21b0f861ba69ad0c753a6183eb6,https://codereview.qt-project.org/268327,2,4,0,0,190,2,1,1,21.8197222222222,208,,,,,Squish: Remove empty resource files from expected tree,"Squish: Remove empty resource files from expected tree  They will be hidden while ""Hide Empty Directories"" is the default.  Task-number: QTCREATORBUG-22755 Change-Id: I1bcd9063f848a21b0f861ba69ad0c753a6183eb6"
224117,qt%2Fqtquick3d~6.1~Ibf8396dfa4202c68333df1f3d3f5282fa36b8fd6,https://codereview.qt-project.org/349831,2,6,1,0,1101,6,2,1,0.841111111111111,98,,,,,Update dependencies on '6.1' in qt/qtquick3d,Update dependencies on '6.1' in qt/qtquick3d  Change-Id: Ibf8396dfa4202c68333df1f3d3f5282fa36b8fd6
99697,qt%2Fqtcanvas3d~5.6~I673844e6e94a2920b8348874862e55529586bd93,https://codereview.qt-project.org/127198,3,4,0,0,436,4,2,1,66.9952777777778,140,,,,,Fix crash when removing canvas from window and adding it back,Fix crash when removing canvas from window and adding it back  Change-Id: I673844e6e94a2920b8348874862e55529586bd93 Task-number: QTBUG-48547
11579,qt%2Fqtquick3d~dev~I2b31ca0e2ec692e9b3084fa47a38000408fbe8ac,https://codereview.qt-project.org/321960,2,6,0,0,414,2,2,1,23.3327777777778,117,,,,,WIP: Testrun change of return value type for JavaScript methods,WIP: Testrun change of return value type for JavaScript methods  Change-Id: I2b31ca0e2ec692e9b3084fa47a38000408fbe8ac
40599,qt%2Fqt5~6.2~I57363932aa461210cac806fa24cc2fe9b6951391,https://codereview.qt-project.org/353786,5,10,4,0,731,3,2,2,71.1263888888889,225,,,,,Restore qtmultimedia as a addon in qt5.git,Restore qtmultimedia as a addon in qt5.git  According to plan Qt Multimedia will be back in Qt 6.2 so let's add it in official builds  Task-number: QTBUG-93129 Pick-to: dev Change-Id: I57363932aa461210cac806fa24cc2fe9b6951391
258796,qt%2Fqt5~5.13.0~Ifbb5ecc4613319265a3378b60959fffc7301ae46,https://codereview.qt-project.org/265026,4,10,4,1,751,16,3,2,274.991111111111,307,,,,,Fix openssl 1.1 library configurations,Fix openssl 1.1 library configurations  Change-Id: Idcb919e5f388b509e4215cf5515c8716490d5872 Reviewed-by: Jani Heikkinen <jani.heikkinen@qt.io> Reviewed-by: Simo Fält <simo.falt@qt.io>  (cherry picked from commit de415914772b5ced911ec9f04738dab2ec355fc9) Change-Id: Ifbb5ecc4613319265a3378b60959fffc7301ae46
264234,qt%2Fqtsensors~5.13~I71deece5315cb9b29bd9bc72c3198c80c9d14442,https://codereview.qt-project.org/261389,2,6,0,0,1453,-1,1,0,72.2419444444444,106,,,,,Merge remote-tracking branch 'origin/5.12' into 5.13,Merge remote-tracking branch 'origin/5.12' into 5.13  Change-Id: I71deece5315cb9b29bd9bc72c3198c80c9d14442
55858,qt%2Fqtdoc~5.9.0~I2b4c9378f52e42cb68d26874504f739bed70451d,https://codereview.qt-project.org/195020,6,20,38,0,911,77,6,1,97.2958333333333,145,,,,,Document the caching of QML and how to create caches ahead of time,Document the caching of QML and how to create caches ahead of time  Task-number: QTBUG-58617 Change-Id: I2b4c9378f52e42cb68d26874504f739bed70451d
221830,qt%2Fqtbase~dev~I5774b8b91906f6191f2b1244a676c07e7eb15b47,https://codereview.qt-project.org/235362,7,40,24,1,4611,270,8,5,18124.5111111111,251,,,,,corelib/tools: Add QOffsetStringArray API,corelib/tools: Add QOffsetStringArray API  This function allow to generete array of offsets of substrings in a string at compile time. This produces less verbose and easier to maintain source code.  Change-Id: I5774b8b91906f6191f2b1244a676c07e7eb15b47
23349,qt%2Fqtwebengine~master~I853218b548ca0a6a01513a23cca8a4df300f51a6,https://codereview.qt-project.org/68007,2,3,0,0,407,335,1,14,1751.85027777778,80,,,,,WIP: QtQuick Context menus,WIP: QtQuick Context menus  Change-Id: I853218b548ca0a6a01513a23cca8a4df300f51a6
